[23:05:57] === CNRZombieMod v0.3.0 loaded ===
[23:05:57] === CNRZombieMod v0.3.0 loaded ===
[23:05:58] Proxy installed, wrapping PhotonHandler
[23:06:09] TryCachePrefab: scene=MultiplayerSelect
[23:06:09] FindSourcePrefab: Game.mInstance=null
[23:06:09] FindSourcePrefab: SingleEnemyManager.mInstance=null
[23:06:09] TryCachePrefab: no source found in MultiplayerSelect
[23:06:09] TryCachePrefab: scene=MultiplayerSelect
[23:06:09] FindSourcePrefab: Game.mInstance=null
[23:06:09] FindSourcePrefab: SingleEnemyManager.mInstance=null
[23:06:09] TryCachePrefab: no source found in MultiplayerSelect
[23:06:10] TryCachePrefab: scene=MultiplayerSelect
[23:06:10] FindSourcePrefab: Game.mInstance=null
[23:06:10] FindSourcePrefab: SingleEnemyManager.mInstance=null
[23:06:10] TryCachePrefab: no source found in MultiplayerSelect
[23:06:10] TryCachePrefab: scene=MultiplayerSelect
[23:06:10] FindSourcePrefab: Game.mInstance=null
[23:06:10] FindSourcePrefab: SingleEnemyManager.mInstance=null
[23:06:10] TryCachePrefab: no source found in MultiplayerSelect
[23:06:17] TryCachePrefab: scene=FreeRun3_1
[23:06:17] FindSourcePrefab: Game.mInstance=MainScene (Game)
[23:06:17] FindSourcePrefab: Game.enemyBot=Enemy3
[23:06:17] TryCachePrefab: template GO created from Enemy3
[23:07:59] Proxy installed, wrapping CnrPhotonListenerProxy
[23:08:01] === CNRZombieMod v0.3.0 loaded ===
[10:56:50] Proxy installed, wrapping CnrPhotonListenerProxy
[10:56:52] === CNRZombieMod v0.3.0 loaded ===
[10:59:37] Proxy installed, wrapping CnrPhotonListenerProxy
[10:59:39] === CNRZombieMod v0.3.0 loaded ===
[10:59:59] === CNRZombieMod v0.3.0 loaded ===
[11:00:02] === CNRZombieMod v0.3.0 loaded ===
[11:04:21] === CNRZombieMod v0.3.0 loaded ===
[11:04:21] === CNRZombieMod v0.3.0 loaded ===
[11:04:21] Proxy installed, wrapping PhotonHandler
[11:04:21] Diag: scene=MainMenu gameScene=False inRoom=False isMaster=False hasTemplate=False player=null spawned=False
[11:04:21] Diag: scene=MainMenu gameScene=False inRoom=False isMaster=False hasTemplate=False player=null spawned=False
[11:04:24] Diag: scene=MainMenu gameScene=False inRoom=False isMaster=False hasTemplate=False player=null spawned=False
[11:04:24] Diag: scene=MainMenu gameScene=False inRoom=False isMaster=False hasTemplate=False player=null spawned=False
[11:04:25] TryCachePrefab: scene=MultiplayerSelect
[11:04:25] FindSourcePrefab: Game.mInstance=null
[11:04:25] FindSourcePrefab: SingleEnemyManager.mInstance=null
[11:04:25] TryCachePrefab: no source found in MultiplayerSelect
[11:04:25] TryCachePrefab: scene=MultiplayerSelect
[11:04:25] FindSourcePrefab: Game.mInstance=null
[11:04:25] FindSourcePrefab: SingleEnemyManager.mInstance=null
[11:04:25] TryCachePrefab: no source found in MultiplayerSelect
[11:04:27] Diag: scene=MultiplayerSelect gameScene=False inRoom=False isMaster=False hasTemplate=False player=null spawned=False
[11:04:27] Diag: scene=MultiplayerSelect gameScene=False inRoom=False isMaster=False hasTemplate=False player=null spawned=False
[11:04:31] TryCachePrefab: scene=FreeRun3_1
[11:04:31] FindSourcePrefab: Game.mInstance=MainScene (Game)
[11:04:31] FindSourcePrefab: Game.enemyBot=Enemy3
[11:04:31] TryCachePrefab: template GO created from Enemy3
[11:04:31] Diag: scene=FreeRun3_1 gameScene=True inRoom=False isMaster=True hasTemplate=True player=ExampleCharacter spawned=False
[11:04:31] Diag: scene=FreeRun3_1 gameScene=True inRoom=False isMaster=True hasTemplate=True player=ExampleCharacter spawned=False
[11:04:34] Diag: scene=FreeRun3_1 gameScene=True inRoom=False isMaster=True hasTemplate=True player=ExampleCharacter spawned=False
[11:04:34] Diag: scene=FreeRun3_1 gameScene=True inRoom=False isMaster=True hasTemplate=True player=ExampleCharacter spawned=False
[11:04:37] Diag: scene=FreeRun3_1 gameScene=True inRoom=False isMaster=True hasTemplate=True player=ExampleCharacter spawned=False
[11:04:37] Diag: scene=FreeRun3_1 gameScene=True inRoom=False isMaster=True hasTemplate=True player=ExampleCharacter spawned=False
[11:04:40] Diag: scene=FreeRun3_1 gameScene=True inRoom=False isMaster=True hasTemplate=True player=ExampleCharacter spawned=False
[11:04:40] Diag: scene=FreeRun3_1 gameScene=True inRoom=False isMaster=True hasTemplate=True player=ExampleCharacter spawned=False
[11:04:42] Proxy installed, wrapping CnrPhotonListenerProxy
[11:04:43] Diag: scene=LoadingToMenu gameScene=False inRoom=False isMaster=False hasTemplate=True player=null spawned=False
[11:04:43] Diag: scene=LoadingToMenu gameScene=False inRoom=False isMaster=False hasTemplate=True player=null spawned=False
[11:04:44] === CNRZombieMod v0.3.0 loaded ===
[11:04:44] Diag: scene=MainMenu gameScene=False inRoom=False isMaster=False hasTemplate=True player=null spawned=False
[11:04:47] Diag: scene=MultiplayerSelect gameScene=False inRoom=False isMaster=False hasTemplate=True player=null spawned=False
[11:04:47] Diag: scene=MultiplayerSelect gameScene=False inRoom=False isMaster=False hasTemplate=True player=null spawned=False
[11:04:47] Diag: scene=MultiplayerSelect gameScene=False inRoom=False isMaster=False hasTemplate=True player=null spawned=False
[11:04:50] Diag: scene=MultiplayerSelect gameScene=False inRoom=False isMaster=False hasTemplate=True player=null spawned=False
[11:04:50] Diag: scene=MultiplayerSelect gameScene=False inRoom=False isMaster=False hasTemplate=True player=null spawned=False
[11:04:50] Diag: scene=MultiplayerSelect gameScene=False inRoom=False isMaster=False hasTemplate=True player=null spawned=False
[11:04:53] Diag: scene=FreeRun3_1 gameScene=True inRoom=False isMaster=True hasTemplate=True player=ExampleCharacter spawned=False
[11:04:53] Diag: scene=FreeRun3_1 gameScene=True inRoom=False isMaster=True hasTemplate=True player=ExampleCharacter spawned=False
[11:04:54] Diag: scene=FreeRun3_1 gameScene=True inRoom=False isMaster=True hasTemplate=True player=ExampleCharacter spawned=False
[11:04:56] Diag: scene=FreeRun3_1 gameScene=True inRoom=False isMaster=True hasTemplate=True player=ExampleCharacter spawned=False
[11:04:56] Diag: scene=FreeRun3_1 gameScene=True inRoom=False isMaster=True hasTemplate=True player=ExampleCharacter spawned=False
[11:04:57] Diag: scene=FreeRun3_1 gameScene=True inRoom=False isMaster=True hasTemplate=True player=ExampleCharacter spawned=False
[11:04:59] Diag: scene=FreeRun3_1 gameScene=True inRoom=False isMaster=True hasTemplate=True player=ExampleCharacter spawned=False
[11:04:59] Diag: scene=FreeRun3_1 gameScene=True inRoom=False isMaster=True hasTemplate=True player=ExampleCharacter spawned=False
[11:05:00] Diag: scene=FreeRun3_1 gameScene=True inRoom=False isMaster=True hasTemplate=True player=ExampleCharacter spawned=False
[11:05:02] Diag: scene=FreeRun3_1 gameScene=True inRoom=False isMaster=True hasTemplate=True player=ExampleCharacter spawned=False
[11:05:02] Diag: scene=FreeRun3_1 gameScene=True inRoom=False isMaster=True hasTemplate=True player=ExampleCharacter spawned=False
[11:05:03] Diag: scene=FreeRun3_1 gameScene=True inRoom=False isMaster=True hasTemplate=True player=ExampleCharacter spawned=False
[11:05:05] Diag: scene=FreeRun3_1 gameScene=True inRoom=False isMaster=True hasTemplate=True player=ExampleCharacter spawned=False
[11:05:05] Diag: scene=FreeRun3_1 gameScene=True inRoom=False isMaster=True hasTemplate=True player=ExampleCharacter spawned=False
[11:05:06] Diag: scene=FreeRun3_1 gameScene=True inRoom=False isMaster=True hasTemplate=True player=ExampleCharacter spawned=False
[11:05:08] Diag: scene=FreeRun3_1 gameScene=True inRoom=False isMaster=True hasTemplate=True player=ExampleCharacter spawned=False
[11:05:08] Diag: scene=FreeRun3_1 gameScene=True inRoom=False isMaster=True hasTemplate=True player=ExampleCharacter spawned=False
[11:05:09] Diag: scene=FreeRun3_1 gameScene=True inRoom=False isMaster=True hasTemplate=True player=ExampleCharacter spawned=False
[11:05:11] Diag: scene=FreeRun3_1 gameScene=True inRoom=False isMaster=True hasTemplate=True player=ExampleCharacter spawned=False
[11:05:11] Diag: scene=FreeRun3_1 gameScene=True inRoom=False isMaster=True hasTemplate=True player=ExampleCharacter spawned=False
[11:05:12] Diag: scene=FreeRun3_1 gameScene=True inRoom=False isMaster=True hasTemplate=True player=ExampleCharacter spawned=False
[11:05:14] Diag: scene=FreeRun3_1 gameScene=True inRoom=False isMaster=True hasTemplate=True player=ExampleCharacter spawned=False
[11:05:14] Diag: scene=FreeRun3_1 gameScene=True inRoom=False isMaster=True hasTemplate=True player=ExampleCharacter spawned=False
[11:05:15] Diag: scene=FreeRun3_1 gameScene=True inRoom=False isMaster=True hasTemplate=True player=ExampleCharacter spawned=False
[11:05:17] Diag: scene=FreeRun3_1 gameScene=True inRoom=False isMaster=True hasTemplate=True player=ExampleCharacter spawned=False
[11:05:17] Diag: scene=FreeRun3_1 gameScene=True inRoom=False isMaster=True hasTemplate=True player=ExampleCharacter spawned=False
[11:05:18] Diag: scene=FreeRun3_1 gameScene=True inRoom=False isMaster=True hasTemplate=True player=ExampleCharacter spawned=False
[11:05:20] Diag: scene=FreeRun3_1 gameScene=True inRoom=False isMaster=True hasTemplate=True player=ExampleCharacter spawned=False
[11:05:20] Diag: scene=FreeRun3_1 gameScene=True inRoom=False isMaster=True hasTemplate=True player=ExampleCharacter spawned=False
[11:05:21] Diag: scene=FreeRun3_1 gameScene=True inRoom=False isMaster=True hasTemplate=True player=ExampleCharacter spawned=False
[11:05:23] Diag: scene=FreeRun3_1 gameScene=True inRoom=False isMaster=True hasTemplate=True player=ExampleCharacter spawned=False
[11:05:23] Diag: scene=FreeRun3_1 gameScene=True inRoom=False isMaster=True hasTemplate=True player=ExampleCharacter spawned=False
[11:05:24] Diag: scene=FreeRun3_1 gameScene=True inRoom=False isMaster=True hasTemplate=True player=ExampleCharacter spawned=False
[11:05:26] Diag: scene=FreeRun3_1 gameScene=True inRoom=False isMaster=True hasTemplate=True player=ExampleCharacter spawned=False
[11:05:26] Diag: scene=FreeRun3_1 gameScene=True inRoom=False isMaster=True hasTemplate=True player=ExampleCharacter spawned=False
[11:05:27] Diag: scene=FreeRun3_1 gameScene=True inRoom=False isMaster=True hasTemplate=True player=ExampleCharacter spawned=False
[11:05:29] Diag: scene=FreeRun3_1 gameScene=True inRoom=False isMaster=True hasTemplate=True player=ExampleCharacter spawned=False
[11:05:29] Diag: scene=FreeRun3_1 gameScene=True inRoom=False isMaster=True hasTemplate=True player=ExampleCharacter spawned=False
[11:05:30] Diag: scene=FreeRun3_1 gameScene=True inRoom=False isMaster=True hasTemplate=True player=ExampleCharacter spawned=False
[11:05:32] Diag: scene=FreeRun3_1 gameScene=True inRoom=False isMaster=True hasTemplate=True player=ExampleCharacter spawned=False
[11:05:32] Diag: scene=FreeRun3_1 gameScene=True inRoom=False isMaster=True hasTemplate=True player=ExampleCharacter spawned=False
[11:05:33] Diag: scene=FreeRun3_1 gameScene=True inRoom=False isMaster=True hasTemplate=True player=ExampleCharacter spawned=False
[11:05:35] Diag: scene=FreeRun3_1 gameScene=True inRoom=False isMaster=True hasTemplate=True player=ExampleCharacter spawned=False
[11:05:35] Diag: scene=FreeRun3_1 gameScene=True inRoom=False isMaster=True hasTemplate=True player=ExampleCharacter spawned=False
[11:05:36] Diag: scene=FreeRun3_1 gameScene=True inRoom=False isMaster=True hasTemplate=True player=ExampleCharacter spawned=False
[11:05:38] Diag: scene=FreeRun3_1 gameScene=True inRoom=False isMaster=True hasTemplate=True player=ExampleCharacter spawned=False
[11:05:38] Diag: scene=FreeRun3_1 gameScene=True inRoom=False isMaster=True hasTemplate=True player=ExampleCharacter spawned=False
[11:05:39] Diag: scene=FreeRun3_1 gameScene=True inRoom=False isMaster=True hasTemplate=True player=ExampleCharacter spawned=False
[11:05:41] Diag: scene=FreeRun3_1 gameScene=True inRoom=False isMaster=True hasTemplate=True player=ExampleCharacter spawned=False
[11:05:41] Diag: scene=FreeRun3_1 gameScene=True inRoom=False isMaster=True hasTemplate=True player=ExampleCharacter spawned=False
[11:05:42] Diag: scene=FreeRun3_1 gameScene=True inRoom=False isMaster=True hasTemplate=True player=ExampleCharacter spawned=False
[11:05:44] Diag: scene=FreeRun3_1 gameScene=True inRoom=False isMaster=True hasTemplate=True player=ExampleCharacter spawned=False
[11:05:44] Diag: scene=FreeRun3_1 gameScene=True inRoom=False isMaster=True hasTemplate=True player=ExampleCharacter spawned=False
[11:05:45] Diag: scene=FreeRun3_1 gameScene=True inRoom=False isMaster=True hasTemplate=True player=ExampleCharacter spawned=False
[11:05:47] Diag: scene=FreeRun3_1 gameScene=True inRoom=False isMaster=True hasTemplate=True player=ExampleCharacter spawned=False
[11:05:47] Diag: scene=FreeRun3_1 gameScene=True inRoom=False isMaster=True hasTemplate=True player=ExampleCharacter spawned=False
[11:05:48] Diag: scene=FreeRun3_1 gameScene=True inRoom=False isMaster=True hasTemplate=True player=ExampleCharacter spawned=False
[11:05:50] Diag: scene=FreeRun3_1 gameScene=True inRoom=False isMaster=True hasTemplate=True player=ExampleCharacter spawned=False
[11:05:50] Diag: scene=FreeRun3_1 gameScene=True inRoom=False isMaster=True hasTemplate=True player=ExampleCharacter spawned=False
[11:05:51] Diag: scene=FreeRun3_1 gameScene=True inRoom=False isMaster=True hasTemplate=True player=ExampleCharacter spawned=False
[11:05:53] Diag: scene=FreeRun3_1 gameScene=True inRoom=False isMaster=True hasTemplate=True player=ExampleCharacter spawned=False
[11:05:53] Diag: scene=FreeRun3_1 gameScene=True inRoom=False isMaster=True hasTemplate=True player=ExampleCharacter spawned=False
[11:05:54] Diag: scene=FreeRun3_1 gameScene=True inRoom=False isMaster=True hasTemplate=True player=ExampleCharacter spawned=False
[11:05:57] Diag: scene=FreeRun3_1 gameScene=True inRoom=False isMaster=True hasTemplate=True player=ExampleCharacter spawned=False
[11:05:57] Diag: scene=FreeRun3_1 gameScene=True inRoom=False isMaster=True hasTemplate=True player=ExampleCharacter spawned=False
[11:05:57] Diag: scene=FreeRun3_1 gameScene=True inRoom=False isMaster=True hasTemplate=True player=ExampleCharacter spawned=False
[11:06:00] Diag: scene=FreeRun3_1 gameScene=True inRoom=False isMaster=True hasTemplate=True player=ExampleCharacter spawned=False
[11:06:00] Diag: scene=FreeRun3_1 gameScene=True inRoom=False isMaster=True hasTemplate=True player=ExampleCharacter spawned=False
[11:06:00] Diag: scene=FreeRun3_1 gameScene=True inRoom=False isMaster=True hasTemplate=True player=ExampleCharacter spawned=False
[11:06:03] Diag: scene=FreeRun3_1 gameScene=True inRoom=False isMaster=True hasTemplate=True player=ExampleCharacter spawned=False
[11:06:03] Diag: scene=FreeRun3_1 gameScene=True inRoom=False isMaster=True hasTemplate=True player=ExampleCharacter spawned=False
[11:06:03] Diag: scene=FreeRun3_1 gameScene=True inRoom=False isMaster=True hasTemplate=True player=ExampleCharacter spawned=False
[11:06:06] Diag: scene=FreeRun3_1 gameScene=True inRoom=False isMaster=True hasTemplate=True player=ExampleCharacter spawned=False
[11:06:06] Diag: scene=FreeRun3_1 gameScene=True inRoom=False isMaster=True hasTemplate=True player=ExampleCharacter spawned=False
[11:06:06] Diag: scene=FreeRun3_1 gameScene=True inRoom=False isMaster=True hasTemplate=True player=ExampleCharacter spawned=False
[11:06:09] Diag: scene=FreeRun3_1 gameScene=True inRoom=False isMaster=True hasTemplate=True player=ExampleCharacter spawned=False
[11:06:09] Diag: scene=FreeRun3_1 gameScene=True inRoom=False isMaster=True hasTemplate=True player=ExampleCharacter spawned=False
[11:06:09] Diag: scene=FreeRun3_1 gameScene=True inRoom=False isMaster=True hasTemplate=True player=ExampleCharacter spawned=False
[11:06:12] Diag: scene=FreeRun3_1 gameScene=True inRoom=False isMaster=True hasTemplate=True player=ExampleCharacter spawned=False
[11:06:12] Diag: scene=FreeRun3_1 gameScene=True inRoom=False isMaster=True hasTemplate=True player=ExampleCharacter spawned=False
[11:06:12] Diag: scene=FreeRun3_1 gameScene=True inRoom=False isMaster=True hasTemplate=True player=ExampleCharacter spawned=False
[11:06:15] Diag: scene=FreeRun3_1 gameScene=True inRoom=False isMaster=True hasTemplate=True player=ExampleCharacter spawned=False
[11:06:15] Diag: scene=FreeRun3_1 gameScene=True inRoom=False isMaster=True hasTemplate=True player=ExampleCharacter spawned=False
[11:06:15] Diag: scene=FreeRun3_1 gameScene=True inRoom=False isMaster=True hasTemplate=True player=ExampleCharacter spawned=False
[11:06:18] Diag: scene=FreeRun3_1 gameScene=True inRoom=False isMaster=True hasTemplate=True player=ExampleCharacter spawned=False
[11:06:18] Diag: scene=FreeRun3_1 gameScene=True inRoom=False isMaster=True hasTemplate=True player=ExampleCharacter spawned=False
[11:06:18] Diag: scene=FreeRun3_1 gameScene=True inRoom=False isMaster=True hasTemplate=True player=ExampleCharacter spawned=False
[11:06:21] Diag: scene=FreeRun3_1 gameScene=True inRoom=False isMaster=True hasTemplate=True player=ExampleCharacter spawned=False
[11:06:21] Diag: scene=FreeRun3_1 gameScene=True inRoom=False isMaster=True hasTemplate=True player=ExampleCharacter spawned=False
[11:06:21] Diag: scene=FreeRun3_1 gameScene=True inRoom=False isMaster=True hasTemplate=True player=ExampleCharacter spawned=False
[11:06:24] Diag: scene=FreeRun3_1 gameScene=True inRoom=False isMaster=True hasTemplate=True player=ExampleCharacter spawned=False
[11:06:24] Diag: scene=FreeRun3_1 gameScene=True inRoom=False isMaster=True hasTemplate=True player=ExampleCharacter spawned=False
[11:06:25] Diag: scene=FreeRun3_1 gameScene=True inRoom=False isMaster=True hasTemplate=True player=ExampleCharacter spawned=False
[11:06:27] Diag: scene=FreeRun3_1 gameScene=True inRoom=False isMaster=True hasTemplate=True player=ExampleCharacter spawned=False
[11:06:27] Diag: scene=FreeRun3_1 gameScene=True inRoom=False isMaster=True hasTemplate=True player=ExampleCharacter spawned=False
[11:06:28] Diag: scene=FreeRun3_1 gameScene=True inRoom=False isMaster=True hasTemplate=True player=ExampleCharacter spawned=False
[11:06:30] Diag: scene=FreeRun3_1 gameScene=True inRoom=False isMaster=True hasTemplate=True player=ExampleCharacter spawned=False
[11:06:30] Diag: scene=FreeRun3_1 gameScene=True inRoom=False isMaster=True hasTemplate=True player=ExampleCharacter spawned=False
[11:06:31] Diag: scene=FreeRun3_1 gameScene=True inRoom=False isMaster=True hasTemplate=True player=ExampleCharacter spawned=False
[11:06:33] Diag: scene=FreeRun3_1 gameScene=True inRoom=False isMaster=True hasTemplate=True player=ExampleCharacter spawned=False
[11:06:33] Diag: scene=FreeRun3_1 gameScene=True inRoom=False isMaster=True hasTemplate=True player=ExampleCharacter spawned=False
[11:06:34] Diag: scene=FreeRun3_1 gameScene=True inRoom=False isMaster=True hasTemplate=True player=ExampleCharacter spawned=False
[11:06:36] Diag: scene=FreeRun3_1 gameScene=True inRoom=False isMaster=True hasTemplate=True player=ExampleCharacter spawned=False
[11:06:36] Diag: scene=FreeRun3_1 gameScene=True inRoom=False isMaster=True hasTemplate=True player=ExampleCharacter spawned=False
[11:06:37] Diag: scene=FreeRun3_1 gameScene=True inRoom=False isMaster=True hasTemplate=True player=ExampleCharacter spawned=False
[11:06:39] Diag: scene=FreeRun3_1 gameScene=True inRoom=False isMaster=True hasTemplate=True player=ExampleCharacter spawned=False
[11:06:39] Diag: scene=FreeRun3_1 gameScene=True inRoom=False isMaster=True hasTemplate=True player=ExampleCharacter spawned=False
[11:06:40] Diag: scene=FreeRun3_1 gameScene=True inRoom=False isMaster=True hasTemplate=True player=ExampleCharacter spawned=False
[11:06:42] Diag: scene=FreeRun3_1 gameScene=True inRoom=False isMaster=True hasTemplate=True player=ExampleCharacter spawned=False
[11:06:42] Diag: scene=FreeRun3_1 gameScene=True inRoom=False isMaster=True hasTemplate=True player=ExampleCharacter spawned=False
[11:06:43] Diag: scene=FreeRun3_1 gameScene=True inRoom=False isMaster=True hasTemplate=True player=ExampleCharacter spawned=False
[11:06:45] Diag: scene=FreeRun3_1 gameScene=True inRoom=False isMaster=True hasTemplate=True player=ExampleCharacter spawned=False
[11:06:45] Diag: scene=FreeRun3_1 gameScene=True inRoom=False isMaster=True hasTemplate=True player=ExampleCharacter spawned=False
[11:06:46] Diag: scene=FreeRun3_1 gameScene=True inRoom=False isMaster=True hasTemplate=True player=ExampleCharacter spawned=False
[11:06:48] Diag: scene=FreeRun3_1 gameScene=True inRoom=False isMaster=True hasTemplate=True player=ExampleCharacter spawned=False
[11:06:48] Diag: scene=FreeRun3_1 gameScene=True inRoom=False isMaster=True hasTemplate=True player=ExampleCharacter spawned=False
[11:06:49] Diag: scene=FreeRun3_1 gameScene=True inRoom=False isMaster=True hasTemplate=True player=ExampleCharacter spawned=False
[11:06:51] Diag: scene=FreeRun3_1 gameScene=True inRoom=False isMaster=True hasTemplate=True player=ExampleCharacter spawned=False
[11:06:51] Diag: scene=FreeRun3_1 gameScene=True inRoom=False isMaster=True hasTemplate=True player=ExampleCharacter spawned=False
[11:06:52] Diag: scene=FreeRun3_1 gameScene=True inRoom=False isMaster=True hasTemplate=True player=ExampleCharacter spawned=False
[11:06:54] Diag: scene=FreeRun3_1 gameScene=True inRoom=False isMaster=True hasTemplate=True player=ExampleCharacter spawned=False
[11:06:54] Diag: scene=FreeRun3_1 gameScene=True inRoom=False isMaster=True hasTemplate=True player=ExampleCharacter spawned=False
[11:06:55] Diag: scene=FreeRun3_1 gameScene=True inRoom=False isMaster=True hasTemplate=True player=ExampleCharacter spawned=False
[11:06:57] Diag: scene=FreeRun3_1 gameScene=True inRoom=False isMaster=True hasTemplate=True player=ExampleCharacter spawned=False
[11:06:57] Diag: scene=FreeRun3_1 gameScene=True inRoom=False isMaster=True hasTemplate=True player=ExampleCharacter spawned=False
[11:06:58] Diag: scene=FreeRun3_1 gameScene=True inRoom=False isMaster=True hasTemplate=True player=ExampleCharacter spawned=False
[11:07:00] Diag: scene=FreeRun3_1 gameScene=True inRoom=False isMaster=True hasTemplate=True player=ExampleCharacter spawned=False
[11:07:00] Diag: scene=FreeRun3_1 gameScene=True inRoom=False isMaster=True hasTemplate=True player=ExampleCharacter spawned=False
[11:07:01] Diag: scene=FreeRun3_1 gameScene=True inRoom=False isMaster=True hasTemplate=True player=ExampleCharacter spawned=False
[11:07:03] Diag: scene=FreeRun3_1 gameScene=True inRoom=False isMaster=True hasTemplate=True player=ExampleCharacter spawned=False
[11:07:03] Diag: scene=FreeRun3_1 gameScene=True inRoom=False isMaster=True hasTemplate=True player=ExampleCharacter spawned=False
[11:07:04] Diag: scene=FreeRun3_1 gameScene=True inRoom=False isMaster=True hasTemplate=True player=ExampleCharacter spawned=False
[11:07:06] Diag: scene=FreeRun3_1 gameScene=True inRoom=False isMaster=True hasTemplate=True player=ExampleCharacter spawned=False
[11:07:06] Diag: scene=FreeRun3_1 gameScene=True inRoom=False isMaster=True hasTemplate=True player=ExampleCharacter spawned=False
[11:07:07] Diag: scene=FreeRun3_1 gameScene=True inRoom=False isMaster=True hasTemplate=True player=ExampleCharacter spawned=False
[11:07:09] Diag: scene=FreeRun3_1 gameScene=True inRoom=False isMaster=True hasTemplate=True player=ExampleCharacter spawned=False
[11:07:09] Diag: scene=FreeRun3_1 gameScene=True inRoom=False isMaster=True hasTemplate=True player=ExampleCharacter spawned=False
[11:07:10] Diag: scene=FreeRun3_1 gameScene=True inRoom=False isMaster=True hasTemplate=True player=ExampleCharacter spawned=False
[11:07:12] Diag: scene=FreeRun3_1 gameScene=True inRoom=False isMaster=True hasTemplate=True player=ExampleCharacter spawned=False
[11:07:12] Diag: scene=FreeRun3_1 gameScene=True inRoom=False isMaster=True hasTemplate=True player=ExampleCharacter spawned=False
[11:07:13] Diag: scene=FreeRun3_1 gameScene=True inRoom=False isMaster=True hasTemplate=True player=ExampleCharacter spawned=False
[11:07:15] Diag: scene=FreeRun3_1 gameScene=True inRoom=False isMaster=True hasTemplate=True player=ExampleCharacter spawned=False
[11:07:15] Diag: scene=FreeRun3_1 gameScene=True inRoom=False isMaster=True hasTemplate=True player=ExampleCharacter spawned=False
[11:07:16] Diag: scene=FreeRun3_1 gameScene=True inRoom=False isMaster=True hasTemplate=True player=ExampleCharacter spawned=False
[11:07:18] Diag: scene=FreeRun3_1 gameScene=True inRoom=False isMaster=True hasTemplate=True player=ExampleCharacter spawned=False
[11:07:18] Diag: scene=FreeRun3_1 gameScene=True inRoom=False isMaster=True hasTemplate=True player=ExampleCharacter spawned=False
[11:07:19] Diag: scene=FreeRun3_1 gameScene=True inRoom=False isMaster=True hasTemplate=True player=ExampleCharacter spawned=False
[11:07:21] Diag: scene=FreeRun3_1 gameScene=True inRoom=False isMaster=True hasTemplate=True player=ExampleCharacter spawned=False
[11:07:21] Diag: scene=FreeRun3_1 gameScene=True inRoom=False isMaster=True hasTemplate=True player=ExampleCharacter spawned=False
[11:07:22] Diag: scene=FreeRun3_1 gameScene=True inRoom=False isMaster=True hasTemplate=True player=ExampleCharacter spawned=False
[11:07:24] Diag: scene=FreeRun3_1 gameScene=True inRoom=False isMaster=True hasTemplate=True player=ExampleCharacter spawned=False
[11:07:24] Diag: scene=FreeRun3_1 gameScene=True inRoom=False isMaster=True hasTemplate=True player=ExampleCharacter spawned=False
[11:07:25] Diag: scene=FreeRun3_1 gameScene=True inRoom=False isMaster=True hasTemplate=True player=ExampleCharacter spawned=False
[11:07:27] Diag: scene=FreeRun3_1 gameScene=True inRoom=False isMaster=True hasTemplate=True player=ExampleCharacter spawned=False
[11:07:27] Diag: scene=FreeRun3_1 gameScene=True inRoom=False isMaster=True hasTemplate=True player=ExampleCharacter spawned=False
[11:07:28] Diag: scene=FreeRun3_1 gameScene=True inRoom=False isMaster=True hasTemplate=True player=ExampleCharacter spawned=False
[11:07:30] Diag: scene=FreeRun3_1 gameScene=True inRoom=False isMaster=True hasTemplate=True player=ExampleCharacter spawned=False
[11:07:30] Diag: scene=FreeRun3_1 gameScene=True inRoom=False isMaster=True hasTemplate=True player=ExampleCharacter spawned=False
[11:07:31] Diag: scene=FreeRun3_1 gameScene=True inRoom=False isMaster=True hasTemplate=True player=ExampleCharacter spawned=False
[11:07:33] Diag: scene=FreeRun3_1 gameScene=True inRoom=False isMaster=True hasTemplate=True player=ExampleCharacter spawned=False
[11:07:33] Diag: scene=FreeRun3_1 gameScene=True inRoom=False isMaster=True hasTemplate=True player=ExampleCharacter spawned=False
[11:07:34] Diag: scene=FreeRun3_1 gameScene=True inRoom=False isMaster=True hasTemplate=True player=ExampleCharacter spawned=False
[11:07:36] Diag: scene=FreeRun3_1 gameScene=True inRoom=False isMaster=True hasTemplate=True player=ExampleCharacter spawned=False
[11:07:36] Diag: scene=FreeRun3_1 gameScene=True inRoom=False isMaster=True hasTemplate=True player=ExampleCharacter spawned=False
[11:07:37] Diag: scene=FreeRun3_1 gameScene=True inRoom=False isMaster=True hasTemplate=True player=ExampleCharacter spawned=False
[11:07:39] Diag: scene=FreeRun3_1 gameScene=True inRoom=False isMaster=True hasTemplate=True player=ExampleCharacter spawned=False
[11:07:39] Diag: scene=FreeRun3_1 gameScene=True inRoom=False isMaster=True hasTemplate=True player=ExampleCharacter spawned=False
[11:07:40] Diag: scene=FreeRun3_1 gameScene=True inRoom=False isMaster=True hasTemplate=True player=ExampleCharacter spawned=False
[11:07:42] Diag: scene=FreeRun3_1 gameScene=True inRoom=False isMaster=True hasTemplate=True player=ExampleCharacter spawned=False
[11:07:42] Diag: scene=FreeRun3_1 gameScene=True inRoom=False isMaster=True hasTemplate=True player=ExampleCharacter spawned=False
[11:07:43] Diag: scene=FreeRun3_1 gameScene=True inRoom=False isMaster=True hasTemplate=True player=ExampleCharacter spawned=False
[11:07:45] Diag: scene=FreeRun3_1 gameScene=True inRoom=False isMaster=True hasTemplate=True player=ExampleCharacter spawned=False
[11:07:45] Diag: scene=FreeRun3_1 gameScene=True inRoom=False isMaster=True hasTemplate=True player=ExampleCharacter spawned=False
[11:07:46] Diag: scene=FreeRun3_1 gameScene=True inRoom=False isMaster=True hasTemplate=True player=ExampleCharacter spawned=False
[11:07:48] Diag: scene=FreeRun3_1 gameScene=True inRoom=False isMaster=True hasTemplate=True player=ExampleCharacter spawned=False
[11:07:48] Diag: scene=FreeRun3_1 gameScene=True inRoom=False isMaster=True hasTemplate=True player=ExampleCharacter spawned=False
[11:07:49] Diag: scene=FreeRun3_1 gameScene=True inRoom=False isMaster=True hasTemplate=True player=ExampleCharacter spawned=False
[11:07:51] Diag: scene=FreeRun3_1 gameScene=True inRoom=False isMaster=True hasTemplate=True player=ExampleCharacter spawned=False
[11:07:51] Diag: scene=FreeRun3_1 gameScene=True inRoom=False isMaster=True hasTemplate=True player=ExampleCharacter spawned=False
[11:07:52] Diag: scene=FreeRun3_1 gameScene=True inRoom=False isMaster=True hasTemplate=True player=ExampleCharacter spawned=False
[11:07:54] Diag: scene=FreeRun3_1 gameScene=True inRoom=False isMaster=True hasTemplate=True player=ExampleCharacter spawned=False
[11:07:54] Diag: scene=FreeRun3_1 gameScene=True inRoom=False isMaster=True hasTemplate=True player=ExampleCharacter spawned=False
[11:07:55] Diag: scene=FreeRun3_1 gameScene=True inRoom=False isMaster=True hasTemplate=True player=ExampleCharacter spawned=False
[11:07:57] Diag: scene=FreeRun3_1 gameScene=True inRoom=False isMaster=True hasTemplate=True player=ExampleCharacter spawned=False
[11:07:57] Diag: scene=FreeRun3_1 gameScene=True inRoom=False isMaster=True hasTemplate=True player=ExampleCharacter spawned=False
[11:07:58] Diag: scene=FreeRun3_1 gameScene=True inRoom=False isMaster=True hasTemplate=True player=ExampleCharacter spawned=False
[11:08:01] Diag: scene=FreeRun3_1 gameScene=True inRoom=False isMaster=True hasTemplate=True player=ExampleCharacter spawned=False
[11:08:01] Diag: scene=FreeRun3_1 gameScene=True inRoom=False isMaster=True hasTemplate=True player=ExampleCharacter spawned=False
[11:08:01] Diag: scene=FreeRun3_1 gameScene=True inRoom=False isMaster=True hasTemplate=True player=ExampleCharacter spawned=False
[11:08:04] Diag: scene=FreeRun3_1 gameScene=True inRoom=False isMaster=True hasTemplate=True player=ExampleCharacter spawned=False
[11:08:04] Diag: scene=FreeRun3_1 gameScene=True inRoom=False isMaster=True hasTemplate=True player=ExampleCharacter spawned=False
[11:08:04] Diag: scene=FreeRun3_1 gameScene=True inRoom=False isMaster=True hasTemplate=True player=ExampleCharacter spawned=False
[11:08:08] === CNRZombieMod v0.3.0 loaded ===
[11:08:08] === CNRZombieMod v0.3.0 loaded ===
[11:08:08] Proxy installed, wrapping PhotonHandler
[11:08:08] Diag: scene=MainMenu gameScene=False inRoom=False isMaster=False hasTemplate=False player=null spawned=False
[11:08:08] Diag: scene=MainMenu gameScene=False inRoom=False isMaster=False hasTemplate=False player=null spawned=False
[11:08:10] TryCachePrefab: scene=MultiplayerSelect
[11:08:10] FindSourcePrefab: Game.mInstance=null
[11:08:10] FindSourcePrefab: SingleEnemyManager.mInstance=null
[11:08:10] TryCachePrefab: no source found in MultiplayerSelect
[11:08:10] TryCachePrefab: scene=MultiplayerSelect
[11:08:10] FindSourcePrefab: Game.mInstance=null
[11:08:10] FindSourcePrefab: SingleEnemyManager.mInstance=null
[11:08:10] TryCachePrefab: no source found in MultiplayerSelect
[11:08:12] Diag: scene=MultiplayerSelect gameScene=False inRoom=False isMaster=False hasTemplate=False player=null spawned=False
[11:08:12] Diag: scene=MultiplayerSelect gameScene=False inRoom=False isMaster=False hasTemplate=False player=null spawned=False
[11:08:15] TryCachePrefab: scene=FreeRun3_1
[11:08:15] FindSourcePrefab: Game.mInstance=MainScene (Game)
[11:08:15] FindSourcePrefab: Game.enemyBot=Enemy3
[11:08:15] TryCachePrefab: template GO created from Enemy3
[11:08:15] SpawnZombies: origin=(130.2, 1.0, 80.5) template=ZombiePrefabTemplate
[11:08:15] SpawnZombies[0]: spawned ZombiePrefabTemplate(Clone) at (130.2, 1.0, 90.5)
[11:08:15] SpawnZombies[1]: spawned ZombiePrefabTemplate(Clone) at (139.7, 1.0, 83.5)
[11:08:15] SpawnZombies[2]: spawned ZombiePrefabTemplate(Clone) at (136.1, 1.0, 72.4)
[11:08:15] SpawnZombies[3]: spawned ZombiePrefabTemplate(Clone) at (124.3, 1.0, 72.4)
[11:08:15] SpawnZombies[4]: spawned ZombiePrefabTemplate(Clone) at (120.7, 1.0, 83.5)
[11:08:15] Master: spawned 5 zombies near (130.2, 1.0, 80.5)
[11:08:15] SpawnZombies: origin=(130.2, 1.0, 80.5) template=ZombiePrefabTemplate
[11:08:15] SpawnZombies[0]: spawned ZombiePrefabTemplate(Clone) at (130.2, 1.0, 90.5)
[11:08:15] SpawnZombies[1]: spawned ZombiePrefabTemplate(Clone) at (139.7, 1.0, 83.5)
[11:08:15] SpawnZombies[2]: spawned ZombiePrefabTemplate(Clone) at (136.1, 1.0, 72.4)
[11:08:15] SpawnZombies[3]: spawned ZombiePrefabTemplate(Clone) at (124.3, 1.0, 72.4)
[11:08:15] SpawnZombies[4]: spawned ZombiePrefabTemplate(Clone) at (120.7, 1.0, 83.5)
[11:08:15] Master: spawned 5 zombies near (130.2, 1.0, 80.5)
[11:08:15] ZombieDriver[1]: SingleEnemyAI not found on GO — direct movement
[11:08:15] ZombieDriver[2]: SingleEnemyAI not found on GO — direct movement
[11:08:15] ZombieDriver[3]: SingleEnemyAI not found on GO — direct movement
[11:08:15] ZombieDriver[4]: SingleEnemyAI not found on GO — direct movement
[11:08:15] ZombieDriver[5]: SingleEnemyAI not found on GO — direct movement
[11:08:15] ZombieDriver[1]: SingleEnemyAI not found on GO — direct movement
[11:08:15] ZombieDriver[2]: SingleEnemyAI not found on GO — direct movement
[11:08:15] ZombieDriver[3]: SingleEnemyAI not found on GO — direct movement
[11:08:15] ZombieDriver[4]: SingleEnemyAI not found on GO — direct movement
[11:08:15] ZombieDriver[5]: SingleEnemyAI not found on GO — direct movement
[11:08:15] Diag: scene=FreeRun3_1 gameScene=True inRoom=True isMaster=True hasTemplate=True player=ExampleCharacter spawned=True
[11:08:15] Diag: scene=FreeRun3_1 gameScene=True inRoom=True isMaster=True hasTemplate=True player=ExampleCharacter spawned=True
[11:08:18] Diag: scene=FreeRun3_1 gameScene=True inRoom=True isMaster=True hasTemplate=True player=ExampleCharacter spawned=True
[11:08:18] Diag: scene=FreeRun3_1 gameScene=True inRoom=True isMaster=True hasTemplate=True player=ExampleCharacter spawned=True
[11:08:21] Diag: scene=FreeRun3_1 gameScene=True inRoom=True isMaster=True hasTemplate=True player=ExampleCharacter spawned=True
[11:08:21] Diag: scene=FreeRun3_1 gameScene=True inRoom=True isMaster=True hasTemplate=True player=ExampleCharacter spawned=True
[11:08:24] Diag: scene=FreeRun3_1 gameScene=True inRoom=True isMaster=True hasTemplate=True player=ExampleCharacter spawned=True
[11:08:24] Diag: scene=FreeRun3_1 gameScene=True inRoom=True isMaster=True hasTemplate=True player=ExampleCharacter spawned=True
[11:08:27] Diag: scene=FreeRun3_1 gameScene=True inRoom=True isMaster=True hasTemplate=True player=ExampleCharacter spawned=True
[11:08:27] Diag: scene=FreeRun3_1 gameScene=True inRoom=True isMaster=True hasTemplate=True player=ExampleCharacter spawned=True
[11:08:31] Diag: scene=FreeRun3_1 gameScene=True inRoom=True isMaster=True hasTemplate=True player=ExampleCharacter spawned=True
[11:08:31] Diag: scene=FreeRun3_1 gameScene=True inRoom=True isMaster=True hasTemplate=True player=ExampleCharacter spawned=True
[11:08:34] Diag: scene=FreeRun3_1 gameScene=True inRoom=True isMaster=True hasTemplate=True player=ExampleCharacter spawned=True
[11:08:34] Diag: scene=FreeRun3_1 gameScene=True inRoom=True isMaster=True hasTemplate=True player=ExampleCharacter spawned=True
[11:08:37] Diag: scene=FreeRun3_1 gameScene=True inRoom=True isMaster=True hasTemplate=True player=ExampleCharacter spawned=True
[11:08:37] Diag: scene=FreeRun3_1 gameScene=True inRoom=True isMaster=True hasTemplate=True player=ExampleCharacter spawned=True
[11:08:40] Diag: scene=FreeRun3_1 gameScene=True inRoom=True isMaster=True hasTemplate=True player=ExampleCharacter spawned=True
[11:08:40] Diag: scene=FreeRun3_1 gameScene=True inRoom=True isMaster=True hasTemplate=True player=ExampleCharacter spawned=True
[11:08:43] Diag: scene=FreeRun3_1 gameScene=True inRoom=True isMaster=True hasTemplate=True player=ExampleCharacter spawned=True
[11:08:43] Diag: scene=FreeRun3_1 gameScene=True inRoom=True isMaster=True hasTemplate=True player=ExampleCharacter spawned=True
[11:08:46] Diag: scene=FreeRun3_1 gameScene=True inRoom=True isMaster=True hasTemplate=True player=ExampleCharacter spawned=True
[11:08:46] Diag: scene=FreeRun3_1 gameScene=True inRoom=True isMaster=True hasTemplate=True player=ExampleCharacter spawned=True
[11:08:49] Diag: scene=FreeRun3_1 gameScene=True inRoom=True isMaster=True hasTemplate=True player=ExampleCharacter spawned=True
[11:08:49] Diag: scene=FreeRun3_1 gameScene=True inRoom=True isMaster=True hasTemplate=True player=ExampleCharacter spawned=True
[11:08:52] Diag: scene=FreeRun3_1 gameScene=True inRoom=True isMaster=True hasTemplate=True player=ExampleCharacter spawned=True
[11:08:52] Diag: scene=FreeRun3_1 gameScene=True inRoom=True isMaster=True hasTemplate=True player=ExampleCharacter spawned=True
[11:08:55] Diag: scene=FreeRun3_1 gameScene=True inRoom=True isMaster=True hasTemplate=True player=ExampleCharacter spawned=True
[11:08:55] Diag: scene=FreeRun3_1 gameScene=True inRoom=True isMaster=True hasTemplate=True player=ExampleCharacter spawned=True
[11:08:58] Diag: scene=FreeRun3_1 gameScene=True inRoom=True isMaster=True hasTemplate=True player=ExampleCharacter spawned=True
[11:08:58] Diag: scene=FreeRun3_1 gameScene=True inRoom=True isMaster=True hasTemplate=True player=ExampleCharacter spawned=True
[11:09:01] Diag: scene=FreeRun3_1 gameScene=True inRoom=True isMaster=True hasTemplate=True player=ExampleCharacter spawned=True
[11:09:01] Diag: scene=FreeRun3_1 gameScene=True inRoom=True isMaster=True hasTemplate=True player=ExampleCharacter spawned=True
[11:09:04] Diag: scene=FreeRun3_1 gameScene=True inRoom=True isMaster=True hasTemplate=True player=ExampleCharacter spawned=True
[11:09:04] Diag: scene=FreeRun3_1 gameScene=True inRoom=True isMaster=True hasTemplate=True player=ExampleCharacter spawned=True
[11:09:07] Diag: scene=FreeRun3_1 gameScene=True inRoom=True isMaster=True hasTemplate=True player=ExampleCharacter spawned=True
[11:09:07] Diag: scene=FreeRun3_1 gameScene=True inRoom=True isMaster=True hasTemplate=True player=ExampleCharacter spawned=True
[11:09:10] Diag: scene=FreeRun3_1 gameScene=True inRoom=True isMaster=True hasTemplate=True player=ExampleCharacter spawned=True
[11:09:10] Diag: scene=FreeRun3_1 gameScene=True inRoom=True isMaster=True hasTemplate=True player=ExampleCharacter spawned=True
[11:09:13] Diag: scene=FreeRun3_1 gameScene=True inRoom=True isMaster=True hasTemplate=True player=ExampleCharacter spawned=True
[11:09:13] Diag: scene=FreeRun3_1 gameScene=True inRoom=True isMaster=True hasTemplate=True player=ExampleCharacter spawned=True
[11:09:16] Diag: scene=FreeRun3_1 gameScene=True inRoom=True isMaster=True hasTemplate=True player=ExampleCharacter spawned=True
[11:09:16] Diag: scene=FreeRun3_1 gameScene=True inRoom=True isMaster=True hasTemplate=True player=ExampleCharacter spawned=True
[11:09:19] Diag: scene=FreeRun3_1 gameScene=True inRoom=True isMaster=True hasTemplate=True player=ExampleCharacter spawned=True
[11:09:19] Diag: scene=FreeRun3_1 gameScene=True inRoom=True isMaster=True hasTemplate=True player=ExampleCharacter spawned=True
[11:09:22] Diag: scene=FreeRun3_1 gameScene=True inRoom=True isMaster=True hasTemplate=True player=ExampleCharacter spawned=True
[11:09:22] Diag: scene=FreeRun3_1 gameScene=True inRoom=True isMaster=True hasTemplate=True player=ExampleCharacter spawned=True
[11:09:25] Diag: scene=FreeRun3_1 gameScene=True inRoom=True isMaster=True hasTemplate=True player=ExampleCharacter spawned=True
[11:09:25] Diag: scene=FreeRun3_1 gameScene=True inRoom=True isMaster=True hasTemplate=True player=ExampleCharacter spawned=True
[11:09:28] Diag: scene=FreeRun3_1 gameScene=True inRoom=True isMaster=True hasTemplate=True player=ExampleCharacter spawned=True
[11:09:28] Diag: scene=FreeRun3_1 gameScene=True inRoom=True isMaster=True hasTemplate=True player=ExampleCharacter spawned=True
[11:09:31] Diag: scene=FreeRun3_1 gameScene=True inRoom=True isMaster=True hasTemplate=True player=ExampleCharacter spawned=True
[11:09:31] Diag: scene=FreeRun3_1 gameScene=True inRoom=True isMaster=True hasTemplate=True player=ExampleCharacter spawned=True
[11:09:34] Diag: scene=FreeRun3_1 gameScene=True inRoom=True isMaster=True hasTemplate=True player=ExampleCharacter spawned=True
[11:09:34] Diag: scene=FreeRun3_1 gameScene=True inRoom=True isMaster=True hasTemplate=True player=ExampleCharacter spawned=True
[11:09:37] Diag: scene=FreeRun3_1 gameScene=True inRoom=True isMaster=True hasTemplate=True player=ExampleCharacter spawned=True
[11:09:37] Diag: scene=FreeRun3_1 gameScene=True inRoom=True isMaster=True hasTemplate=True player=ExampleCharacter spawned=True
[11:09:40] Diag: scene=FreeRun3_1 gameScene=True inRoom=True isMaster=True hasTemplate=True player=ExampleCharacter spawned=True
[11:09:40] Diag: scene=FreeRun3_1 gameScene=True inRoom=True isMaster=True hasTemplate=True player=ExampleCharacter spawned=True
[11:09:43] Diag: scene=FreeRun3_1 gameScene=True inRoom=True isMaster=True hasTemplate=True player=ExampleCharacter spawned=True
[11:09:43] Diag: scene=FreeRun3_1 gameScene=True inRoom=True isMaster=True hasTemplate=True player=ExampleCharacter spawned=True
[11:09:46] Diag: scene=FreeRun3_1 gameScene=True inRoom=True isMaster=True hasTemplate=True player=ExampleCharacter spawned=True
[11:09:46] Diag: scene=FreeRun3_1 gameScene=True inRoom=True isMaster=True hasTemplate=True player=ExampleCharacter spawned=True
[11:09:49] Diag: scene=FreeRun3_1 gameScene=True inRoom=True isMaster=True hasTemplate=True player=ExampleCharacter spawned=True
[11:09:49] Diag: scene=FreeRun3_1 gameScene=True inRoom=True isMaster=True hasTemplate=True player=ExampleCharacter spawned=True
[11:09:52] Diag: scene=FreeRun3_1 gameScene=True inRoom=True isMaster=True hasTemplate=True player=ExampleCharacter spawned=True
[11:09:52] Diag: scene=FreeRun3_1 gameScene=True inRoom=True isMaster=True hasTemplate=True player=ExampleCharacter spawned=True
[11:09:55] Diag: scene=FreeRun3_1 gameScene=True inRoom=True isMaster=True hasTemplate=True player=ExampleCharacter spawned=True
[11:09:55] Diag: scene=FreeRun3_1 gameScene=True inRoom=True isMaster=True hasTemplate=True player=ExampleCharacter spawned=True
[11:09:58] Diag: scene=FreeRun3_1 gameScene=True inRoom=True isMaster=True hasTemplate=True player=ExampleCharacter spawned=True
[11:09:58] Diag: scene=FreeRun3_1 gameScene=True inRoom=True isMaster=True hasTemplate=True player=ExampleCharacter spawned=True
[11:10:01] Diag: scene=FreeRun3_1 gameScene=True inRoom=True isMaster=True hasTemplate=True player=ExampleCharacter spawned=True
[11:10:01] Diag: scene=FreeRun3_1 gameScene=True inRoom=True isMaster=True hasTemplate=True player=ExampleCharacter spawned=True
[11:10:04] Diag: scene=FreeRun3_1 gameScene=True inRoom=True isMaster=True hasTemplate=True player=ExampleCharacter spawned=True
[11:10:04] Diag: scene=FreeRun3_1 gameScene=True inRoom=True isMaster=True hasTemplate=True player=ExampleCharacter spawned=True
[11:10:07] Diag: scene=FreeRun3_1 gameScene=True inRoom=True isMaster=True hasTemplate=True player=ExampleCharacter spawned=True
[11:10:07] Diag: scene=FreeRun3_1 gameScene=True inRoom=True isMaster=True hasTemplate=True player=ExampleCharacter spawned=True
[11:10:10] Diag: scene=FreeRun3_1 gameScene=True inRoom=True isMaster=True hasTemplate=True player=ExampleCharacter spawned=True
[11:10:10] Diag: scene=FreeRun3_1 gameScene=True inRoom=True isMaster=True hasTemplate=True player=ExampleCharacter spawned=True
[11:10:13] Diag: scene=FreeRun3_1 gameScene=True inRoom=True isMaster=True hasTemplate=True player=ExampleCharacter spawned=True
[11:10:13] Diag: scene=FreeRun3_1 gameScene=True inRoom=True isMaster=True hasTemplate=True player=ExampleCharacter spawned=True
[11:10:16] Diag: scene=FreeRun3_1 gameScene=True inRoom=True isMaster=True hasTemplate=True player=ExampleCharacter spawned=True
[11:10:16] Diag: scene=FreeRun3_1 gameScene=True inRoom=True isMaster=True hasTemplate=True player=ExampleCharacter spawned=True
[11:10:19] Diag: scene=FreeRun3_1 gameScene=True inRoom=True isMaster=True hasTemplate=True player=ExampleCharacter spawned=True
[11:10:19] Diag: scene=FreeRun3_1 gameScene=True inRoom=True isMaster=True hasTemplate=True player=ExampleCharacter spawned=True
[11:10:22] Diag: scene=FreeRun3_1 gameScene=True inRoom=True isMaster=True hasTemplate=True player=ExampleCharacter spawned=True
[11:10:22] Diag: scene=FreeRun3_1 gameScene=True inRoom=True isMaster=True hasTemplate=True player=ExampleCharacter spawned=True
[11:10:25] Diag: scene=FreeRun3_1 gameScene=True inRoom=True isMaster=True hasTemplate=True player=ExampleCharacter spawned=True
[11:10:25] Diag: scene=FreeRun3_1 gameScene=True inRoom=True isMaster=True hasTemplate=True player=ExampleCharacter spawned=True
[11:10:28] Diag: scene=FreeRun3_1 gameScene=True inRoom=True isMaster=True hasTemplate=True player=ExampleCharacter spawned=True
[11:10:28] Diag: scene=FreeRun3_1 gameScene=True inRoom=True isMaster=True hasTemplate=True player=ExampleCharacter spawned=True
[11:10:31] Diag: scene=FreeRun3_1 gameScene=True inRoom=True isMaster=True hasTemplate=True player=ExampleCharacter spawned=True
[11:10:31] Diag: scene=FreeRun3_1 gameScene=True inRoom=True isMaster=True hasTemplate=True player=ExampleCharacter spawned=True
[11:10:34] Diag: scene=FreeRun3_1 gameScene=True inRoom=True isMaster=True hasTemplate=True player=ExampleCharacter spawned=True
[11:10:34] Diag: scene=FreeRun3_1 gameScene=True inRoom=True isMaster=True hasTemplate=True player=ExampleCharacter spawned=True
[11:10:38] Diag: scene=FreeRun3_1 gameScene=True inRoom=True isMaster=True hasTemplate=True player=ExampleCharacter spawned=True
[11:10:38] Diag: scene=FreeRun3_1 gameScene=True inRoom=True isMaster=True hasTemplate=True player=ExampleCharacter spawned=True
[11:10:41] Diag: scene=FreeRun3_1 gameScene=True inRoom=True isMaster=True hasTemplate=True player=ExampleCharacter spawned=True
[11:10:41] Diag: scene=FreeRun3_1 gameScene=True inRoom=True isMaster=True hasTemplate=True player=ExampleCharacter spawned=True
[11:10:44] Diag: scene=FreeRun3_1 gameScene=True inRoom=True isMaster=True hasTemplate=True player=ExampleCharacter spawned=True
[11:10:44] Diag: scene=FreeRun3_1 gameScene=True inRoom=True isMaster=True hasTemplate=True player=ExampleCharacter spawned=True
[11:10:47] Diag: scene=FreeRun3_1 gameScene=True inRoom=True isMaster=True hasTemplate=True player=ExampleCharacter spawned=True
[11:10:47] Diag: scene=FreeRun3_1 gameScene=True inRoom=True isMaster=True hasTemplate=True player=ExampleCharacter spawned=True
[11:10:50] Diag: scene=FreeRun3_1 gameScene=True inRoom=True isMaster=True hasTemplate=True player=ExampleCharacter spawned=True
[11:10:50] Diag: scene=FreeRun3_1 gameScene=True inRoom=True isMaster=True hasTemplate=True player=ExampleCharacter spawned=True
[11:10:53] Diag: scene=FreeRun3_1 gameScene=True inRoom=True isMaster=True hasTemplate=True player=ExampleCharacter spawned=True
[11:10:53] Diag: scene=FreeRun3_1 gameScene=True inRoom=True isMaster=True hasTemplate=True player=ExampleCharacter spawned=True
[11:10:56] Diag: scene=FreeRun3_1 gameScene=True inRoom=True isMaster=True hasTemplate=True player=ExampleCharacter spawned=True
[11:10:56] Diag: scene=FreeRun3_1 gameScene=True inRoom=True isMaster=True hasTemplate=True player=ExampleCharacter spawned=True
[11:10:59] Diag: scene=FreeRun3_1 gameScene=True inRoom=True isMaster=True hasTemplate=True player=ExampleCharacter spawned=True
[11:10:59] Diag: scene=FreeRun3_1 gameScene=True inRoom=True isMaster=True hasTemplate=True player=ExampleCharacter spawned=True
[11:11:02] Diag: scene=FreeRun3_1 gameScene=True inRoom=True isMaster=True hasTemplate=True player=ExampleCharacter spawned=True
[11:11:02] Diag: scene=FreeRun3_1 gameScene=True inRoom=True isMaster=True hasTemplate=True player=ExampleCharacter spawned=True
[11:11:05] Diag: scene=FreeRun3_1 gameScene=True inRoom=True isMaster=True hasTemplate=True player=ExampleCharacter spawned=True
[11:11:05] Diag: scene=FreeRun3_1 gameScene=True inRoom=True isMaster=True hasTemplate=True player=ExampleCharacter spawned=True
[11:11:08] Diag: scene=FreeRun3_1 gameScene=True inRoom=True isMaster=True hasTemplate=True player=ExampleCharacter spawned=True
[11:11:08] Diag: scene=FreeRun3_1 gameScene=True inRoom=True isMaster=True hasTemplate=True player=ExampleCharacter spawned=True
[11:11:11] Diag: scene=FreeRun3_1 gameScene=True inRoom=True isMaster=True hasTemplate=True player=ExampleCharacter spawned=True
[11:11:11] Diag: scene=FreeRun3_1 gameScene=True inRoom=True isMaster=True hasTemplate=True player=ExampleCharacter spawned=True
[11:11:14] Diag: scene=FreeRun3_1 gameScene=True inRoom=True isMaster=True hasTemplate=True player=ExampleCharacter spawned=True
[11:11:14] Diag: scene=FreeRun3_1 gameScene=True inRoom=True isMaster=True hasTemplate=True player=ExampleCharacter spawned=True
[11:11:17] Diag: scene=FreeRun3_1 gameScene=True inRoom=True isMaster=True hasTemplate=True player=ExampleCharacter spawned=True
[11:11:17] Diag: scene=FreeRun3_1 gameScene=True inRoom=True isMaster=True hasTemplate=True player=ExampleCharacter spawned=True
[11:11:20] Diag: scene=FreeRun3_1 gameScene=True inRoom=True isMaster=True hasTemplate=True player=ExampleCharacter spawned=True
[11:11:20] Diag: scene=FreeRun3_1 gameScene=True inRoom=True isMaster=True hasTemplate=True player=ExampleCharacter spawned=True
[11:11:23] Diag: scene=FreeRun3_1 gameScene=True inRoom=True isMaster=True hasTemplate=True player=ExampleCharacter spawned=True
[11:11:23] Diag: scene=FreeRun3_1 gameScene=True inRoom=True isMaster=True hasTemplate=True player=ExampleCharacter spawned=True
[11:11:26] Diag: scene=FreeRun3_1 gameScene=True inRoom=True isMaster=True hasTemplate=True player=ExampleCharacter spawned=True
[11:11:26] Diag: scene=FreeRun3_1 gameScene=True inRoom=True isMaster=True hasTemplate=True player=ExampleCharacter spawned=True
[11:11:29] Diag: scene=FreeRun3_1 gameScene=True inRoom=True isMaster=True hasTemplate=True player=ExampleCharacter spawned=True
[11:11:29] Diag: scene=FreeRun3_1 gameScene=True inRoom=True isMaster=True hasTemplate=True player=ExampleCharacter spawned=True
[11:11:32] Diag: scene=FreeRun3_1 gameScene=True inRoom=True isMaster=True hasTemplate=True player=ExampleCharacter spawned=True
[11:11:32] Diag: scene=FreeRun3_1 gameScene=True inRoom=True isMaster=True hasTemplate=True player=ExampleCharacter spawned=True
[11:11:35] Diag: scene=FreeRun3_1 gameScene=True inRoom=True isMaster=True hasTemplate=True player=ExampleCharacter spawned=True
[11:11:35] Diag: scene=FreeRun3_1 gameScene=True inRoom=True isMaster=True hasTemplate=True player=ExampleCharacter spawned=True
[11:11:38] Diag: scene=FreeRun3_1 gameScene=True inRoom=True isMaster=True hasTemplate=True player=ExampleCharacter spawned=True
[11:11:38] Diag: scene=FreeRun3_1 gameScene=True inRoom=True isMaster=True hasTemplate=True player=ExampleCharacter spawned=True
[11:11:41] Diag: scene=FreeRun3_1 gameScene=True inRoom=True isMaster=True hasTemplate=True player=ExampleCharacter spawned=True
[11:11:41] Diag: scene=FreeRun3_1 gameScene=True inRoom=True isMaster=True hasTemplate=True player=ExampleCharacter spawned=True
[11:11:44] Diag: scene=FreeRun3_1 gameScene=True inRoom=True isMaster=True hasTemplate=True player=ExampleCharacter spawned=True
[11:11:44] Diag: scene=FreeRun3_1 gameScene=True inRoom=True isMaster=True hasTemplate=True player=ExampleCharacter spawned=True
[11:11:47] Diag: scene=FreeRun3_1 gameScene=True inRoom=True isMaster=True hasTemplate=True player=ExampleCharacter spawned=True
[11:11:47] Diag: scene=FreeRun3_1 gameScene=True inRoom=True isMaster=True hasTemplate=True player=ExampleCharacter spawned=True
[11:11:50] Diag: scene=FreeRun3_1 gameScene=True inRoom=True isMaster=True hasTemplate=True player=ExampleCharacter spawned=True
[11:11:50] Diag: scene=FreeRun3_1 gameScene=True inRoom=True isMaster=True hasTemplate=True player=ExampleCharacter spawned=True
[11:11:53] Diag: scene=FreeRun3_1 gameScene=True inRoom=True isMaster=True hasTemplate=True player=ExampleCharacter spawned=True
[11:11:53] Diag: scene=FreeRun3_1 gameScene=True inRoom=True isMaster=True hasTemplate=True player=ExampleCharacter spawned=True
[11:11:56] Diag: scene=FreeRun3_1 gameScene=True inRoom=True isMaster=True hasTemplate=True player=ExampleCharacter spawned=True
[11:11:56] Diag: scene=FreeRun3_1 gameScene=True inRoom=True isMaster=True hasTemplate=True player=ExampleCharacter spawned=True
[11:11:59] Diag: scene=FreeRun3_1 gameScene=True inRoom=True isMaster=True hasTemplate=True player=ExampleCharacter spawned=True
[11:11:59] Diag: scene=FreeRun3_1 gameScene=True inRoom=True isMaster=True hasTemplate=True player=ExampleCharacter spawned=True
[11:12:02] Diag: scene=FreeRun3_1 gameScene=True inRoom=True isMaster=True hasTemplate=True player=ExampleCharacter spawned=True
[11:12:02] Diag: scene=FreeRun3_1 gameScene=True inRoom=True isMaster=True hasTemplate=True player=ExampleCharacter spawned=True
[11:12:05] Diag: scene=FreeRun3_1 gameScene=True inRoom=True isMaster=True hasTemplate=True player=ExampleCharacter spawned=True
[11:12:05] Diag: scene=FreeRun3_1 gameScene=True inRoom=True isMaster=True hasTemplate=True player=ExampleCharacter spawned=True
[11:12:08] Diag: scene=FreeRun3_1 gameScene=True inRoom=True isMaster=True hasTemplate=True player=ExampleCharacter spawned=True
[11:12:08] Diag: scene=FreeRun3_1 gameScene=True inRoom=True isMaster=True hasTemplate=True player=ExampleCharacter spawned=True
[11:12:11] Diag: scene=FreeRun3_1 gameScene=True inRoom=True isMaster=True hasTemplate=True player=ExampleCharacter spawned=True
[11:12:11] Diag: scene=FreeRun3_1 gameScene=True inRoom=True isMaster=True hasTemplate=True player=ExampleCharacter spawned=True
[11:12:14] Diag: scene=FreeRun3_1 gameScene=True inRoom=True isMaster=True hasTemplate=True player=ExampleCharacter spawned=True
[11:12:14] Diag: scene=FreeRun3_1 gameScene=True inRoom=True isMaster=True hasTemplate=True player=ExampleCharacter spawned=True
[11:12:17] Diag: scene=FreeRun3_1 gameScene=True inRoom=True isMaster=True hasTemplate=True player=ExampleCharacter spawned=True
[11:12:17] Diag: scene=FreeRun3_1 gameScene=True inRoom=True isMaster=True hasTemplate=True player=ExampleCharacter spawned=True
[11:12:20] Diag: scene=FreeRun3_1 gameScene=True inRoom=True isMaster=True hasTemplate=True player=ExampleCharacter spawned=True
[11:12:20] Diag: scene=FreeRun3_1 gameScene=True inRoom=True isMaster=True hasTemplate=True player=ExampleCharacter spawned=True
[11:12:23] Diag: scene=FreeRun3_1 gameScene=True inRoom=True isMaster=True hasTemplate=True player=ExampleCharacter spawned=True
[11:12:23] Diag: scene=FreeRun3_1 gameScene=True inRoom=True isMaster=True hasTemplate=True player=ExampleCharacter spawned=True
[11:12:26] Diag: scene=FreeRun3_1 gameScene=True inRoom=True isMaster=True hasTemplate=True player=ExampleCharacter spawned=True
[11:12:26] Diag: scene=FreeRun3_1 gameScene=True inRoom=True isMaster=True hasTemplate=True player=ExampleCharacter spawned=True
[11:12:29] Diag: scene=FreeRun3_1 gameScene=True inRoom=True isMaster=True hasTemplate=True player=ExampleCharacter spawned=True
[11:12:29] Diag: scene=FreeRun3_1 gameScene=True inRoom=True isMaster=True hasTemplate=True player=ExampleCharacter spawned=True
[11:12:32] Diag: scene=FreeRun3_1 gameScene=True inRoom=True isMaster=True hasTemplate=True player=ExampleCharacter spawned=True
[11:12:32] Diag: scene=FreeRun3_1 gameScene=True inRoom=True isMaster=True hasTemplate=True player=ExampleCharacter spawned=True
[11:12:35] Diag: scene=FreeRun3_1 gameScene=True inRoom=True isMaster=True hasTemplate=True player=ExampleCharacter spawned=True
[11:12:35] Diag: scene=FreeRun3_1 gameScene=True inRoom=True isMaster=True hasTemplate=True player=ExampleCharacter spawned=True
[11:12:38] Diag: scene=FreeRun3_1 gameScene=True inRoom=True isMaster=True hasTemplate=True player=ExampleCharacter spawned=True
[11:12:38] Diag: scene=FreeRun3_1 gameScene=True inRoom=True isMaster=True hasTemplate=True player=ExampleCharacter spawned=True
[11:12:42] Diag: scene=FreeRun3_1 gameScene=True inRoom=True isMaster=True hasTemplate=True player=ExampleCharacter spawned=True
[11:12:42] Diag: scene=FreeRun3_1 gameScene=True inRoom=True isMaster=True hasTemplate=True player=ExampleCharacter spawned=True
[11:12:45] Diag: scene=FreeRun3_1 gameScene=True inRoom=True isMaster=True hasTemplate=True player=ExampleCharacter spawned=True
[11:12:45] Diag: scene=FreeRun3_1 gameScene=True inRoom=True isMaster=True hasTemplate=True player=ExampleCharacter spawned=True
[11:12:48] Diag: scene=FreeRun3_1 gameScene=True inRoom=True isMaster=True hasTemplate=True player=ExampleCharacter spawned=True
[11:12:48] Diag: scene=FreeRun3_1 gameScene=True inRoom=True isMaster=True hasTemplate=True player=ExampleCharacter spawned=True
[11:12:51] Diag: scene=FreeRun3_1 gameScene=True inRoom=True isMaster=True hasTemplate=True player=ExampleCharacter spawned=True
[11:12:51] Diag: scene=FreeRun3_1 gameScene=True inRoom=True isMaster=True hasTemplate=True player=ExampleCharacter spawned=True
[11:12:54] Diag: scene=FreeRun3_1 gameScene=True inRoom=True isMaster=True hasTemplate=True player=ExampleCharacter spawned=True
[11:12:54] Diag: scene=FreeRun3_1 gameScene=True inRoom=True isMaster=True hasTemplate=True player=ExampleCharacter spawned=True
[11:12:57] Diag: scene=FreeRun3_1 gameScene=True inRoom=True isMaster=True hasTemplate=True player=ExampleCharacter spawned=True
[11:12:57] Diag: scene=FreeRun3_1 gameScene=True inRoom=True isMaster=True hasTemplate=True player=ExampleCharacter spawned=True
[11:13:00] Diag: scene=FreeRun3_1 gameScene=True inRoom=True isMaster=True hasTemplate=True player=ExampleCharacter spawned=True
[11:13:00] Diag: scene=FreeRun3_1 gameScene=True inRoom=True isMaster=True hasTemplate=True player=ExampleCharacter spawned=True
[11:13:03] Diag: scene=FreeRun3_1 gameScene=True inRoom=True isMaster=True hasTemplate=True player=ExampleCharacter spawned=True
[11:13:03] Diag: scene=FreeRun3_1 gameScene=True inRoom=True isMaster=True hasTemplate=True player=ExampleCharacter spawned=True
[11:13:06] Diag: scene=FreeRun3_1 gameScene=True inRoom=True isMaster=True hasTemplate=True player=ExampleCharacter spawned=True
[11:13:06] Diag: scene=FreeRun3_1 gameScene=True inRoom=True isMaster=True hasTemplate=True player=ExampleCharacter spawned=True
[11:13:09] Diag: scene=FreeRun3_1 gameScene=True inRoom=True isMaster=True hasTemplate=True player=ExampleCharacter spawned=True
[11:13:09] Diag: scene=FreeRun3_1 gameScene=True inRoom=True isMaster=True hasTemplate=True player=ExampleCharacter spawned=True
[11:13:12] Diag: scene=FreeRun3_1 gameScene=True inRoom=True isMaster=True hasTemplate=True player=ExampleCharacter spawned=True
[11:13:12] Diag: scene=FreeRun3_1 gameScene=True inRoom=True isMaster=True hasTemplate=True player=ExampleCharacter spawned=True
[11:13:16] === CNRZombieMod v0.3.0 loaded ===
[11:13:16] === CNRZombieMod v0.3.0 loaded ===
[11:13:16] Proxy installed, wrapping PhotonHandler
[11:13:16] Diag: scene=MainMenu gameScene=False inRoom=False isMaster=False hasTemplate=False player=null spawned=False
[11:13:16] Diag: scene=MainMenu gameScene=False inRoom=False isMaster=False hasTemplate=False player=null spawned=False
[11:13:19] Diag: scene=MainMenu gameScene=False inRoom=False isMaster=False hasTemplate=False player=null spawned=False
[11:13:19] Diag: scene=MainMenu gameScene=False inRoom=False isMaster=False hasTemplate=False player=null spawned=False
[11:13:22] Diag: scene=MainMenu gameScene=False inRoom=False isMaster=False hasTemplate=False player=null spawned=False
[11:13:22] Diag: scene=MainMenu gameScene=False inRoom=False isMaster=False hasTemplate=False player=null spawned=False
[11:13:25] Diag: scene=MainMenu gameScene=False inRoom=False isMaster=False hasTemplate=False player=null spawned=False
[11:13:25] Diag: scene=MainMenu gameScene=False inRoom=False isMaster=False hasTemplate=False player=null spawned=False
[11:13:28] Diag: scene=MainMenu gameScene=False inRoom=False isMaster=False hasTemplate=False player=null spawned=False
[11:13:28] Diag: scene=MainMenu gameScene=False inRoom=False isMaster=False hasTemplate=False player=null spawned=False
[11:13:31] Diag: scene=MainMenu gameScene=False inRoom=False isMaster=False hasTemplate=False player=null spawned=False
[11:13:31] Diag: scene=MainMenu gameScene=False inRoom=False isMaster=False hasTemplate=False player=null spawned=False
[11:13:32] TryCachePrefab: scene=MultiplayerSelect
[11:13:32] FindSourcePrefab: Game.mInstance=null
[11:13:32] FindSourcePrefab: SingleEnemyManager.mInstance=null
[11:13:32] TryCachePrefab: no source found in MultiplayerSelect
[11:13:32] TryCachePrefab: scene=MultiplayerSelect
[11:13:32] FindSourcePrefab: Game.mInstance=null
[11:13:32] FindSourcePrefab: SingleEnemyManager.mInstance=null
[11:13:32] TryCachePrefab: no source found in MultiplayerSelect
[11:13:34] Diag: scene=MultiplayerSelect gameScene=False inRoom=False isMaster=False hasTemplate=False player=null spawned=False
[11:13:34] Diag: scene=MultiplayerSelect gameScene=False inRoom=False isMaster=False hasTemplate=False player=null spawned=False
[11:13:37] Diag: scene=MultiplayerSelect gameScene=False inRoom=False isMaster=False hasTemplate=False player=null spawned=False
[11:13:37] Diag: scene=MultiplayerSelect gameScene=False inRoom=False isMaster=False hasTemplate=False player=null spawned=False
[11:13:38] TryCachePrefab: scene=FreeRun3_1
[11:13:38] FindSourcePrefab: Game.mInstance=MainScene (Game)
[11:13:38] FindSourcePrefab: Game.enemyBot=Enemy3
[11:13:38] TryCachePrefab: template GO created from Enemy3
[11:13:38] SpawnZombies: origin=(134.9, 1.6, 59.6) template=ZombiePrefabTemplate
[11:13:38] SpawnZombies[0]: spawned ZombiePrefabTemplate(Clone) at (134.9, 1.6, 69.6)
[11:13:38] SpawnZombies[1]: spawned ZombiePrefabTemplate(Clone) at (144.5, 1.6, 62.7)
[11:13:38] SpawnZombies[2]: spawned ZombiePrefabTemplate(Clone) at (140.8, 1.6, 51.5)
[11:13:38] SpawnZombies[3]: spawned ZombiePrefabTemplate(Clone) at (129.1, 1.6, 51.5)
[11:13:38] SpawnZombies[4]: spawned ZombiePrefabTemplate(Clone) at (125.4, 1.6, 62.7)
[11:13:38] Master: spawned 5 zombies near (134.9, 1.6, 59.6)
[11:13:38] SpawnZombies: origin=(134.9, 1.6, 59.6) template=ZombiePrefabTemplate
[11:13:38] SpawnZombies[0]: spawned ZombiePrefabTemplate(Clone) at (134.9, 1.6, 69.6)
[11:13:38] SpawnZombies[1]: spawned ZombiePrefabTemplate(Clone) at (144.5, 1.6, 62.7)
[11:13:38] SpawnZombies[2]: spawned ZombiePrefabTemplate(Clone) at (140.8, 1.6, 51.5)
[11:13:38] SpawnZombies[3]: spawned ZombiePrefabTemplate(Clone) at (129.1, 1.6, 51.5)
[11:13:38] SpawnZombies[4]: spawned ZombiePrefabTemplate(Clone) at (125.4, 1.6, 62.7)
[11:13:38] Master: spawned 5 zombies near (134.9, 1.6, 59.6)
[11:13:38] ZombieDriver[1]: SingleEnemyAI not found on GO — direct movement
[11:13:38] ZombieDriver[1]: cc=True aiReady=False hasAstar=False
[11:13:38] ZombieDriver[2]: SingleEnemyAI not found on GO — direct movement
[11:13:38] ZombieDriver[2]: cc=True aiReady=False hasAstar=False
[11:13:38] ZombieDriver[3]: SingleEnemyAI not found on GO — direct movement
[11:13:38] ZombieDriver[3]: cc=True aiReady=False hasAstar=False
[11:13:38] ZombieDriver[4]: SingleEnemyAI not found on GO — direct movement
[11:13:38] ZombieDriver[4]: cc=True aiReady=False hasAstar=False
[11:13:38] ZombieDriver[5]: SingleEnemyAI not found on GO — direct movement
[11:13:38] ZombieDriver[5]: cc=True aiReady=False hasAstar=False
[11:13:38] ZombieDriver[1]: SingleEnemyAI not found on GO — direct movement
[11:13:38] ZombieDriver[1]: cc=True aiReady=False hasAstar=False
[11:13:38] ZombieDriver[2]: SingleEnemyAI not found on GO — direct movement
[11:13:38] ZombieDriver[2]: cc=True aiReady=False hasAstar=False
[11:13:38] ZombieDriver[3]: SingleEnemyAI not found on GO — direct movement
[11:13:38] ZombieDriver[3]: cc=True aiReady=False hasAstar=False
[11:13:38] ZombieDriver[4]: SingleEnemyAI not found on GO — direct movement
[11:13:38] ZombieDriver[4]: cc=True aiReady=False hasAstar=False
[11:13:38] ZombieDriver[5]: SingleEnemyAI not found on GO — direct movement
[11:13:38] ZombieDriver[5]: cc=True aiReady=False hasAstar=False
[11:13:41] Diag: scene=FreeRun3_1 gameScene=True inRoom=True isMaster=True hasTemplate=True player=ExampleCharacter spawned=True
[11:13:41] Diag: scene=FreeRun3_1 gameScene=True inRoom=True isMaster=True hasTemplate=True player=ExampleCharacter spawned=True
[11:13:44] Diag: scene=FreeRun3_1 gameScene=True inRoom=True isMaster=True hasTemplate=True player=ExampleCharacter spawned=True
[11:13:44] Diag: scene=FreeRun3_1 gameScene=True inRoom=True isMaster=True hasTemplate=True player=ExampleCharacter spawned=True
[11:13:47] Diag: scene=FreeRun3_1 gameScene=True inRoom=True isMaster=True hasTemplate=True player=ExampleCharacter spawned=True
[11:13:47] Diag: scene=FreeRun3_1 gameScene=True inRoom=True isMaster=True hasTemplate=True player=ExampleCharacter spawned=True
[11:13:50] Diag: scene=FreeRun3_1 gameScene=True inRoom=True isMaster=True hasTemplate=True player=ExampleCharacter spawned=True
[11:13:50] Diag: scene=FreeRun3_1 gameScene=True inRoom=True isMaster=True hasTemplate=True player=ExampleCharacter spawned=True
[11:13:53] Diag: scene=FreeRun3_1 gameScene=True inRoom=True isMaster=True hasTemplate=True player=ExampleCharacter spawned=True
[11:13:53] Diag: scene=FreeRun3_1 gameScene=True inRoom=True isMaster=True hasTemplate=True player=ExampleCharacter spawned=True
[11:13:56] Diag: scene=FreeRun3_1 gameScene=True inRoom=True isMaster=True hasTemplate=True player=ExampleCharacter spawned=True
[11:13:56] Diag: scene=FreeRun3_1 gameScene=True inRoom=True isMaster=True hasTemplate=True player=ExampleCharacter spawned=True
[11:13:59] Diag: scene=FreeRun3_1 gameScene=True inRoom=True isMaster=True hasTemplate=True player=ExampleCharacter spawned=True
[11:13:59] Diag: scene=FreeRun3_1 gameScene=True inRoom=True isMaster=True hasTemplate=True player=ExampleCharacter spawned=True
[11:14:02] Diag: scene=FreeRun3_1 gameScene=True inRoom=True isMaster=True hasTemplate=True player=ExampleCharacter spawned=True
[11:14:02] Diag: scene=FreeRun3_1 gameScene=True inRoom=True isMaster=True hasTemplate=True player=ExampleCharacter spawned=True
[11:14:05] Diag: scene=FreeRun3_1 gameScene=True inRoom=True isMaster=True hasTemplate=True player=ExampleCharacter spawned=True
[11:14:05] Diag: scene=FreeRun3_1 gameScene=True inRoom=True isMaster=True hasTemplate=True player=ExampleCharacter spawned=True
[11:14:08] Diag: scene=FreeRun3_1 gameScene=True inRoom=True isMaster=True hasTemplate=True player=ExampleCharacter spawned=True
[11:14:08] Diag: scene=FreeRun3_1 gameScene=True inRoom=True isMaster=True hasTemplate=True player=ExampleCharacter spawned=True
[11:14:11] Diag: scene=FreeRun3_1 gameScene=True inRoom=True isMaster=True hasTemplate=True player=ExampleCharacter spawned=True
[11:14:11] Diag: scene=FreeRun3_1 gameScene=True inRoom=True isMaster=True hasTemplate=True player=ExampleCharacter spawned=True
[11:14:14] Diag: scene=FreeRun3_1 gameScene=True inRoom=True isMaster=True hasTemplate=True player=ExampleCharacter spawned=True
[11:14:14] Diag: scene=FreeRun3_1 gameScene=True inRoom=True isMaster=True hasTemplate=True player=ExampleCharacter spawned=True
[11:14:17] Diag: scene=FreeRun3_1 gameScene=True inRoom=True isMaster=True hasTemplate=True player=ExampleCharacter spawned=True
[11:14:17] Diag: scene=FreeRun3_1 gameScene=True inRoom=True isMaster=True hasTemplate=True player=ExampleCharacter spawned=True
[11:14:20] Diag: scene=FreeRun3_1 gameScene=True inRoom=True isMaster=True hasTemplate=True player=ExampleCharacter spawned=True
[11:14:20] Diag: scene=FreeRun3_1 gameScene=True inRoom=True isMaster=True hasTemplate=True player=ExampleCharacter spawned=True
[11:14:23] Diag: scene=FreeRun3_1 gameScene=True inRoom=True isMaster=True hasTemplate=True player=ExampleCharacter spawned=True
[11:14:23] Diag: scene=FreeRun3_1 gameScene=True inRoom=True isMaster=True hasTemplate=True player=ExampleCharacter spawned=True
[11:14:26] Diag: scene=FreeRun3_1 gameScene=True inRoom=True isMaster=True hasTemplate=True player=ExampleCharacter spawned=True
[11:14:26] Diag: scene=FreeRun3_1 gameScene=True inRoom=True isMaster=True hasTemplate=True player=ExampleCharacter spawned=True
[11:14:29] Diag: scene=FreeRun3_1 gameScene=True inRoom=True isMaster=True hasTemplate=True player=ExampleCharacter spawned=True
[11:14:29] Diag: scene=FreeRun3_1 gameScene=True inRoom=True isMaster=True hasTemplate=True player=ExampleCharacter spawned=True
[11:14:32] Diag: scene=FreeRun3_1 gameScene=True inRoom=True isMaster=True hasTemplate=True player=ExampleCharacter spawned=True
[11:14:32] Diag: scene=FreeRun3_1 gameScene=True inRoom=True isMaster=True hasTemplate=True player=ExampleCharacter spawned=True
[11:14:35] Diag: scene=FreeRun3_1 gameScene=True inRoom=True isMaster=True hasTemplate=True player=ExampleCharacter spawned=True
[11:14:35] Diag: scene=FreeRun3_1 gameScene=True inRoom=True isMaster=True hasTemplate=True player=ExampleCharacter spawned=True
[11:14:38] Diag: scene=FreeRun3_1 gameScene=True inRoom=True isMaster=True hasTemplate=True player=ExampleCharacter spawned=True
[11:14:38] Diag: scene=FreeRun3_1 gameScene=True inRoom=True isMaster=True hasTemplate=True player=ExampleCharacter spawned=True
[11:14:41] Diag: scene=FreeRun3_1 gameScene=True inRoom=True isMaster=True hasTemplate=True player=ExampleCharacter spawned=True
[11:14:41] Diag: scene=FreeRun3_1 gameScene=True inRoom=True isMaster=True hasTemplate=True player=ExampleCharacter spawned=True
[11:14:44] Diag: scene=FreeRun3_1 gameScene=True inRoom=True isMaster=True hasTemplate=True player=ExampleCharacter spawned=True
[11:14:44] Diag: scene=FreeRun3_1 gameScene=True inRoom=True isMaster=True hasTemplate=True player=ExampleCharacter spawned=True
[11:14:47] Diag: scene=FreeRun3_1 gameScene=True inRoom=True isMaster=True hasTemplate=True player=ExampleCharacter spawned=True
[11:14:47] Diag: scene=FreeRun3_1 gameScene=True inRoom=True isMaster=True hasTemplate=True player=ExampleCharacter spawned=True
[11:14:51] Diag: scene=FreeRun3_1 gameScene=True inRoom=True isMaster=True hasTemplate=True player=ExampleCharacter spawned=True
[11:14:51] Diag: scene=FreeRun3_1 gameScene=True inRoom=True isMaster=True hasTemplate=True player=ExampleCharacter spawned=True
[11:14:54] Diag: scene=FreeRun3_1 gameScene=True inRoom=True isMaster=True hasTemplate=True player=ExampleCharacter spawned=True
[11:14:54] Diag: scene=FreeRun3_1 gameScene=True inRoom=True isMaster=True hasTemplate=True player=ExampleCharacter spawned=True
[11:14:57] Diag: scene=FreeRun3_1 gameScene=True inRoom=True isMaster=True hasTemplate=True player=ExampleCharacter spawned=True
[11:14:57] Diag: scene=FreeRun3_1 gameScene=True inRoom=True isMaster=True hasTemplate=True player=ExampleCharacter spawned=True
[11:15:00] Diag: scene=FreeRun3_1 gameScene=True inRoom=True isMaster=True hasTemplate=True player=ExampleCharacter spawned=True
[11:15:00] Diag: scene=FreeRun3_1 gameScene=True inRoom=True isMaster=True hasTemplate=True player=ExampleCharacter spawned=True
[11:15:03] Diag: scene=FreeRun3_1 gameScene=True inRoom=True isMaster=True hasTemplate=True player=ExampleCharacter spawned=True
[11:15:03] Diag: scene=FreeRun3_1 gameScene=True inRoom=True isMaster=True hasTemplate=True player=ExampleCharacter spawned=True
[11:15:06] Diag: scene=FreeRun3_1 gameScene=True inRoom=True isMaster=True hasTemplate=True player=ExampleCharacter spawned=True
[11:15:06] Diag: scene=FreeRun3_1 gameScene=True inRoom=True isMaster=True hasTemplate=True player=ExampleCharacter spawned=True
[11:15:09] Diag: scene=FreeRun3_1 gameScene=True inRoom=True isMaster=True hasTemplate=True player=ExampleCharacter spawned=True
[11:15:09] Diag: scene=FreeRun3_1 gameScene=True inRoom=True isMaster=True hasTemplate=True player=ExampleCharacter spawned=True
[11:15:12] Diag: scene=FreeRun3_1 gameScene=True inRoom=True isMaster=True hasTemplate=True player=ExampleCharacter spawned=True
[11:15:12] Diag: scene=FreeRun3_1 gameScene=True inRoom=True isMaster=True hasTemplate=True player=ExampleCharacter spawned=True
[11:15:15] Diag: scene=FreeRun3_1 gameScene=True inRoom=True isMaster=True hasTemplate=True player=ExampleCharacter spawned=True
[11:15:15] Diag: scene=FreeRun3_1 gameScene=True inRoom=True isMaster=True hasTemplate=True player=ExampleCharacter spawned=True
[11:15:18] Diag: scene=FreeRun3_1 gameScene=True inRoom=True isMaster=True hasTemplate=True player=ExampleCharacter spawned=True
[11:15:18] Diag: scene=FreeRun3_1 gameScene=True inRoom=True isMaster=True hasTemplate=True player=ExampleCharacter spawned=True
[11:15:21] Diag: scene=FreeRun3_1 gameScene=True inRoom=True isMaster=True hasTemplate=True player=ExampleCharacter spawned=True
[11:15:21] Diag: scene=FreeRun3_1 gameScene=True inRoom=True isMaster=True hasTemplate=True player=ExampleCharacter spawned=True
[11:15:24] Diag: scene=FreeRun3_1 gameScene=True inRoom=True isMaster=True hasTemplate=True player=ExampleCharacter spawned=True
[11:15:24] Diag: scene=FreeRun3_1 gameScene=True inRoom=True isMaster=True hasTemplate=True player=ExampleCharacter spawned=True
[11:15:27] Diag: scene=FreeRun3_1 gameScene=True inRoom=True isMaster=True hasTemplate=True player=ExampleCharacter spawned=True
[11:15:27] Diag: scene=FreeRun3_1 gameScene=True inRoom=True isMaster=True hasTemplate=True player=ExampleCharacter spawned=True
[11:15:30] Diag: scene=FreeRun3_1 gameScene=True inRoom=True isMaster=True hasTemplate=True player=ExampleCharacter spawned=True
[11:15:30] Diag: scene=FreeRun3_1 gameScene=True inRoom=True isMaster=True hasTemplate=True player=ExampleCharacter spawned=True
[11:15:33] Diag: scene=FreeRun3_1 gameScene=True inRoom=True isMaster=True hasTemplate=True player=ExampleCharacter spawned=True
[11:15:33] Diag: scene=FreeRun3_1 gameScene=True inRoom=True isMaster=True hasTemplate=True player=ExampleCharacter spawned=True
[11:15:36] Diag: scene=FreeRun3_1 gameScene=True inRoom=True isMaster=True hasTemplate=True player=ExampleCharacter spawned=True
[11:15:36] Diag: scene=FreeRun3_1 gameScene=True inRoom=True isMaster=True hasTemplate=True player=ExampleCharacter spawned=True
[11:15:39] Diag: scene=FreeRun3_1 gameScene=True inRoom=True isMaster=True hasTemplate=True player=ExampleCharacter spawned=True
[11:15:39] Diag: scene=FreeRun3_1 gameScene=True inRoom=True isMaster=True hasTemplate=True player=ExampleCharacter spawned=True
[11:15:42] Diag: scene=FreeRun3_1 gameScene=True inRoom=True isMaster=True hasTemplate=True player=ExampleCharacter spawned=True
[11:15:42] Diag: scene=FreeRun3_1 gameScene=True inRoom=True isMaster=True hasTemplate=True player=ExampleCharacter spawned=True
[11:15:45] Diag: scene=FreeRun3_1 gameScene=True inRoom=True isMaster=True hasTemplate=True player=ExampleCharacter spawned=True
[11:15:45] Diag: scene=FreeRun3_1 gameScene=True inRoom=True isMaster=True hasTemplate=True player=ExampleCharacter spawned=True
[11:15:48] Diag: scene=FreeRun3_1 gameScene=True inRoom=True isMaster=True hasTemplate=True player=ExampleCharacter spawned=True
[11:15:48] Diag: scene=FreeRun3_1 gameScene=True inRoom=True isMaster=True hasTemplate=True player=ExampleCharacter spawned=True
[11:15:51] Diag: scene=FreeRun3_1 gameScene=True inRoom=True isMaster=True hasTemplate=True player=ExampleCharacter spawned=True
[11:15:51] Diag: scene=FreeRun3_1 gameScene=True inRoom=True isMaster=True hasTemplate=True player=ExampleCharacter spawned=True
[11:15:54] Diag: scene=FreeRun3_1 gameScene=True inRoom=True isMaster=True hasTemplate=True player=ExampleCharacter spawned=True
[11:15:54] Diag: scene=FreeRun3_1 gameScene=True inRoom=True isMaster=True hasTemplate=True player=ExampleCharacter spawned=True
[11:15:57] Diag: scene=FreeRun3_1 gameScene=True inRoom=True isMaster=True hasTemplate=True player=ExampleCharacter spawned=True
[11:15:57] Diag: scene=FreeRun3_1 gameScene=True inRoom=True isMaster=True hasTemplate=True player=ExampleCharacter spawned=True
[11:16:00] Diag: scene=FreeRun3_1 gameScene=True inRoom=True isMaster=True hasTemplate=True player=ExampleCharacter spawned=True
[11:16:00] Diag: scene=FreeRun3_1 gameScene=True inRoom=True isMaster=True hasTemplate=True player=ExampleCharacter spawned=True
[11:16:03] Diag: scene=FreeRun3_1 gameScene=True inRoom=True isMaster=True hasTemplate=True player=ExampleCharacter spawned=True
[11:16:03] Diag: scene=FreeRun3_1 gameScene=True inRoom=True isMaster=True hasTemplate=True player=ExampleCharacter spawned=True
[11:16:06] Diag: scene=FreeRun3_1 gameScene=True inRoom=True isMaster=True hasTemplate=True player=ExampleCharacter spawned=True
[11:16:06] Diag: scene=FreeRun3_1 gameScene=True inRoom=True isMaster=True hasTemplate=True player=ExampleCharacter spawned=True
[11:16:09] Diag: scene=FreeRun3_1 gameScene=True inRoom=True isMaster=True hasTemplate=True player=ExampleCharacter spawned=True
[11:16:09] Diag: scene=FreeRun3_1 gameScene=True inRoom=True isMaster=True hasTemplate=True player=ExampleCharacter spawned=True
[11:16:12] Diag: scene=FreeRun3_1 gameScene=True inRoom=True isMaster=True hasTemplate=True player=ExampleCharacter spawned=True
[11:16:12] Diag: scene=FreeRun3_1 gameScene=True inRoom=True isMaster=True hasTemplate=True player=ExampleCharacter spawned=True
[11:16:15] Diag: scene=FreeRun3_1 gameScene=True inRoom=True isMaster=True hasTemplate=True player=ExampleCharacter spawned=True
[11:16:15] Diag: scene=FreeRun3_1 gameScene=True inRoom=True isMaster=True hasTemplate=True player=ExampleCharacter spawned=True
[11:16:18] Diag: scene=FreeRun3_1 gameScene=True inRoom=True isMaster=True hasTemplate=True player=ExampleCharacter spawned=True
[11:16:18] Diag: scene=FreeRun3_1 gameScene=True inRoom=True isMaster=True hasTemplate=True player=ExampleCharacter spawned=True
[11:16:21] Diag: scene=FreeRun3_1 gameScene=True inRoom=True isMaster=True hasTemplate=True player=ExampleCharacter spawned=True
[11:16:21] Diag: scene=FreeRun3_1 gameScene=True inRoom=True isMaster=True hasTemplate=True player=ExampleCharacter spawned=True
[11:16:24] Diag: scene=FreeRun3_1 gameScene=True inRoom=True isMaster=True hasTemplate=True player=ExampleCharacter spawned=True
[11:16:24] Diag: scene=FreeRun3_1 gameScene=True inRoom=True isMaster=True hasTemplate=True player=ExampleCharacter spawned=True
[11:16:27] Diag: scene=FreeRun3_1 gameScene=True inRoom=True isMaster=True hasTemplate=True player=ExampleCharacter spawned=True
[11:16:27] Diag: scene=FreeRun3_1 gameScene=True inRoom=True isMaster=True hasTemplate=True player=ExampleCharacter spawned=True
[11:16:30] Diag: scene=FreeRun3_1 gameScene=True inRoom=True isMaster=True hasTemplate=True player=ExampleCharacter spawned=True
[11:16:30] Diag: scene=FreeRun3_1 gameScene=True inRoom=True isMaster=True hasTemplate=True player=ExampleCharacter spawned=True
[11:16:33] Diag: scene=FreeRun3_1 gameScene=True inRoom=True isMaster=True hasTemplate=True player=ExampleCharacter spawned=True
[11:16:33] Diag: scene=FreeRun3_1 gameScene=True inRoom=True isMaster=True hasTemplate=True player=ExampleCharacter spawned=True
[11:16:36] Diag: scene=FreeRun3_1 gameScene=True inRoom=True isMaster=True hasTemplate=True player=ExampleCharacter spawned=True
[11:16:36] Diag: scene=FreeRun3_1 gameScene=True inRoom=True isMaster=True hasTemplate=True player=ExampleCharacter spawned=True
[11:16:39] Diag: scene=FreeRun3_1 gameScene=True inRoom=True isMaster=True hasTemplate=True player=ExampleCharacter spawned=True
[11:16:39] Diag: scene=FreeRun3_1 gameScene=True inRoom=True isMaster=True hasTemplate=True player=ExampleCharacter spawned=True
[11:16:42] Diag: scene=FreeRun3_1 gameScene=True inRoom=True isMaster=True hasTemplate=True player=ExampleCharacter spawned=True
[11:16:42] Diag: scene=FreeRun3_1 gameScene=True inRoom=True isMaster=True hasTemplate=True player=ExampleCharacter spawned=True
[11:16:45] Diag: scene=FreeRun3_1 gameScene=True inRoom=True isMaster=True hasTemplate=True player=ExampleCharacter spawned=True
[11:16:45] Diag: scene=FreeRun3_1 gameScene=True inRoom=True isMaster=True hasTemplate=True player=ExampleCharacter spawned=True
[11:16:48] Diag: scene=FreeRun3_1 gameScene=True inRoom=True isMaster=True hasTemplate=True player=ExampleCharacter spawned=True
[11:16:48] Diag: scene=FreeRun3_1 gameScene=True inRoom=True isMaster=True hasTemplate=True player=ExampleCharacter spawned=True
[11:16:51] Diag: scene=FreeRun3_1 gameScene=True inRoom=True isMaster=True hasTemplate=True player=ExampleCharacter spawned=True
[11:16:51] Diag: scene=FreeRun3_1 gameScene=True inRoom=True isMaster=True hasTemplate=True player=ExampleCharacter spawned=True
[11:16:55] Diag: scene=FreeRun3_1 gameScene=True inRoom=True isMaster=True hasTemplate=True player=ExampleCharacter spawned=True
[11:16:55] Diag: scene=FreeRun3_1 gameScene=True inRoom=True isMaster=True hasTemplate=True player=ExampleCharacter spawned=True
[11:16:58] Diag: scene=FreeRun3_1 gameScene=True inRoom=True isMaster=True hasTemplate=True player=ExampleCharacter spawned=True
[11:16:58] Diag: scene=FreeRun3_1 gameScene=True inRoom=True isMaster=True hasTemplate=True player=ExampleCharacter spawned=True
[11:17:01] Diag: scene=FreeRun3_1 gameScene=True inRoom=True isMaster=True hasTemplate=True player=ExampleCharacter spawned=True
[11:17:01] Diag: scene=FreeRun3_1 gameScene=True inRoom=True isMaster=True hasTemplate=True player=ExampleCharacter spawned=True
[11:17:04] Diag: scene=FreeRun3_1 gameScene=True inRoom=True isMaster=True hasTemplate=True player=ExampleCharacter spawned=True
[11:17:04] Diag: scene=FreeRun3_1 gameScene=True inRoom=True isMaster=True hasTemplate=True player=ExampleCharacter spawned=True
[11:17:07] Diag: scene=FreeRun3_1 gameScene=True inRoom=True isMaster=True hasTemplate=True player=ExampleCharacter spawned=True
[11:17:07] Diag: scene=FreeRun3_1 gameScene=True inRoom=True isMaster=True hasTemplate=True player=ExampleCharacter spawned=True
[11:17:10] Diag: scene=FreeRun3_1 gameScene=True inRoom=True isMaster=True hasTemplate=True player=ExampleCharacter spawned=True
[11:17:10] Diag: scene=FreeRun3_1 gameScene=True inRoom=True isMaster=True hasTemplate=True player=ExampleCharacter spawned=True
[11:17:13] Diag: scene=FreeRun3_1 gameScene=True inRoom=True isMaster=True hasTemplate=True player=ExampleCharacter spawned=True
[11:17:13] Diag: scene=FreeRun3_1 gameScene=True inRoom=True isMaster=True hasTemplate=True player=ExampleCharacter spawned=True
[11:17:16] Diag: scene=FreeRun3_1 gameScene=True inRoom=True isMaster=True hasTemplate=True player=ExampleCharacter spawned=True
[11:17:16] Diag: scene=FreeRun3_1 gameScene=True inRoom=True isMaster=True hasTemplate=True player=ExampleCharacter spawned=True
[11:17:19] Diag: scene=FreeRun3_1 gameScene=True inRoom=True isMaster=True hasTemplate=True player=ExampleCharacter spawned=True
[11:17:19] Diag: scene=FreeRun3_1 gameScene=True inRoom=True isMaster=True hasTemplate=True player=ExampleCharacter spawned=True
[11:17:22] Diag: scene=FreeRun3_1 gameScene=True inRoom=True isMaster=True hasTemplate=True player=ExampleCharacter spawned=True
[11:17:22] Diag: scene=FreeRun3_1 gameScene=True inRoom=True isMaster=True hasTemplate=True player=ExampleCharacter spawned=True
[11:17:25] Diag: scene=FreeRun3_1 gameScene=True inRoom=True isMaster=True hasTemplate=True player=ExampleCharacter spawned=True
[11:17:25] Diag: scene=FreeRun3_1 gameScene=True inRoom=True isMaster=True hasTemplate=True player=ExampleCharacter spawned=True
[11:17:28] Diag: scene=FreeRun3_1 gameScene=True inRoom=True isMaster=True hasTemplate=True player=ExampleCharacter spawned=True
[11:17:28] Diag: scene=FreeRun3_1 gameScene=True inRoom=True isMaster=True hasTemplate=True player=ExampleCharacter spawned=True
[11:17:31] Diag: scene=FreeRun3_1 gameScene=True inRoom=True isMaster=True hasTemplate=True player=ExampleCharacter spawned=True
[11:17:31] Diag: scene=FreeRun3_1 gameScene=True inRoom=True isMaster=True hasTemplate=True player=ExampleCharacter spawned=True
[11:17:34] Diag: scene=FreeRun3_1 gameScene=True inRoom=True isMaster=True hasTemplate=True player=ExampleCharacter spawned=True
[11:17:34] Diag: scene=FreeRun3_1 gameScene=True inRoom=True isMaster=True hasTemplate=True player=ExampleCharacter spawned=True
[11:17:37] Diag: scene=FreeRun3_1 gameScene=True inRoom=True isMaster=True hasTemplate=True player=ExampleCharacter spawned=True
[11:17:37] Diag: scene=FreeRun3_1 gameScene=True inRoom=True isMaster=True hasTemplate=True player=ExampleCharacter spawned=True
[11:17:40] Diag: scene=FreeRun3_1 gameScene=True inRoom=True isMaster=True hasTemplate=True player=ExampleCharacter spawned=True
[11:17:40] Diag: scene=FreeRun3_1 gameScene=True inRoom=True isMaster=True hasTemplate=True player=ExampleCharacter spawned=True
[11:17:43] Diag: scene=FreeRun3_1 gameScene=True inRoom=True isMaster=True hasTemplate=True player=ExampleCharacter spawned=True
[11:17:43] Diag: scene=FreeRun3_1 gameScene=True inRoom=True isMaster=True hasTemplate=True player=ExampleCharacter spawned=True
[11:17:46] Diag: scene=FreeRun3_1 gameScene=True inRoom=True isMaster=True hasTemplate=True player=ExampleCharacter spawned=True
[11:17:46] Diag: scene=FreeRun3_1 gameScene=True inRoom=True isMaster=True hasTemplate=True player=ExampleCharacter spawned=True
[11:17:49] Diag: scene=FreeRun3_1 gameScene=True inRoom=True isMaster=True hasTemplate=True player=ExampleCharacter spawned=True
[11:17:49] Diag: scene=FreeRun3_1 gameScene=True inRoom=True isMaster=True hasTemplate=True player=ExampleCharacter spawned=True
[11:17:52] Diag: scene=FreeRun3_1 gameScene=True inRoom=True isMaster=True hasTemplate=True player=ExampleCharacter spawned=True
[11:17:52] Diag: scene=FreeRun3_1 gameScene=True inRoom=True isMaster=True hasTemplate=True player=ExampleCharacter spawned=True
[11:17:55] Diag: scene=FreeRun3_1 gameScene=True inRoom=True isMaster=True hasTemplate=True player=ExampleCharacter spawned=True
[11:17:55] Diag: scene=FreeRun3_1 gameScene=True inRoom=True isMaster=True hasTemplate=True player=ExampleCharacter spawned=True
[11:17:58] Diag: scene=FreeRun3_1 gameScene=True inRoom=True isMaster=True hasTemplate=True player=ExampleCharacter spawned=True
[11:17:58] Diag: scene=FreeRun3_1 gameScene=True inRoom=True isMaster=True hasTemplate=True player=ExampleCharacter spawned=True
[11:18:01] Diag: scene=FreeRun3_1 gameScene=True inRoom=True isMaster=True hasTemplate=True player=ExampleCharacter spawned=True
[11:18:01] Diag: scene=FreeRun3_1 gameScene=True inRoom=True isMaster=True hasTemplate=True player=ExampleCharacter spawned=True
[11:18:04] Diag: scene=FreeRun3_1 gameScene=True inRoom=True isMaster=True hasTemplate=True player=ExampleCharacter spawned=True
[11:18:04] Diag: scene=FreeRun3_1 gameScene=True inRoom=True isMaster=True hasTemplate=True player=ExampleCharacter spawned=True
[11:18:07] Diag: scene=FreeRun3_1 gameScene=True inRoom=True isMaster=True hasTemplate=True player=ExampleCharacter spawned=True
[11:18:07] Diag: scene=FreeRun3_1 gameScene=True inRoom=True isMaster=True hasTemplate=True player=ExampleCharacter spawned=True
[11:18:10] Diag: scene=FreeRun3_1 gameScene=True inRoom=True isMaster=True hasTemplate=True player=ExampleCharacter spawned=True
[11:18:10] Diag: scene=FreeRun3_1 gameScene=True inRoom=True isMaster=True hasTemplate=True player=ExampleCharacter spawned=True
[11:18:13] Diag: scene=FreeRun3_1 gameScene=True inRoom=True isMaster=True hasTemplate=True player=ExampleCharacter spawned=True
[11:18:13] Diag: scene=FreeRun3_1 gameScene=True inRoom=True isMaster=True hasTemplate=True player=ExampleCharacter spawned=True
[11:18:16] Diag: scene=FreeRun3_1 gameScene=True inRoom=True isMaster=True hasTemplate=True player=ExampleCharacter spawned=True
[11:18:16] Diag: scene=FreeRun3_1 gameScene=True inRoom=True isMaster=True hasTemplate=True player=ExampleCharacter spawned=True
[11:18:19] Diag: scene=FreeRun3_1 gameScene=True inRoom=True isMaster=True hasTemplate=True player=ExampleCharacter spawned=True
[11:18:19] Diag: scene=FreeRun3_1 gameScene=True inRoom=True isMaster=True hasTemplate=True player=ExampleCharacter spawned=True
[11:18:22] Diag: scene=FreeRun3_1 gameScene=True inRoom=True isMaster=True hasTemplate=True player=ExampleCharacter spawned=True
[11:18:22] Diag: scene=FreeRun3_1 gameScene=True inRoom=True isMaster=True hasTemplate=True player=ExampleCharacter spawned=True
[11:18:25] Diag: scene=FreeRun3_1 gameScene=True inRoom=True isMaster=True hasTemplate=True player=ExampleCharacter spawned=True
[11:18:25] Diag: scene=FreeRun3_1 gameScene=True inRoom=True isMaster=True hasTemplate=True player=ExampleCharacter spawned=True
[11:18:28] Diag: scene=FreeRun3_1 gameScene=True inRoom=True isMaster=True hasTemplate=True player=ExampleCharacter spawned=True
[11:18:28] Diag: scene=FreeRun3_1 gameScene=True inRoom=True isMaster=True hasTemplate=True player=ExampleCharacter spawned=True
[11:18:31] Diag: scene=FreeRun3_1 gameScene=True inRoom=True isMaster=True hasTemplate=True player=ExampleCharacter spawned=True
[11:18:31] Diag: scene=FreeRun3_1 gameScene=True inRoom=True isMaster=True hasTemplate=True player=ExampleCharacter spawned=True
[11:18:34] Diag: scene=FreeRun3_1 gameScene=True inRoom=True isMaster=True hasTemplate=True player=ExampleCharacter spawned=True
[11:18:34] Diag: scene=FreeRun3_1 gameScene=True inRoom=True isMaster=True hasTemplate=True player=ExampleCharacter spawned=True
[11:18:37] Diag: scene=FreeRun3_1 gameScene=True inRoom=True isMaster=True hasTemplate=True player=ExampleCharacter spawned=True
[11:18:37] Diag: scene=FreeRun3_1 gameScene=True inRoom=True isMaster=True hasTemplate=True player=ExampleCharacter spawned=True
[11:18:40] Diag: scene=FreeRun3_1 gameScene=True inRoom=True isMaster=True hasTemplate=True player=ExampleCharacter spawned=True
[11:18:40] Diag: scene=FreeRun3_1 gameScene=True inRoom=True isMaster=True hasTemplate=True player=ExampleCharacter spawned=True
[11:18:43] Diag: scene=FreeRun3_1 gameScene=True inRoom=True isMaster=True hasTemplate=True player=ExampleCharacter spawned=True
[11:18:43] Diag: scene=FreeRun3_1 gameScene=True inRoom=True isMaster=True hasTemplate=True player=ExampleCharacter spawned=True
[11:18:46] Diag: scene=FreeRun3_1 gameScene=True inRoom=True isMaster=True hasTemplate=True player=ExampleCharacter spawned=True
[11:18:46] Diag: scene=FreeRun3_1 gameScene=True inRoom=True isMaster=True hasTemplate=True player=ExampleCharacter spawned=True
[11:18:49] Diag: scene=FreeRun3_1 gameScene=True inRoom=True isMaster=True hasTemplate=True player=ExampleCharacter spawned=True
[11:18:49] Diag: scene=FreeRun3_1 gameScene=True inRoom=True isMaster=True hasTemplate=True player=ExampleCharacter spawned=True
[11:18:52] Diag: scene=FreeRun3_1 gameScene=True inRoom=True isMaster=True hasTemplate=True player=ExampleCharacter spawned=True
[11:18:52] Diag: scene=FreeRun3_1 gameScene=True inRoom=True isMaster=True hasTemplate=True player=ExampleCharacter spawned=True
[11:18:55] Diag: scene=FreeRun3_1 gameScene=True inRoom=True isMaster=True hasTemplate=True player=ExampleCharacter spawned=True
[11:18:55] Diag: scene=FreeRun3_1 gameScene=True inRoom=True isMaster=True hasTemplate=True player=ExampleCharacter spawned=True
[11:18:59] Diag: scene=FreeRun3_1 gameScene=True inRoom=True isMaster=True hasTemplate=True player=ExampleCharacter spawned=True
[11:18:59] Diag: scene=FreeRun3_1 gameScene=True inRoom=True isMaster=True hasTemplate=True player=ExampleCharacter spawned=True
[11:19:02] Diag: scene=FreeRun3_1 gameScene=True inRoom=True isMaster=True hasTemplate=True player=ExampleCharacter spawned=True
[11:19:02] Diag: scene=FreeRun3_1 gameScene=True inRoom=True isMaster=True hasTemplate=True player=ExampleCharacter spawned=True
[11:19:05] Diag: scene=FreeRun3_1 gameScene=True inRoom=True isMaster=True hasTemplate=True player=ExampleCharacter spawned=True
[11:19:05] Diag: scene=FreeRun3_1 gameScene=True inRoom=True isMaster=True hasTemplate=True player=ExampleCharacter spawned=True
[11:19:08] Diag: scene=FreeRun3_1 gameScene=True inRoom=True isMaster=True hasTemplate=True player=ExampleCharacter spawned=True
[11:19:08] Diag: scene=FreeRun3_1 gameScene=True inRoom=True isMaster=True hasTemplate=True player=ExampleCharacter spawned=True
[11:19:11] Diag: scene=FreeRun3_1 gameScene=True inRoom=True isMaster=True hasTemplate=True player=ExampleCharacter spawned=True
[11:19:11] Diag: scene=FreeRun3_1 gameScene=True inRoom=True isMaster=True hasTemplate=True player=ExampleCharacter spawned=True
[11:19:14] Diag: scene=FreeRun3_1 gameScene=True inRoom=True isMaster=True hasTemplate=True player=ExampleCharacter spawned=True
[11:19:14] Diag: scene=FreeRun3_1 gameScene=True inRoom=True isMaster=True hasTemplate=True player=ExampleCharacter spawned=True
[11:19:17] Diag: scene=FreeRun3_1 gameScene=True inRoom=True isMaster=True hasTemplate=True player=ExampleCharacter spawned=True
[11:19:17] Diag: scene=FreeRun3_1 gameScene=True inRoom=True isMaster=True hasTemplate=True player=ExampleCharacter spawned=True
[11:19:20] Diag: scene=FreeRun3_1 gameScene=True inRoom=True isMaster=True hasTemplate=True player=ExampleCharacter spawned=True
[11:19:20] Diag: scene=FreeRun3_1 gameScene=True inRoom=True isMaster=True hasTemplate=True player=ExampleCharacter spawned=True
[11:19:23] Diag: scene=FreeRun3_1 gameScene=True inRoom=True isMaster=True hasTemplate=True player=ExampleCharacter spawned=True
[11:19:23] Diag: scene=FreeRun3_1 gameScene=True inRoom=True isMaster=True hasTemplate=True player=ExampleCharacter spawned=True
[11:19:26] Diag: scene=FreeRun3_1 gameScene=True inRoom=True isMaster=True hasTemplate=True player=ExampleCharacter spawned=True
[11:19:26] Diag: scene=FreeRun3_1 gameScene=True inRoom=True isMaster=True hasTemplate=True player=ExampleCharacter spawned=True
[11:19:29] Diag: scene=FreeRun3_1 gameScene=True inRoom=True isMaster=True hasTemplate=True player=ExampleCharacter spawned=True
[11:19:29] Diag: scene=FreeRun3_1 gameScene=True inRoom=True isMaster=True hasTemplate=True player=ExampleCharacter spawned=True
[11:19:32] Diag: scene=FreeRun3_1 gameScene=True inRoom=True isMaster=True hasTemplate=True player=ExampleCharacter spawned=True
[11:19:32] Diag: scene=FreeRun3_1 gameScene=True inRoom=True isMaster=True hasTemplate=True player=ExampleCharacter spawned=True
[11:19:35] Diag: scene=FreeRun3_1 gameScene=True inRoom=True isMaster=True hasTemplate=True player=ExampleCharacter spawned=True
[11:19:35] Diag: scene=FreeRun3_1 gameScene=True inRoom=True isMaster=True hasTemplate=True player=ExampleCharacter spawned=True
[11:19:38] Diag: scene=FreeRun3_1 gameScene=True inRoom=True isMaster=True hasTemplate=True player=ExampleCharacter spawned=True
[11:19:38] Diag: scene=FreeRun3_1 gameScene=True inRoom=True isMaster=True hasTemplate=True player=ExampleCharacter spawned=True
[11:19:41] Diag: scene=FreeRun3_1 gameScene=True inRoom=True isMaster=True hasTemplate=True player=ExampleCharacter spawned=True
[11:19:41] Diag: scene=FreeRun3_1 gameScene=True inRoom=True isMaster=True hasTemplate=True player=ExampleCharacter spawned=True
[11:19:44] Diag: scene=FreeRun3_1 gameScene=True inRoom=True isMaster=True hasTemplate=True player=ExampleCharacter spawned=True
[11:19:44] Diag: scene=FreeRun3_1 gameScene=True inRoom=True isMaster=True hasTemplate=True player=ExampleCharacter spawned=True
[11:19:47] Diag: scene=FreeRun3_1 gameScene=True inRoom=True isMaster=True hasTemplate=True player=ExampleCharacter spawned=True
[11:19:47] Diag: scene=FreeRun3_1 gameScene=True inRoom=True isMaster=True hasTemplate=True player=ExampleCharacter spawned=True
[11:19:50] Diag: scene=FreeRun3_1 gameScene=True inRoom=True isMaster=True hasTemplate=True player=ExampleCharacter spawned=True
[11:19:50] Diag: scene=FreeRun3_1 gameScene=True inRoom=True isMaster=True hasTemplate=True player=ExampleCharacter spawned=True
[11:19:53] Diag: scene=FreeRun3_1 gameScene=True inRoom=True isMaster=True hasTemplate=True player=ExampleCharacter spawned=True
[11:19:53] Diag: scene=FreeRun3_1 gameScene=True inRoom=True isMaster=True hasTemplate=True player=ExampleCharacter spawned=True
[11:19:56] Diag: scene=FreeRun3_1 gameScene=True inRoom=True isMaster=True hasTemplate=True player=ExampleCharacter spawned=True
[11:19:56] Diag: scene=FreeRun3_1 gameScene=True inRoom=True isMaster=True hasTemplate=True player=ExampleCharacter spawned=True
[11:19:59] Diag: scene=FreeRun3_1 gameScene=True inRoom=True isMaster=True hasTemplate=True player=ExampleCharacter spawned=True
[11:19:59] Diag: scene=FreeRun3_1 gameScene=True inRoom=True isMaster=True hasTemplate=True player=ExampleCharacter spawned=True
[11:20:02] Diag: scene=FreeRun3_1 gameScene=True inRoom=True isMaster=True hasTemplate=True player=ExampleCharacter spawned=True
[11:20:02] Diag: scene=FreeRun3_1 gameScene=True inRoom=True isMaster=True hasTemplate=True player=ExampleCharacter spawned=True
[11:20:05] Diag: scene=FreeRun3_1 gameScene=True inRoom=True isMaster=True hasTemplate=True player=ExampleCharacter spawned=True
[11:20:05] Diag: scene=FreeRun3_1 gameScene=True inRoom=True isMaster=True hasTemplate=True player=ExampleCharacter spawned=True
[11:20:08] Diag: scene=FreeRun3_1 gameScene=True inRoom=True isMaster=True hasTemplate=True player=ExampleCharacter spawned=True
[11:20:08] Diag: scene=FreeRun3_1 gameScene=True inRoom=True isMaster=True hasTemplate=True player=ExampleCharacter spawned=True
[11:20:11] Diag: scene=FreeRun3_1 gameScene=True inRoom=True isMaster=True hasTemplate=True player=ExampleCharacter spawned=True
[11:20:11] Diag: scene=FreeRun3_1 gameScene=True inRoom=True isMaster=True hasTemplate=True player=ExampleCharacter spawned=True
[11:20:14] Diag: scene=FreeRun3_1 gameScene=True inRoom=True isMaster=True hasTemplate=True player=ExampleCharacter spawned=True
[11:20:14] Diag: scene=FreeRun3_1 gameScene=True inRoom=True isMaster=True hasTemplate=True player=ExampleCharacter spawned=True
[11:20:17] Diag: scene=FreeRun3_1 gameScene=True inRoom=True isMaster=True hasTemplate=True player=ExampleCharacter spawned=True
[11:20:17] Diag: scene=FreeRun3_1 gameScene=True inRoom=True isMaster=True hasTemplate=True player=ExampleCharacter spawned=True
[11:20:20] Diag: scene=FreeRun3_1 gameScene=True inRoom=True isMaster=True hasTemplate=True player=ExampleCharacter spawned=True
[11:20:20] Diag: scene=FreeRun3_1 gameScene=True inRoom=True isMaster=True hasTemplate=True player=ExampleCharacter spawned=True
[11:20:23] Diag: scene=FreeRun3_1 gameScene=True inRoom=True isMaster=True hasTemplate=True player=ExampleCharacter spawned=True
[11:20:23] Diag: scene=FreeRun3_1 gameScene=True inRoom=True isMaster=True hasTemplate=True player=ExampleCharacter spawned=True
[11:20:26] Diag: scene=FreeRun3_1 gameScene=True inRoom=True isMaster=True hasTemplate=True player=ExampleCharacter spawned=True
[11:20:26] Diag: scene=FreeRun3_1 gameScene=True inRoom=True isMaster=True hasTemplate=True player=ExampleCharacter spawned=True
[11:20:29] Diag: scene=FreeRun3_1 gameScene=True inRoom=True isMaster=True hasTemplate=True player=ExampleCharacter spawned=True
[11:20:29] Diag: scene=FreeRun3_1 gameScene=True inRoom=True isMaster=True hasTemplate=True player=ExampleCharacter spawned=True
[11:20:32] Diag: scene=FreeRun3_1 gameScene=True inRoom=True isMaster=True hasTemplate=True player=ExampleCharacter spawned=True
[11:20:32] Diag: scene=FreeRun3_1 gameScene=True inRoom=True isMaster=True hasTemplate=True player=ExampleCharacter spawned=True
[11:20:35] Diag: scene=FreeRun3_1 gameScene=True inRoom=True isMaster=True hasTemplate=True player=ExampleCharacter spawned=True
[11:20:35] Diag: scene=FreeRun3_1 gameScene=True inRoom=True isMaster=True hasTemplate=True player=ExampleCharacter spawned=True
[11:20:38] Diag: scene=FreeRun3_1 gameScene=True inRoom=True isMaster=True hasTemplate=True player=ExampleCharacter spawned=True
[11:20:38] Diag: scene=FreeRun3_1 gameScene=True inRoom=True isMaster=True hasTemplate=True player=ExampleCharacter spawned=True
[11:20:41] Diag: scene=FreeRun3_1 gameScene=True inRoom=True isMaster=True hasTemplate=True player=ExampleCharacter spawned=True
[11:20:41] Diag: scene=FreeRun3_1 gameScene=True inRoom=True isMaster=True hasTemplate=True player=ExampleCharacter spawned=True
[11:20:44] Diag: scene=FreeRun3_1 gameScene=True inRoom=True isMaster=True hasTemplate=True player=ExampleCharacter spawned=True
[11:20:44] Diag: scene=FreeRun3_1 gameScene=True inRoom=True isMaster=True hasTemplate=True player=ExampleCharacter spawned=True
[11:20:47] Diag: scene=FreeRun3_1 gameScene=True inRoom=True isMaster=True hasTemplate=True player=ExampleCharacter spawned=True
[11:20:47] Diag: scene=FreeRun3_1 gameScene=True inRoom=True isMaster=True hasTemplate=True player=ExampleCharacter spawned=True
[11:20:50] Diag: scene=FreeRun3_1 gameScene=True inRoom=True isMaster=True hasTemplate=True player=ExampleCharacter spawned=True
[11:20:50] Diag: scene=FreeRun3_1 gameScene=True inRoom=True isMaster=True hasTemplate=True player=ExampleCharacter spawned=True
[11:20:53] Diag: scene=FreeRun3_1 gameScene=True inRoom=True isMaster=True hasTemplate=True player=ExampleCharacter spawned=True
[11:20:53] Diag: scene=FreeRun3_1 gameScene=True inRoom=True isMaster=True hasTemplate=True player=ExampleCharacter spawned=True
[11:20:56] Diag: scene=FreeRun3_1 gameScene=True inRoom=True isMaster=True hasTemplate=True player=ExampleCharacter spawned=True
[11:20:56] Diag: scene=FreeRun3_1 gameScene=True inRoom=True isMaster=True hasTemplate=True player=ExampleCharacter spawned=True
[11:20:59] Diag: scene=FreeRun3_1 gameScene=True inRoom=True isMaster=True hasTemplate=True player=ExampleCharacter spawned=True
[11:20:59] Diag: scene=FreeRun3_1 gameScene=True inRoom=True isMaster=True hasTemplate=True player=ExampleCharacter spawned=True
[11:21:03] Diag: scene=FreeRun3_1 gameScene=True inRoom=True isMaster=True hasTemplate=True player=ExampleCharacter spawned=True
[11:21:03] Diag: scene=FreeRun3_1 gameScene=True inRoom=True isMaster=True hasTemplate=True player=ExampleCharacter spawned=True
[11:21:06] Diag: scene=FreeRun3_1 gameScene=True inRoom=True isMaster=True hasTemplate=True player=ExampleCharacter spawned=True
[11:21:06] Diag: scene=FreeRun3_1 gameScene=True inRoom=True isMaster=True hasTemplate=True player=ExampleCharacter spawned=True
[11:21:09] Diag: scene=FreeRun3_1 gameScene=True inRoom=True isMaster=True hasTemplate=True player=ExampleCharacter spawned=True
[11:21:09] Diag: scene=FreeRun3_1 gameScene=True inRoom=True isMaster=True hasTemplate=True player=ExampleCharacter spawned=True
[11:21:12] Diag: scene=FreeRun3_1 gameScene=True inRoom=True isMaster=True hasTemplate=True player=ExampleCharacter spawned=True
[11:21:12] Diag: scene=FreeRun3_1 gameScene=True inRoom=True isMaster=True hasTemplate=True player=ExampleCharacter spawned=True
[11:21:15] Diag: scene=FreeRun3_1 gameScene=True inRoom=True isMaster=True hasTemplate=True player=ExampleCharacter spawned=True
[11:21:15] Diag: scene=FreeRun3_1 gameScene=True inRoom=True isMaster=True hasTemplate=True player=ExampleCharacter spawned=True
[11:21:18] Diag: scene=FreeRun3_1 gameScene=True inRoom=True isMaster=True hasTemplate=True player=ExampleCharacter spawned=True
[11:21:18] Diag: scene=FreeRun3_1 gameScene=True inRoom=True isMaster=True hasTemplate=True player=ExampleCharacter spawned=True
[11:21:21] Diag: scene=FreeRun3_1 gameScene=True inRoom=True isMaster=True hasTemplate=True player=ExampleCharacter spawned=True
[11:21:21] Diag: scene=FreeRun3_1 gameScene=True inRoom=True isMaster=True hasTemplate=True player=ExampleCharacter spawned=True
[11:21:24] Diag: scene=FreeRun3_1 gameScene=True inRoom=True isMaster=True hasTemplate=True player=ExampleCharacter spawned=True
[11:21:24] Diag: scene=FreeRun3_1 gameScene=True inRoom=True isMaster=True hasTemplate=True player=ExampleCharacter spawned=True
[11:21:27] Diag: scene=FreeRun3_1 gameScene=True inRoom=True isMaster=True hasTemplate=True player=ExampleCharacter spawned=True
[11:21:27] Diag: scene=FreeRun3_1 gameScene=True inRoom=True isMaster=True hasTemplate=True player=ExampleCharacter spawned=True
[11:21:30] Diag: scene=FreeRun3_1 gameScene=True inRoom=True isMaster=True hasTemplate=True player=ExampleCharacter spawned=True
[11:21:30] Diag: scene=FreeRun3_1 gameScene=True inRoom=True isMaster=True hasTemplate=True player=ExampleCharacter spawned=True
[11:21:33] Diag: scene=FreeRun3_1 gameScene=True inRoom=True isMaster=True hasTemplate=True player=ExampleCharacter spawned=True
[11:21:33] Diag: scene=FreeRun3_1 gameScene=True inRoom=True isMaster=True hasTemplate=True player=ExampleCharacter spawned=True
[11:21:36] Diag: scene=FreeRun3_1 gameScene=True inRoom=True isMaster=True hasTemplate=True player=ExampleCharacter spawned=True
[11:21:36] Diag: scene=FreeRun3_1 gameScene=True inRoom=True isMaster=True hasTemplate=True player=ExampleCharacter spawned=True
[11:21:39] Diag: scene=FreeRun3_1 gameScene=True inRoom=True isMaster=True hasTemplate=True player=ExampleCharacter spawned=True
[11:21:39] Diag: scene=FreeRun3_1 gameScene=True inRoom=True isMaster=True hasTemplate=True player=ExampleCharacter spawned=True
[11:21:42] Diag: scene=FreeRun3_1 gameScene=True inRoom=True isMaster=True hasTemplate=True player=ExampleCharacter spawned=True
[11:21:42] Diag: scene=FreeRun3_1 gameScene=True inRoom=True isMaster=True hasTemplate=True player=ExampleCharacter spawned=True
[11:21:45] Diag: scene=FreeRun3_1 gameScene=True inRoom=True isMaster=True hasTemplate=True player=ExampleCharacter spawned=True
[11:21:45] Diag: scene=FreeRun3_1 gameScene=True inRoom=True isMaster=True hasTemplate=True player=ExampleCharacter spawned=True
[11:21:48] Diag: scene=FreeRun3_1 gameScene=True inRoom=True isMaster=True hasTemplate=True player=ExampleCharacter spawned=True
[11:21:48] Diag: scene=FreeRun3_1 gameScene=True inRoom=True isMaster=True hasTemplate=True player=ExampleCharacter spawned=True
[11:21:51] Diag: scene=FreeRun3_1 gameScene=True inRoom=True isMaster=True hasTemplate=True player=ExampleCharacter spawned=True
[11:21:51] Diag: scene=FreeRun3_1 gameScene=True inRoom=True isMaster=True hasTemplate=True player=ExampleCharacter spawned=True
[11:21:54] Diag: scene=FreeRun3_1 gameScene=True inRoom=True isMaster=True hasTemplate=True player=ExampleCharacter spawned=True
[11:21:54] Diag: scene=FreeRun3_1 gameScene=True inRoom=True isMaster=True hasTemplate=True player=ExampleCharacter spawned=True
[11:21:57] Diag: scene=FreeRun3_1 gameScene=True inRoom=True isMaster=True hasTemplate=True player=ExampleCharacter spawned=True
[11:21:57] Diag: scene=FreeRun3_1 gameScene=True inRoom=True isMaster=True hasTemplate=True player=ExampleCharacter spawned=True
[11:22:00] Diag: scene=FreeRun3_1 gameScene=True inRoom=True isMaster=True hasTemplate=True player=ExampleCharacter spawned=True
[11:22:00] Diag: scene=FreeRun3_1 gameScene=True inRoom=True isMaster=True hasTemplate=True player=ExampleCharacter spawned=True
[11:22:03] Diag: scene=FreeRun3_1 gameScene=True inRoom=True isMaster=True hasTemplate=True player=ExampleCharacter spawned=True
[11:22:03] Diag: scene=FreeRun3_1 gameScene=True inRoom=True isMaster=True hasTemplate=True player=ExampleCharacter spawned=True
[11:22:06] Diag: scene=FreeRun3_1 gameScene=True inRoom=True isMaster=True hasTemplate=True player=ExampleCharacter spawned=True
[11:22:06] Diag: scene=FreeRun3_1 gameScene=True inRoom=True isMaster=True hasTemplate=True player=ExampleCharacter spawned=True
[11:22:09] Diag: scene=FreeRun3_1 gameScene=True inRoom=True isMaster=True hasTemplate=True player=ExampleCharacter spawned=True
[11:22:09] Diag: scene=FreeRun3_1 gameScene=True inRoom=True isMaster=True hasTemplate=True player=ExampleCharacter spawned=True
[11:22:12] Diag: scene=FreeRun3_1 gameScene=True inRoom=True isMaster=True hasTemplate=True player=ExampleCharacter spawned=True
[11:22:12] Diag: scene=FreeRun3_1 gameScene=True inRoom=True isMaster=True hasTemplate=True player=ExampleCharacter spawned=True
[11:22:15] Diag: scene=FreeRun3_1 gameScene=True inRoom=True isMaster=True hasTemplate=True player=ExampleCharacter spawned=True
[11:22:15] Diag: scene=FreeRun3_1 gameScene=True inRoom=True isMaster=True hasTemplate=True player=ExampleCharacter spawned=True
[11:22:18] Diag: scene=FreeRun3_1 gameScene=True inRoom=True isMaster=True hasTemplate=True player=ExampleCharacter spawned=True
[11:22:18] Diag: scene=FreeRun3_1 gameScene=True inRoom=True isMaster=True hasTemplate=True player=ExampleCharacter spawned=True
[11:22:21] Diag: scene=FreeRun3_1 gameScene=True inRoom=True isMaster=True hasTemplate=True player=ExampleCharacter spawned=True
[11:22:21] Diag: scene=FreeRun3_1 gameScene=True inRoom=True isMaster=True hasTemplate=True player=ExampleCharacter spawned=True
[11:22:24] Diag: scene=FreeRun3_1 gameScene=True inRoom=True isMaster=True hasTemplate=True player=ExampleCharacter spawned=True
[11:22:24] Diag: scene=FreeRun3_1 gameScene=True inRoom=True isMaster=True hasTemplate=True player=ExampleCharacter spawned=True
[11:22:27] Diag: scene=FreeRun3_1 gameScene=True inRoom=True isMaster=True hasTemplate=True player=ExampleCharacter spawned=True
[11:22:27] Diag: scene=FreeRun3_1 gameScene=True inRoom=True isMaster=True hasTemplate=True player=ExampleCharacter spawned=True
[11:22:30] Diag: scene=FreeRun3_1 gameScene=True inRoom=True isMaster=True hasTemplate=True player=ExampleCharacter spawned=True
[11:22:30] Diag: scene=FreeRun3_1 gameScene=True inRoom=True isMaster=True hasTemplate=True player=ExampleCharacter spawned=True
[11:22:33] Diag: scene=FreeRun3_1 gameScene=True inRoom=True isMaster=True hasTemplate=True player=ExampleCharacter spawned=True
[11:22:33] Diag: scene=FreeRun3_1 gameScene=True inRoom=True isMaster=True hasTemplate=True player=ExampleCharacter spawned=True
[11:22:36] Diag: scene=FreeRun3_1 gameScene=True inRoom=True isMaster=True hasTemplate=True player=ExampleCharacter spawned=True
[11:22:36] Diag: scene=FreeRun3_1 gameScene=True inRoom=True isMaster=True hasTemplate=True player=ExampleCharacter spawned=True
[11:22:39] Diag: scene=FreeRun3_1 gameScene=True inRoom=True isMaster=True hasTemplate=True player=ExampleCharacter spawned=True
[11:22:39] Diag: scene=FreeRun3_1 gameScene=True inRoom=True isMaster=True hasTemplate=True player=ExampleCharacter spawned=True
[11:22:42] Diag: scene=FreeRun3_1 gameScene=True inRoom=True isMaster=True hasTemplate=True player=ExampleCharacter spawned=True
[11:22:42] Diag: scene=FreeRun3_1 gameScene=True inRoom=True isMaster=True hasTemplate=True player=ExampleCharacter spawned=True
[11:22:45] Diag: scene=FreeRun3_1 gameScene=True inRoom=True isMaster=True hasTemplate=True player=ExampleCharacter spawned=True
[11:22:45] Diag: scene=FreeRun3_1 gameScene=True inRoom=True isMaster=True hasTemplate=True player=ExampleCharacter spawned=True
[11:22:48] Diag: scene=FreeRun3_1 gameScene=True inRoom=True isMaster=True hasTemplate=True player=ExampleCharacter spawned=True
[11:22:48] Diag: scene=FreeRun3_1 gameScene=True inRoom=True isMaster=True hasTemplate=True player=ExampleCharacter spawned=True
[11:22:51] Diag: scene=FreeRun3_1 gameScene=True inRoom=True isMaster=True hasTemplate=True player=ExampleCharacter spawned=True
[11:22:51] Diag: scene=FreeRun3_1 gameScene=True inRoom=True isMaster=True hasTemplate=True player=ExampleCharacter spawned=True
[11:22:54] Diag: scene=FreeRun3_1 gameScene=True inRoom=True isMaster=True hasTemplate=True player=ExampleCharacter spawned=True
[11:22:54] Diag: scene=FreeRun3_1 gameScene=True inRoom=True isMaster=True hasTemplate=True player=ExampleCharacter spawned=True
[11:22:57] === CNRZombieMod v0.3.0 loaded ===
[11:22:57] === CNRZombieMod v0.3.0 loaded ===
[11:22:57] Proxy installed, wrapping PhotonHandler
[11:22:57] Diag: scene=MainMenu gameScene=False inRoom=False isMaster=False hasTemplate=False player=null spawned=False
[11:22:57] Diag: scene=MainMenu gameScene=False inRoom=False isMaster=False hasTemplate=False player=null spawned=False
[11:23:01] Diag: scene=MainMenu gameScene=False inRoom=False isMaster=False hasTemplate=False player=null spawned=False
[11:23:01] Diag: scene=MainMenu gameScene=False inRoom=False isMaster=False hasTemplate=False player=null spawned=False
[11:23:04] Diag: scene=MainMenu gameScene=False inRoom=False isMaster=False hasTemplate=False player=null spawned=False
[11:23:04] Diag: scene=MainMenu gameScene=False inRoom=False isMaster=False hasTemplate=False player=null spawned=False
[11:23:07] Diag: scene=MainMenu gameScene=False inRoom=False isMaster=False hasTemplate=False player=null spawned=False
[11:23:07] Diag: scene=MainMenu gameScene=False inRoom=False isMaster=False hasTemplate=False player=null spawned=False
[11:23:10] Diag: scene=MainMenu gameScene=False inRoom=False isMaster=False hasTemplate=False player=null spawned=False
[11:23:10] Diag: scene=MainMenu gameScene=False inRoom=False isMaster=False hasTemplate=False player=null spawned=False
[11:23:12] TryCachePrefab: scene=MultiplayerSelect
[11:23:12] FindSourcePrefab: Game.mInstance=null
[11:23:12] FindSourcePrefab: SingleEnemyManager.mInstance=null
[11:23:12] TryCachePrefab: no source found in MultiplayerSelect
[11:23:12] TryCachePrefab: scene=MultiplayerSelect
[11:23:12] FindSourcePrefab: Game.mInstance=null
[11:23:12] FindSourcePrefab: SingleEnemyManager.mInstance=null
[11:23:12] TryCachePrefab: no source found in MultiplayerSelect
[11:23:13] Diag: scene=MultiplayerSelect gameScene=False inRoom=False isMaster=False hasTemplate=False player=null spawned=False
[11:23:13] Diag: scene=MultiplayerSelect gameScene=False inRoom=False isMaster=False hasTemplate=False player=null spawned=False
[11:23:16] Diag: scene=MultiplayerSelect gameScene=False inRoom=False isMaster=False hasTemplate=False player=null spawned=False
[11:23:16] Diag: scene=MultiplayerSelect gameScene=False inRoom=False isMaster=False hasTemplate=False player=null spawned=False
[11:23:19] Diag: scene=MultiplayerSelect gameScene=False inRoom=False isMaster=False hasTemplate=False player=null spawned=False
[11:23:19] Diag: scene=MultiplayerSelect gameScene=False inRoom=False isMaster=False hasTemplate=False player=null spawned=False
[11:23:22] Diag: scene=MultiplayerSelect gameScene=False inRoom=False isMaster=False hasTemplate=False player=null spawned=False
[11:23:22] Diag: scene=MultiplayerSelect gameScene=False inRoom=False isMaster=False hasTemplate=False player=null spawned=False
[11:23:24] TryCachePrefab: scene=FreeRun3_1
[11:23:24] FindSourcePrefab: Game.mInstance=MainScene (Game)
[11:23:24] FindSourcePrefab: Game.enemyBot=Enemy3
[11:23:24] TryCachePrefab: template GO created from Enemy3
[11:23:25] SpawnZombies: origin=(129.4, 1.0, 92.1) template=ZombiePrefabTemplate
[11:23:25] BuildAstar: GridGraph type not found
[11:23:25] SpawnZombies[0]: spawned ZombiePrefabTemplate(Clone) at (129.4, 1.0, 102.1)
[11:23:25] SpawnZombies[1]: spawned ZombiePrefabTemplate(Clone) at (138.9, 1.0, 95.1)
[11:23:25] SpawnZombies[2]: spawned ZombiePrefabTemplate(Clone) at (135.3, 1.0, 84.0)
[11:23:25] SpawnZombies[3]: spawned ZombiePrefabTemplate(Clone) at (123.5, 1.0, 84.0)
[11:23:25] SpawnZombies[4]: spawned ZombiePrefabTemplate(Clone) at (119.9, 1.0, 95.1)
[11:23:25] Master: spawned 5 zombies near (129.4, 1.0, 92.1)
[11:23:25] SpawnZombies: origin=(129.4, 1.0, 92.1) template=ZombiePrefabTemplate
[11:23:25] BuildAstar: GridGraph type not found
[11:23:25] SpawnZombies[0]: spawned ZombiePrefabTemplate(Clone) at (129.4, 1.0, 102.1)
[11:23:25] SpawnZombies[1]: spawned ZombiePrefabTemplate(Clone) at (138.9, 1.0, 95.1)
[11:23:25] SpawnZombies[2]: spawned ZombiePrefabTemplate(Clone) at (135.3, 1.0, 84.0)
[11:23:25] SpawnZombies[3]: spawned ZombiePrefabTemplate(Clone) at (123.5, 1.0, 84.0)
[11:23:25] SpawnZombies[4]: spawned ZombiePrefabTemplate(Clone) at (119.9, 1.0, 95.1)
[11:23:25] Master: spawned 5 zombies near (129.4, 1.0, 92.1)
[11:23:25] ZombieDriver[1]: SingleEnemyAI not found on GO — direct movement
[11:23:25] ZombieDriver[1]: cc=True aiReady=False hasAstar=False
[11:23:25] ZombieDriver[2]: SingleEnemyAI not found on GO — direct movement
[11:23:25] ZombieDriver[2]: cc=True aiReady=False hasAstar=False
[11:23:25] ZombieDriver[3]: SingleEnemyAI not found on GO — direct movement
[11:23:25] ZombieDriver[3]: cc=True aiReady=False hasAstar=False
[11:23:25] ZombieDriver[4]: SingleEnemyAI not found on GO — direct movement
[11:23:25] ZombieDriver[4]: cc=True aiReady=False hasAstar=False
[11:23:25] ZombieDriver[5]: SingleEnemyAI not found on GO — direct movement
[11:23:25] ZombieDriver[5]: cc=True aiReady=False hasAstar=False
[11:23:25] ZombieDriver[1]: SingleEnemyAI not found on GO — direct movement
[11:23:25] ZombieDriver[1]: cc=True aiReady=False hasAstar=False
[11:23:25] ZombieDriver[2]: SingleEnemyAI not found on GO — direct movement
[11:23:25] ZombieDriver[2]: cc=True aiReady=False hasAstar=False
[11:23:25] ZombieDriver[3]: SingleEnemyAI not found on GO — direct movement
[11:23:25] ZombieDriver[3]: cc=True aiReady=False hasAstar=False
[11:23:25] ZombieDriver[4]: SingleEnemyAI not found on GO — direct movement
[11:23:25] ZombieDriver[4]: cc=True aiReady=False hasAstar=False
[11:23:25] ZombieDriver[5]: SingleEnemyAI not found on GO — direct movement
[11:23:25] ZombieDriver[5]: cc=True aiReady=False hasAstar=False
[11:23:26] Diag: scene=FreeRun3_1 gameScene=True inRoom=True isMaster=True hasTemplate=True player=ExampleCharacter spawned=True
[11:23:26] Diag: scene=FreeRun3_1 gameScene=True inRoom=True isMaster=True hasTemplate=True player=ExampleCharacter spawned=True
[11:23:29] Diag: scene=FreeRun3_1 gameScene=True inRoom=True isMaster=True hasTemplate=True player=ExampleCharacter spawned=True
[11:23:29] Diag: scene=FreeRun3_1 gameScene=True inRoom=True isMaster=True hasTemplate=True player=ExampleCharacter spawned=True
[11:23:32] Diag: scene=FreeRun3_1 gameScene=True inRoom=True isMaster=True hasTemplate=True player=ExampleCharacter spawned=True
[11:23:32] Diag: scene=FreeRun3_1 gameScene=True inRoom=True isMaster=True hasTemplate=True player=ExampleCharacter spawned=True
[11:23:35] Diag: scene=FreeRun3_1 gameScene=True inRoom=True isMaster=True hasTemplate=True player=ExampleCharacter spawned=True
[11:23:35] Diag: scene=FreeRun3_1 gameScene=True inRoom=True isMaster=True hasTemplate=True player=ExampleCharacter spawned=True
[11:23:38] Diag: scene=FreeRun3_1 gameScene=True inRoom=True isMaster=True hasTemplate=True player=ExampleCharacter spawned=True
[11:23:38] Diag: scene=FreeRun3_1 gameScene=True inRoom=True isMaster=True hasTemplate=True player=ExampleCharacter spawned=True
[11:23:41] Diag: scene=FreeRun3_1 gameScene=True inRoom=True isMaster=True hasTemplate=True player=ExampleCharacter spawned=True
[11:23:41] Diag: scene=FreeRun3_1 gameScene=True inRoom=True isMaster=True hasTemplate=True player=ExampleCharacter spawned=True
[11:23:44] Diag: scene=FreeRun3_1 gameScene=True inRoom=True isMaster=True hasTemplate=True player=ExampleCharacter spawned=True
[11:23:44] Diag: scene=FreeRun3_1 gameScene=True inRoom=True isMaster=True hasTemplate=True player=ExampleCharacter spawned=True
[11:23:47] Diag: scene=FreeRun3_1 gameScene=True inRoom=True isMaster=True hasTemplate=True player=ExampleCharacter spawned=True
[11:23:47] Diag: scene=FreeRun3_1 gameScene=True inRoom=True isMaster=True hasTemplate=True player=ExampleCharacter spawned=True
[11:23:50] Diag: scene=FreeRun3_1 gameScene=True inRoom=True isMaster=True hasTemplate=True player=ExampleCharacter spawned=True
[11:23:50] Diag: scene=FreeRun3_1 gameScene=True inRoom=True isMaster=True hasTemplate=True player=ExampleCharacter spawned=True
[11:23:53] Diag: scene=FreeRun3_1 gameScene=True inRoom=True isMaster=True hasTemplate=True player=ExampleCharacter spawned=True
[11:23:53] Diag: scene=FreeRun3_1 gameScene=True inRoom=True isMaster=True hasTemplate=True player=ExampleCharacter spawned=True
[11:23:56] Diag: scene=FreeRun3_1 gameScene=True inRoom=True isMaster=True hasTemplate=True player=ExampleCharacter spawned=True
[11:23:56] Diag: scene=FreeRun3_1 gameScene=True inRoom=True isMaster=True hasTemplate=True player=ExampleCharacter spawned=True
[11:23:59] Diag: scene=FreeRun3_1 gameScene=True inRoom=True isMaster=True hasTemplate=True player=ExampleCharacter spawned=True
[11:23:59] Diag: scene=FreeRun3_1 gameScene=True inRoom=True isMaster=True hasTemplate=True player=ExampleCharacter spawned=True
[11:24:02] Diag: scene=FreeRun3_1 gameScene=True inRoom=True isMaster=True hasTemplate=True player=ExampleCharacter spawned=True
[11:24:02] Diag: scene=FreeRun3_1 gameScene=True inRoom=True isMaster=True hasTemplate=True player=ExampleCharacter spawned=True
[11:24:05] Diag: scene=FreeRun3_1 gameScene=True inRoom=True isMaster=True hasTemplate=True player=ExampleCharacter spawned=True
[11:24:05] Diag: scene=FreeRun3_1 gameScene=True inRoom=True isMaster=True hasTemplate=True player=ExampleCharacter spawned=True
[11:24:08] Diag: scene=FreeRun3_1 gameScene=True inRoom=True isMaster=True hasTemplate=True player=ExampleCharacter spawned=True
[11:24:08] Diag: scene=FreeRun3_1 gameScene=True inRoom=True isMaster=True hasTemplate=True player=ExampleCharacter spawned=True
[11:24:11] Diag: scene=FreeRun3_1 gameScene=True inRoom=True isMaster=True hasTemplate=True player=ExampleCharacter spawned=True
[11:24:11] Diag: scene=FreeRun3_1 gameScene=True inRoom=True isMaster=True hasTemplate=True player=ExampleCharacter spawned=True
[11:24:14] Diag: scene=FreeRun3_1 gameScene=True inRoom=True isMaster=True hasTemplate=True player=ExampleCharacter spawned=True
[11:24:14] Diag: scene=FreeRun3_1 gameScene=True inRoom=True isMaster=True hasTemplate=True player=ExampleCharacter spawned=True
[11:24:17] Diag: scene=FreeRun3_1 gameScene=True inRoom=True isMaster=True hasTemplate=True player=ExampleCharacter spawned=True
[11:24:17] Diag: scene=FreeRun3_1 gameScene=True inRoom=True isMaster=True hasTemplate=True player=ExampleCharacter spawned=True
[11:24:20] Diag: scene=FreeRun3_1 gameScene=True inRoom=True isMaster=True hasTemplate=True player=ExampleCharacter spawned=True
[11:24:20] Diag: scene=FreeRun3_1 gameScene=True inRoom=True isMaster=True hasTemplate=True player=ExampleCharacter spawned=True
[11:24:23] Diag: scene=FreeRun3_1 gameScene=True inRoom=True isMaster=True hasTemplate=True player=ExampleCharacter spawned=True
[11:24:23] Diag: scene=FreeRun3_1 gameScene=True inRoom=True isMaster=True hasTemplate=True player=ExampleCharacter spawned=True
[11:24:26] Diag: scene=FreeRun3_1 gameScene=True inRoom=True isMaster=True hasTemplate=True player=ExampleCharacter spawned=True
[11:24:26] Diag: scene=FreeRun3_1 gameScene=True inRoom=True isMaster=True hasTemplate=True player=ExampleCharacter spawned=True
[11:24:29] Diag: scene=FreeRun3_1 gameScene=True inRoom=True isMaster=True hasTemplate=True player=ExampleCharacter spawned=True
[11:24:29] Diag: scene=FreeRun3_1 gameScene=True inRoom=True isMaster=True hasTemplate=True player=ExampleCharacter spawned=True
[11:24:32] Diag: scene=FreeRun3_1 gameScene=True inRoom=True isMaster=True hasTemplate=True player=ExampleCharacter spawned=True
[11:24:32] Diag: scene=FreeRun3_1 gameScene=True inRoom=True isMaster=True hasTemplate=True player=ExampleCharacter spawned=True
[11:24:35] Diag: scene=FreeRun3_1 gameScene=True inRoom=True isMaster=True hasTemplate=True player=ExampleCharacter spawned=True
[11:24:35] Diag: scene=FreeRun3_1 gameScene=True inRoom=True isMaster=True hasTemplate=True player=ExampleCharacter spawned=True
[11:24:38] Diag: scene=FreeRun3_1 gameScene=True inRoom=True isMaster=True hasTemplate=True player=ExampleCharacter spawned=True
[11:24:38] Diag: scene=FreeRun3_1 gameScene=True inRoom=True isMaster=True hasTemplate=True player=ExampleCharacter spawned=True
[11:24:41] Diag: scene=FreeRun3_1 gameScene=True inRoom=True isMaster=True hasTemplate=True player=ExampleCharacter spawned=True
[11:24:41] Diag: scene=FreeRun3_1 gameScene=True inRoom=True isMaster=True hasTemplate=True player=ExampleCharacter spawned=True
[11:24:44] Diag: scene=FreeRun3_1 gameScene=True inRoom=True isMaster=True hasTemplate=True player=ExampleCharacter spawned=True
[11:24:44] Diag: scene=FreeRun3_1 gameScene=True inRoom=True isMaster=True hasTemplate=True player=ExampleCharacter spawned=True
[11:24:47] Diag: scene=FreeRun3_1 gameScene=True inRoom=True isMaster=True hasTemplate=True player=ExampleCharacter spawned=True
[11:24:47] Diag: scene=FreeRun3_1 gameScene=True inRoom=True isMaster=True hasTemplate=True player=ExampleCharacter spawned=True
[11:24:50] Diag: scene=FreeRun3_1 gameScene=True inRoom=True isMaster=True hasTemplate=True player=ExampleCharacter spawned=True
[11:24:50] Diag: scene=FreeRun3_1 gameScene=True inRoom=True isMaster=True hasTemplate=True player=ExampleCharacter spawned=True
[11:24:53] Diag: scene=FreeRun3_1 gameScene=True inRoom=True isMaster=True hasTemplate=True player=ExampleCharacter spawned=True
[11:24:53] Diag: scene=FreeRun3_1 gameScene=True inRoom=True isMaster=True hasTemplate=True player=ExampleCharacter spawned=True
[11:24:56] Diag: scene=FreeRun3_1 gameScene=True inRoom=True isMaster=True hasTemplate=True player=ExampleCharacter spawned=True
[11:24:56] Diag: scene=FreeRun3_1 gameScene=True inRoom=True isMaster=True hasTemplate=True player=ExampleCharacter spawned=True
[11:24:59] Diag: scene=FreeRun3_1 gameScene=True inRoom=True isMaster=True hasTemplate=True player=ExampleCharacter spawned=True
[11:24:59] Diag: scene=FreeRun3_1 gameScene=True inRoom=True isMaster=True hasTemplate=True player=ExampleCharacter spawned=True
[11:25:02] Diag: scene=FreeRun3_1 gameScene=True inRoom=True isMaster=True hasTemplate=True player=ExampleCharacter spawned=True
[11:25:02] Diag: scene=FreeRun3_1 gameScene=True inRoom=True isMaster=True hasTemplate=True player=ExampleCharacter spawned=True
[11:25:05] Diag: scene=FreeRun3_1 gameScene=True inRoom=True isMaster=True hasTemplate=True player=ExampleCharacter spawned=True
[11:25:05] Diag: scene=FreeRun3_1 gameScene=True inRoom=True isMaster=True hasTemplate=True player=ExampleCharacter spawned=True
[11:25:09] Diag: scene=FreeRun3_1 gameScene=True inRoom=True isMaster=True hasTemplate=True player=ExampleCharacter spawned=True
[11:25:09] Diag: scene=FreeRun3_1 gameScene=True inRoom=True isMaster=True hasTemplate=True player=ExampleCharacter spawned=True
[11:25:12] Diag: scene=FreeRun3_1 gameScene=True inRoom=True isMaster=True hasTemplate=True player=ExampleCharacter spawned=True
[11:25:12] Diag: scene=FreeRun3_1 gameScene=True inRoom=True isMaster=True hasTemplate=True player=ExampleCharacter spawned=True
[11:25:15] Diag: scene=FreeRun3_1 gameScene=True inRoom=True isMaster=True hasTemplate=True player=ExampleCharacter spawned=True
[11:25:15] Diag: scene=FreeRun3_1 gameScene=True inRoom=True isMaster=True hasTemplate=True player=ExampleCharacter spawned=True
[11:25:18] Diag: scene=FreeRun3_1 gameScene=True inRoom=True isMaster=True hasTemplate=True player=ExampleCharacter spawned=True
[11:25:18] Diag: scene=FreeRun3_1 gameScene=True inRoom=True isMaster=True hasTemplate=True player=ExampleCharacter spawned=True
[11:25:21] Diag: scene=FreeRun3_1 gameScene=True inRoom=True isMaster=True hasTemplate=True player=ExampleCharacter spawned=True
[11:25:21] Diag: scene=FreeRun3_1 gameScene=True inRoom=True isMaster=True hasTemplate=True player=ExampleCharacter spawned=True
[11:25:24] Diag: scene=FreeRun3_1 gameScene=True inRoom=True isMaster=True hasTemplate=True player=ExampleCharacter spawned=True
[11:25:24] Diag: scene=FreeRun3_1 gameScene=True inRoom=True isMaster=True hasTemplate=True player=ExampleCharacter spawned=True
[11:25:27] Diag: scene=FreeRun3_1 gameScene=True inRoom=True isMaster=True hasTemplate=True player=ExampleCharacter spawned=True
[11:25:27] Diag: scene=FreeRun3_1 gameScene=True inRoom=True isMaster=True hasTemplate=True player=ExampleCharacter spawned=True
[11:25:30] Diag: scene=FreeRun3_1 gameScene=True inRoom=True isMaster=True hasTemplate=True player=ExampleCharacter spawned=True
[11:25:30] Diag: scene=FreeRun3_1 gameScene=True inRoom=True isMaster=True hasTemplate=True player=ExampleCharacter spawned=True
[11:25:33] Diag: scene=FreeRun3_1 gameScene=True inRoom=True isMaster=True hasTemplate=True player=ExampleCharacter spawned=True
[11:25:33] Diag: scene=FreeRun3_1 gameScene=True inRoom=True isMaster=True hasTemplate=True player=ExampleCharacter spawned=True
[11:25:36] Diag: scene=FreeRun3_1 gameScene=True inRoom=True isMaster=True hasTemplate=True player=ExampleCharacter spawned=True
[11:25:36] Diag: scene=FreeRun3_1 gameScene=True inRoom=True isMaster=True hasTemplate=True player=ExampleCharacter spawned=True
[11:25:39] Diag: scene=FreeRun3_1 gameScene=True inRoom=True isMaster=True hasTemplate=True player=ExampleCharacter spawned=True
[11:25:39] Diag: scene=FreeRun3_1 gameScene=True inRoom=True isMaster=True hasTemplate=True player=ExampleCharacter spawned=True
[11:25:42] Diag: scene=FreeRun3_1 gameScene=True inRoom=True isMaster=True hasTemplate=True player=ExampleCharacter spawned=True
[11:25:42] Diag: scene=FreeRun3_1 gameScene=True inRoom=True isMaster=True hasTemplate=True player=ExampleCharacter spawned=True
[11:25:45] Diag: scene=FreeRun3_1 gameScene=True inRoom=True isMaster=True hasTemplate=True player=ExampleCharacter spawned=True
[11:25:45] Diag: scene=FreeRun3_1 gameScene=True inRoom=True isMaster=True hasTemplate=True player=ExampleCharacter spawned=True
[11:25:48] Diag: scene=FreeRun3_1 gameScene=True inRoom=True isMaster=True hasTemplate=True player=ExampleCharacter spawned=True
[11:25:48] Diag: scene=FreeRun3_1 gameScene=True inRoom=True isMaster=True hasTemplate=True player=ExampleCharacter spawned=True
[11:25:51] Diag: scene=FreeRun3_1 gameScene=True inRoom=True isMaster=True hasTemplate=True player=ExampleCharacter spawned=True
[11:25:51] Diag: scene=FreeRun3_1 gameScene=True inRoom=True isMaster=True hasTemplate=True player=ExampleCharacter spawned=True
[11:25:54] Diag: scene=FreeRun3_1 gameScene=True inRoom=True isMaster=True hasTemplate=True player=ExampleCharacter spawned=True
[11:25:54] Diag: scene=FreeRun3_1 gameScene=True inRoom=True isMaster=True hasTemplate=True player=ExampleCharacter spawned=True
[11:25:57] Diag: scene=FreeRun3_1 gameScene=True inRoom=True isMaster=True hasTemplate=True player=ExampleCharacter spawned=True
[11:25:57] Diag: scene=FreeRun3_1 gameScene=True inRoom=True isMaster=True hasTemplate=True player=ExampleCharacter spawned=True
[11:26:00] Diag: scene=FreeRun3_1 gameScene=True inRoom=True isMaster=True hasTemplate=True player=ExampleCharacter spawned=True
[11:26:00] Diag: scene=FreeRun3_1 gameScene=True inRoom=True isMaster=True hasTemplate=True player=ExampleCharacter spawned=True
[11:26:03] Diag: scene=FreeRun3_1 gameScene=True inRoom=True isMaster=True hasTemplate=True player=ExampleCharacter spawned=True
[11:26:03] Diag: scene=FreeRun3_1 gameScene=True inRoom=True isMaster=True hasTemplate=True player=ExampleCharacter spawned=True
[11:26:06] Diag: scene=FreeRun3_1 gameScene=True inRoom=True isMaster=True hasTemplate=True player=ExampleCharacter spawned=True
[11:26:06] Diag: scene=FreeRun3_1 gameScene=True inRoom=True isMaster=True hasTemplate=True player=ExampleCharacter spawned=True
[11:26:09] Diag: scene=FreeRun3_1 gameScene=True inRoom=True isMaster=True hasTemplate=True player=ExampleCharacter spawned=True
[11:26:09] Diag: scene=FreeRun3_1 gameScene=True inRoom=True isMaster=True hasTemplate=True player=ExampleCharacter spawned=True
[11:26:12] Diag: scene=FreeRun3_1 gameScene=True inRoom=True isMaster=True hasTemplate=True player=ExampleCharacter spawned=True
[11:26:12] Diag: scene=FreeRun3_1 gameScene=True inRoom=True isMaster=True hasTemplate=True player=ExampleCharacter spawned=True
[11:26:15] Diag: scene=FreeRun3_1 gameScene=True inRoom=True isMaster=True hasTemplate=True player=ExampleCharacter spawned=True
[11:26:15] Diag: scene=FreeRun3_1 gameScene=True inRoom=True isMaster=True hasTemplate=True player=ExampleCharacter spawned=True
[11:26:18] Diag: scene=FreeRun3_1 gameScene=True inRoom=True isMaster=True hasTemplate=True player=ExampleCharacter spawned=True
[11:26:18] Diag: scene=FreeRun3_1 gameScene=True inRoom=True isMaster=True hasTemplate=True player=ExampleCharacter spawned=True
[11:26:21] Diag: scene=FreeRun3_1 gameScene=True inRoom=True isMaster=True hasTemplate=True player=ExampleCharacter spawned=True
[11:26:21] Diag: scene=FreeRun3_1 gameScene=True inRoom=True isMaster=True hasTemplate=True player=ExampleCharacter spawned=True
[11:26:24] Diag: scene=FreeRun3_1 gameScene=True inRoom=True isMaster=True hasTemplate=True player=ExampleCharacter spawned=True
[11:26:24] Diag: scene=FreeRun3_1 gameScene=True inRoom=True isMaster=True hasTemplate=True player=ExampleCharacter spawned=True
[11:26:27] Diag: scene=FreeRun3_1 gameScene=True inRoom=True isMaster=True hasTemplate=True player=ExampleCharacter spawned=True
[11:26:27] Diag: scene=FreeRun3_1 gameScene=True inRoom=True isMaster=True hasTemplate=True player=ExampleCharacter spawned=True
[11:26:30] Diag: scene=FreeRun3_1 gameScene=True inRoom=True isMaster=True hasTemplate=True player=ExampleCharacter spawned=True
[11:26:30] Diag: scene=FreeRun3_1 gameScene=True inRoom=True isMaster=True hasTemplate=True player=ExampleCharacter spawned=True
[11:26:33] Diag: scene=FreeRun3_1 gameScene=True inRoom=True isMaster=True hasTemplate=True player=ExampleCharacter spawned=True
[11:26:33] Diag: scene=FreeRun3_1 gameScene=True inRoom=True isMaster=True hasTemplate=True player=ExampleCharacter spawned=True
[11:26:36] Diag: scene=FreeRun3_1 gameScene=True inRoom=True isMaster=True hasTemplate=True player=ExampleCharacter spawned=True
[11:26:36] Diag: scene=FreeRun3_1 gameScene=True inRoom=True isMaster=True hasTemplate=True player=ExampleCharacter spawned=True
[11:26:39] Diag: scene=FreeRun3_1 gameScene=True inRoom=True isMaster=True hasTemplate=True player=ExampleCharacter spawned=True
[11:26:39] Diag: scene=FreeRun3_1 gameScene=True inRoom=True isMaster=True hasTemplate=True player=ExampleCharacter spawned=True
[11:26:42] Diag: scene=FreeRun3_1 gameScene=True inRoom=True isMaster=True hasTemplate=True player=ExampleCharacter spawned=True
[11:26:42] Diag: scene=FreeRun3_1 gameScene=True inRoom=True isMaster=True hasTemplate=True player=ExampleCharacter spawned=True
[11:26:45] Diag: scene=FreeRun3_1 gameScene=True inRoom=True isMaster=True hasTemplate=True player=ExampleCharacter spawned=True
[11:26:45] Diag: scene=FreeRun3_1 gameScene=True inRoom=True isMaster=True hasTemplate=True player=ExampleCharacter spawned=True
[11:26:48] Diag: scene=FreeRun3_1 gameScene=True inRoom=True isMaster=True hasTemplate=True player=ExampleCharacter spawned=True
[11:26:48] Diag: scene=FreeRun3_1 gameScene=True inRoom=True isMaster=True hasTemplate=True player=ExampleCharacter spawned=True
[11:26:51] Diag: scene=FreeRun3_1 gameScene=True inRoom=True isMaster=True hasTemplate=True player=ExampleCharacter spawned=True
[11:26:51] Diag: scene=FreeRun3_1 gameScene=True inRoom=True isMaster=True hasTemplate=True player=ExampleCharacter spawned=True
[11:26:54] Diag: scene=FreeRun3_1 gameScene=True inRoom=True isMaster=True hasTemplate=True player=ExampleCharacter spawned=True
[11:26:54] Diag: scene=FreeRun3_1 gameScene=True inRoom=True isMaster=True hasTemplate=True player=ExampleCharacter spawned=True
[11:26:57] Diag: scene=FreeRun3_1 gameScene=True inRoom=True isMaster=True hasTemplate=True player=ExampleCharacter spawned=True
[11:26:57] Diag: scene=FreeRun3_1 gameScene=True inRoom=True isMaster=True hasTemplate=True player=ExampleCharacter spawned=True
[11:27:00] Diag: scene=FreeRun3_1 gameScene=True inRoom=True isMaster=True hasTemplate=True player=ExampleCharacter spawned=True
[11:27:00] Diag: scene=FreeRun3_1 gameScene=True inRoom=True isMaster=True hasTemplate=True player=ExampleCharacter spawned=True
[11:27:03] Diag: scene=FreeRun3_1 gameScene=True inRoom=True isMaster=True hasTemplate=True player=ExampleCharacter spawned=True
[11:27:03] Diag: scene=FreeRun3_1 gameScene=True inRoom=True isMaster=True hasTemplate=True player=ExampleCharacter spawned=True
[11:27:06] Diag: scene=FreeRun3_1 gameScene=True inRoom=True isMaster=True hasTemplate=True player=ExampleCharacter spawned=True
[11:27:06] Diag: scene=FreeRun3_1 gameScene=True inRoom=True isMaster=True hasTemplate=True player=ExampleCharacter spawned=True
[11:27:12] === CNRZombieMod v0.3.0 loaded ===
[11:27:12] Proxy installed, wrapping PhotonHandler
[11:27:12] Diag: scene=MainMenu gameScene=False inRoom=False isMaster=False hasTemplate=False player=null spawned=False
[11:27:14] TryCachePrefab: scene=MultiplayerSelect
[11:27:14] FindSourcePrefab: Game.mInstance=null
[11:27:14] FindSourcePrefab: SingleEnemyManager.mInstance=null
[11:27:14] TryCachePrefab: no source found in MultiplayerSelect
[11:27:15] Diag: scene=MultiplayerSelect gameScene=False inRoom=False isMaster=False hasTemplate=False player=null spawned=False
[11:27:18] TryCachePrefab: scene=FreeRun3_1
[11:27:18] FindSourcePrefab: Game.mInstance=MainScene (Game)
[11:27:18] FindSourcePrefab: Game.enemyBot=Enemy3
[11:27:18] TryCachePrefab: template GO created from Enemy3
[11:27:18] SpawnZombies: origin=(134.9, 1.6, 59.6) template=ZombiePrefabTemplate
[11:27:18] BuildAstar: GridGraph type not found
[11:27:18] SpawnZombies[0]: spawned ZombiePrefabTemplate(Clone) at (134.9, 1.6, 69.6)
[11:27:18] SpawnZombies[1]: spawned ZombiePrefabTemplate(Clone) at (144.5, 1.6, 62.7)
[11:27:18] SpawnZombies[2]: spawned ZombiePrefabTemplate(Clone) at (140.8, 1.6, 51.5)
[11:27:18] SpawnZombies[3]: spawned ZombiePrefabTemplate(Clone) at (129.1, 1.6, 51.5)
[11:27:18] SpawnZombies[4]: spawned ZombiePrefabTemplate(Clone) at (125.4, 1.6, 62.7)
[11:27:18] Master: spawned 5 zombies near (134.9, 1.6, 59.6)
[11:27:18] ZombieDriver[1]: SingleEnemyAI not found on GO — direct movement
[11:27:18] ZombieDriver[1]: cc=True aiReady=False hasAstar=False
[11:27:18] ZombieDriver[2]: SingleEnemyAI not found on GO — direct movement
[11:27:18] ZombieDriver[2]: cc=True aiReady=False hasAstar=False
[11:27:18] ZombieDriver[3]: SingleEnemyAI not found on GO — direct movement
[11:27:18] ZombieDriver[3]: cc=True aiReady=False hasAstar=False
[11:27:18] ZombieDriver[4]: SingleEnemyAI not found on GO — direct movement
[11:27:18] ZombieDriver[4]: cc=True aiReady=False hasAstar=False
[11:27:18] ZombieDriver[5]: SingleEnemyAI not found on GO — direct movement
[11:27:18] ZombieDriver[5]: cc=True aiReady=False hasAstar=False
[11:27:19] Diag: scene=FreeRun3_1 gameScene=True inRoom=True isMaster=True hasTemplate=True player=ExampleCharacter spawned=True
[11:27:22] Diag: scene=FreeRun3_1 gameScene=True inRoom=True isMaster=True hasTemplate=True player=ExampleCharacter spawned=True
[11:27:25] Diag: scene=FreeRun3_1 gameScene=True inRoom=True isMaster=True hasTemplate=True player=ExampleCharacter spawned=True
[11:27:28] Diag: scene=FreeRun3_1 gameScene=True inRoom=True isMaster=True hasTemplate=True player=ExampleCharacter spawned=True
[11:27:31] Diag: scene=FreeRun3_1 gameScene=True inRoom=True isMaster=True hasTemplate=True player=ExampleCharacter spawned=True
[11:27:34] Diag: scene=FreeRun3_1 gameScene=True inRoom=True isMaster=True hasTemplate=True player=ExampleCharacter spawned=True
[11:27:37] Diag: scene=FreeRun3_1 gameScene=True inRoom=True isMaster=True hasTemplate=True player=ExampleCharacter spawned=True
[11:27:40] Diag: scene=FreeRun3_1 gameScene=True inRoom=True isMaster=True hasTemplate=True player=ExampleCharacter spawned=True
[11:27:43] Diag: scene=FreeRun3_1 gameScene=True inRoom=True isMaster=True hasTemplate=True player=ExampleCharacter spawned=True
[11:27:46] Diag: scene=FreeRun3_1 gameScene=True inRoom=True isMaster=True hasTemplate=True player=ExampleCharacter spawned=True
[11:27:49] Diag: scene=FreeRun3_1 gameScene=True inRoom=True isMaster=True hasTemplate=True player=ExampleCharacter spawned=True
[11:27:52] Diag: scene=FreeRun3_1 gameScene=True inRoom=True isMaster=True hasTemplate=True player=ExampleCharacter spawned=True
[11:27:55] Diag: scene=FreeRun3_1 gameScene=True inRoom=True isMaster=True hasTemplate=True player=ExampleCharacter spawned=True
[11:27:58] Diag: scene=FreeRun3_1 gameScene=True inRoom=True isMaster=True hasTemplate=True player=ExampleCharacter spawned=True
[11:28:01] Diag: scene=FreeRun3_1 gameScene=True inRoom=True isMaster=True hasTemplate=True player=ExampleCharacter spawned=True
[11:28:04] Diag: scene=FreeRun3_1 gameScene=True inRoom=True isMaster=True hasTemplate=True player=ExampleCharacter spawned=True
[11:28:07] Diag: scene=FreeRun3_1 gameScene=True inRoom=True isMaster=True hasTemplate=True player=ExampleCharacter spawned=True
[11:28:10] Diag: scene=FreeRun3_1 gameScene=True inRoom=True isMaster=True hasTemplate=True player=ExampleCharacter spawned=True
[11:28:13] Diag: scene=FreeRun3_1 gameScene=True inRoom=True isMaster=True hasTemplate=True player=ExampleCharacter spawned=True
[11:28:16] Diag: scene=FreeRun3_1 gameScene=True inRoom=True isMaster=True hasTemplate=True player=ExampleCharacter spawned=True
[11:28:19] Diag: scene=FreeRun3_1 gameScene=True inRoom=True isMaster=True hasTemplate=True player=ExampleCharacter spawned=True
[11:28:22] Diag: scene=FreeRun3_1 gameScene=True inRoom=True isMaster=True hasTemplate=True player=ExampleCharacter spawned=True
[11:28:25] Diag: scene=FreeRun3_1 gameScene=True inRoom=True isMaster=True hasTemplate=True player=ExampleCharacter spawned=True
[11:28:28] Diag: scene=FreeRun3_1 gameScene=True inRoom=True isMaster=True hasTemplate=True player=ExampleCharacter spawned=True
[11:28:31] Diag: scene=FreeRun3_1 gameScene=True inRoom=True isMaster=True hasTemplate=True player=ExampleCharacter spawned=True
[11:28:34] Diag: scene=FreeRun3_1 gameScene=True inRoom=True isMaster=True hasTemplate=True player=ExampleCharacter spawned=True
[11:28:37] Diag: scene=FreeRun3_1 gameScene=True inRoom=True isMaster=True hasTemplate=True player=ExampleCharacter spawned=True
[11:28:40] Diag: scene=FreeRun3_1 gameScene=True inRoom=True isMaster=True hasTemplate=True player=ExampleCharacter spawned=True
[11:28:43] Diag: scene=FreeRun3_1 gameScene=True inRoom=True isMaster=True hasTemplate=True player=ExampleCharacter spawned=True
[11:28:46] Diag: scene=FreeRun3_1 gameScene=True inRoom=True isMaster=True hasTemplate=True player=ExampleCharacter spawned=True
[11:28:49] Diag: scene=FreeRun3_1 gameScene=True inRoom=True isMaster=True hasTemplate=True player=ExampleCharacter spawned=True
[11:28:52] Diag: scene=FreeRun3_1 gameScene=True inRoom=True isMaster=True hasTemplate=True player=ExampleCharacter spawned=True
[11:28:55] Diag: scene=FreeRun3_1 gameScene=True inRoom=True isMaster=True hasTemplate=True player=ExampleCharacter spawned=True
[11:28:58] Diag: scene=FreeRun3_1 gameScene=True inRoom=True isMaster=True hasTemplate=True player=ExampleCharacter spawned=True
[11:29:01] Diag: scene=FreeRun3_1 gameScene=True inRoom=True isMaster=True hasTemplate=True player=ExampleCharacter spawned=True
[11:29:04] Diag: scene=FreeRun3_1 gameScene=True inRoom=True isMaster=True hasTemplate=True player=ExampleCharacter spawned=True
[11:29:08] Diag: scene=FreeRun3_1 gameScene=True inRoom=True isMaster=True hasTemplate=True player=ExampleCharacter spawned=True
[11:30:28] === CNRZombieMod v0.3.0 loaded ===
[11:30:28] Proxy installed, wrapping PhotonHandler
[11:30:28] Diag: scene=MainMenu gameScene=False inRoom=False isMaster=False hasTemplate=False player=null spawned=False
[11:30:29] TryCachePrefab: scene=SinglePlayerMode
[11:30:29] FindSourcePrefab: Game.mInstance=null
[11:30:29] FindSourcePrefab: SingleEnemyManager.mInstance=null
[11:30:29] TryCachePrefab: no source found in SinglePlayerMode
[11:30:31] Diag: scene=SinglePlayerMode gameScene=False inRoom=False isMaster=False hasTemplate=False player=null spawned=False
[11:30:34] Diag: scene=SinglePlayerMode gameScene=False inRoom=False isMaster=False hasTemplate=False player=null spawned=False
[11:30:35] TryCachePrefab: scene=SingleMode_1
[11:30:35] FindSourcePrefab: Game.mInstance=null
[11:30:35] FindSourcePrefab: SingleEnemyManager.mInstance=SingleModeEnemyManager (SingleEnemyManager)
[11:30:35] FindSourcePrefab: SEM.knifeEnemy=Knife_singleEnemy
[11:30:35] TryCachePrefab: template GO created from Knife_singleEnemy
[11:30:38] Diag: scene=SingleMode_1 gameScene=False inRoom=False isMaster=False hasTemplate=True player=ExampleCharacter spawned=False
[11:30:41] Diag: scene=SingleMode_1 gameScene=False inRoom=False isMaster=False hasTemplate=True player=ExampleCharacter spawned=False
[11:30:44] Diag: scene=SingleMode_1 gameScene=False inRoom=False isMaster=False hasTemplate=True player=ExampleCharacter spawned=False
[11:30:47] Diag: scene=SingleMode_1 gameScene=False inRoom=False isMaster=False hasTemplate=True player=ExampleCharacter spawned=False
[11:30:50] Diag: scene=SingleMode_1 gameScene=False inRoom=False isMaster=False hasTemplate=True player=ExampleCharacter spawned=False
[11:30:53] Diag: scene=SingleMode_1 gameScene=False inRoom=False isMaster=False hasTemplate=True player=ExampleCharacter spawned=False
[11:30:56] Diag: scene=SingleMode_1 gameScene=False inRoom=False isMaster=False hasTemplate=True player=ExampleCharacter spawned=False
[11:30:59] Diag: scene=SingleMode_1 gameScene=False inRoom=False isMaster=False hasTemplate=True player=ExampleCharacter spawned=False
[11:31:02] Diag: scene=SingleMode_1 gameScene=False inRoom=False isMaster=False hasTemplate=True player=ExampleCharacter spawned=False
[11:31:05] Diag: scene=SingleMode_1 gameScene=False inRoom=False isMaster=False hasTemplate=True player=ExampleCharacter spawned=False
[11:31:08] Diag: scene=SingleMode_1 gameScene=False inRoom=False isMaster=False hasTemplate=True player=ExampleCharacter spawned=False
[11:31:11] Diag: scene=SingleMode_1 gameScene=False inRoom=False isMaster=False hasTemplate=True player=ExampleCharacter spawned=False
[11:31:14] Diag: scene=SingleMode_1 gameScene=False inRoom=False isMaster=False hasTemplate=True player=ExampleCharacter spawned=False
[11:31:17] Diag: scene=SingleMode_1 gameScene=False inRoom=False isMaster=False hasTemplate=True player=ExampleCharacter spawned=False
[11:31:20] Diag: scene=SingleMode_1 gameScene=False inRoom=False isMaster=False hasTemplate=True player=ExampleCharacter spawned=False
[11:31:23] Diag: scene=SingleMode_1 gameScene=False inRoom=False isMaster=False hasTemplate=True player=ExampleCharacter spawned=False
[11:31:26] Diag: scene=SingleMode_1 gameScene=False inRoom=False isMaster=False hasTemplate=True player=ExampleCharacter spawned=False
[11:31:29] Diag: scene=SingleMode_1 gameScene=False inRoom=False isMaster=False hasTemplate=True player=ExampleCharacter spawned=False
[11:31:32] Diag: scene=SingleMode_1 gameScene=False inRoom=False isMaster=False hasTemplate=True player=ExampleCharacter spawned=False
[11:31:35] Diag: scene=SingleMode_1 gameScene=False inRoom=False isMaster=False hasTemplate=True player=ExampleCharacter spawned=False
[11:31:38] Diag: scene=SingleMode_1 gameScene=False inRoom=False isMaster=False hasTemplate=True player=ExampleCharacter spawned=False
[11:31:41] Diag: scene=SingleMode_1 gameScene=False inRoom=False isMaster=False hasTemplate=True player=ExampleCharacter spawned=False
[11:31:44] Diag: scene=SingleMode_1 gameScene=False inRoom=False isMaster=False hasTemplate=True player=ExampleCharacter spawned=False
[11:31:47] Diag: scene=SingleMode_1 gameScene=False inRoom=False isMaster=False hasTemplate=True player=ExampleCharacter spawned=False
[11:31:51] Diag: scene=SingleMode_1 gameScene=False inRoom=False isMaster=False hasTemplate=True player=ExampleCharacter spawned=False
[11:31:54] Diag: scene=SingleMode_1 gameScene=False inRoom=False isMaster=False hasTemplate=True player=ExampleCharacter spawned=False
[11:31:57] Diag: scene=SingleMode_1 gameScene=False inRoom=False isMaster=False hasTemplate=True player=ExampleCharacter spawned=False
[11:32:00] Diag: scene=SingleMode_1 gameScene=False inRoom=False isMaster=False hasTemplate=True player=ExampleCharacter spawned=False
[11:32:03] Diag: scene=SingleMode_1 gameScene=False inRoom=False isMaster=False hasTemplate=True player=ExampleCharacter spawned=False
[11:32:06] Diag: scene=SingleMode_1 gameScene=False inRoom=False isMaster=False hasTemplate=True player=ExampleCharacter spawned=False
[11:32:09] Diag: scene=SingleMode_1 gameScene=False inRoom=False isMaster=False hasTemplate=True player=ExampleCharacter spawned=False
[11:32:12] Diag: scene=SingleMode_1 gameScene=False inRoom=False isMaster=False hasTemplate=True player=ExampleCharacter spawned=False
[11:32:15] Diag: scene=SingleMode_1 gameScene=False inRoom=False isMaster=False hasTemplate=True player=ExampleCharacter spawned=False
[11:32:18] Diag: scene=SingleMode_1 gameScene=False inRoom=False isMaster=False hasTemplate=True player=ExampleCharacter spawned=False
[11:32:21] Diag: scene=SingleMode_1 gameScene=False inRoom=False isMaster=False hasTemplate=True player=ExampleCharacter spawned=False
[11:32:24] Diag: scene=SingleMode_1 gameScene=False inRoom=False isMaster=False hasTemplate=True player=ExampleCharacter spawned=False
[11:32:29] === CNRZombieMod v0.3.0 loaded ===
[11:32:29] Proxy installed, wrapping PhotonHandler
[11:32:29] Diag: scene=MainMenu gameScene=False inRoom=False isMaster=False hasTemplate=False player=null spawned=False
[11:32:31] TryCachePrefab: scene=SinglePlayerMode
[11:32:31] FindSourcePrefab: Game.mInstance=null
[11:32:31] FindSourcePrefab: SingleEnemyManager.mInstance=null
[11:32:31] TryCachePrefab: no source found in SinglePlayerMode
[11:32:33] TryCachePrefab: scene=SingleMode_1
[11:32:33] FindSourcePrefab: Game.mInstance=null
[11:32:33] FindSourcePrefab: SingleEnemyManager.mInstance=SingleModeEnemyManager (SingleEnemyManager)
[11:32:33] FindSourcePrefab: SEM.knifeEnemy=Knife_singleEnemy
[11:32:33] TryCachePrefab: template GO created from Knife_singleEnemy
[11:32:33] Diag: scene=SingleMode_1 gameScene=False inRoom=False isMaster=False hasTemplate=True player=ExampleCharacter spawned=False
[11:32:36] Diag: scene=SingleMode_1 gameScene=False inRoom=False isMaster=False hasTemplate=True player=ExampleCharacter spawned=False
[11:32:37] GO: enemyTempPatrolTransform24 [Transform, ]
[11:32:37] GO: enemyTempRushTransform24 [Transform, ]
[11:32:37] GO: enemyTempAttackTransform24 [Transform, ]
[11:32:37] GO: enemyTempGenerateTransform24 [Transform, ]
[11:32:37] GO: EnemyAnimation [Transform, Animation, AnimTester, ]
[11:32:37]   GO: 1_1 [Transform, MeshFilter, ]
[11:32:37]     GO: head [Transform, MeshFilter, MeshRenderer, ]
[11:32:37]       GO: hat [Transform, MeshFilter, MeshRenderer, ]
[11:32:37]     GO: head_new [Transform, MeshFilter, MeshRenderer, ]
[11:32:37]   GO: 1_2 [Transform, MeshFilter, ]
[11:32:37]     GO: trunk [Transform, MeshFilter, MeshRenderer, ]
[11:32:37]     GO: trunk_new [Transform, MeshFilter, MeshRenderer, ]
[11:32:37]   GO: 1_4 [Transform, MeshFilter, ]
[11:32:37]     GO: legright [Transform, MeshFilter, MeshRenderer, ]
[11:32:37]     GO: legright_new [Transform, MeshFilter, MeshRenderer, Animator, ]
[11:32:37]   GO: 1_005 [Transform, MeshFilter, ]
[11:32:37]     GO: legleft [Transform, MeshFilter, MeshRenderer, ]
[11:32:37]     GO: legleft_new [Transform, MeshFilter, MeshRenderer, Animator, ]
[11:32:37]   GO: 1_006 [Transform, MeshFilter, ]
[11:32:37]     GO: handleft [Transform, MeshFilter, MeshRenderer, ]
[11:32:37]     GO: handleft_new [Transform, MeshFilter, MeshRenderer, ]
[11:32:37]   GO: handother_1 [Transform, ]
[11:32:39] Diag: scene=SingleMode_1 gameScene=False inRoom=False isMaster=False hasTemplate=True player=ExampleCharacter spawned=False
[11:32:42] Diag: scene=SingleMode_1 gameScene=False inRoom=False isMaster=False hasTemplate=True player=ExampleCharacter spawned=False
[11:32:46] Diag: scene=MainMenu gameScene=False inRoom=False isMaster=False hasTemplate=True player=null spawned=False
[11:32:49] Diag: scene=SinglePlayerMode gameScene=False inRoom=False isMaster=False hasTemplate=True player=null spawned=False
[11:32:53] Diag: scene=SingleMode_1 gameScene=False inRoom=False isMaster=False hasTemplate=True player=ExampleCharacter spawned=False
[11:32:56] GO: enemyTempPatrolTransform24 [Transform, ]
[11:32:56] GO: enemyTempRushTransform24 [Transform, ]
[11:32:56] GO: enemyTempAttackTransform24 [Transform, ]
[11:32:56] GO: enemyTempGenerateTransform24 [Transform, ]
[11:32:56] GO: EnemyAnimation [Transform, Animation, AnimTester, ]
[11:32:56]   GO: 1_1 [Transform, MeshFilter, ]
[11:32:56]     GO: head [Transform, MeshFilter, MeshRenderer, ]
[11:32:56]       GO: hat [Transform, MeshFilter, MeshRenderer, ]
[11:32:56]     GO: head_new [Transform, MeshFilter, MeshRenderer, ]
[11:32:56]   GO: 1_2 [Transform, MeshFilter, ]
[11:32:56]     GO: trunk [Transform, MeshFilter, MeshRenderer, ]
[11:32:56]     GO: trunk_new [Transform, MeshFilter, MeshRenderer, ]
[11:32:56]   GO: 1_4 [Transform, MeshFilter, ]
[11:32:56]     GO: legright [Transform, MeshFilter, MeshRenderer, ]
[11:32:56]     GO: legright_new [Transform, MeshFilter, MeshRenderer, Animator, ]
[11:32:56]   GO: 1_005 [Transform, MeshFilter, ]
[11:32:56]     GO: legleft [Transform, MeshFilter, MeshRenderer, ]
[11:32:56]     GO: legleft_new [Transform, MeshFilter, MeshRenderer, Animator, ]
[11:32:56]   GO: 1_006 [Transform, MeshFilter, ]
[11:32:56]     GO: handleft [Transform, MeshFilter, MeshRenderer, ]
[11:32:56]     GO: handleft_new [Transform, MeshFilter, MeshRenderer, ]
[11:32:56]   GO: handother_1 [Transform, ]
[11:32:56] Diag: scene=SingleMode_1 gameScene=False inRoom=False isMaster=False hasTemplate=True player=ExampleCharacter spawned=False
[11:32:59] Diag: scene=SingleMode_1 gameScene=False inRoom=False isMaster=False hasTemplate=True player=ExampleCharacter spawned=False
[11:33:02] Diag: scene=SingleMode_1 gameScene=False inRoom=False isMaster=False hasTemplate=True player=ExampleCharacter spawned=False
[11:33:05] Diag: scene=SingleMode_1 gameScene=False inRoom=False isMaster=False hasTemplate=True player=ExampleCharacter spawned=False
[11:33:08] Diag: scene=SingleMode_1 gameScene=False inRoom=False isMaster=False hasTemplate=True player=ExampleCharacter spawned=False
[11:33:11] Diag: scene=SingleMode_1 gameScene=False inRoom=False isMaster=False hasTemplate=True player=ExampleCharacter spawned=False
[11:33:14] Diag: scene=SingleMode_1 gameScene=False inRoom=False isMaster=False hasTemplate=True player=ExampleCharacter spawned=False
[11:33:17] Diag: scene=SingleMode_1 gameScene=False inRoom=False isMaster=False hasTemplate=True player=ExampleCharacter spawned=False
[11:33:20] Diag: scene=SingleMode_1 gameScene=False inRoom=False isMaster=False hasTemplate=True player=ExampleCharacter spawned=False
[11:33:23] Diag: scene=SingleMode_1 gameScene=False inRoom=False isMaster=False hasTemplate=True player=ExampleCharacter spawned=False
[11:33:26] Diag: scene=SingleMode_1 gameScene=False inRoom=False isMaster=False hasTemplate=True player=ExampleCharacter spawned=False
[11:33:29] Diag: scene=SingleMode_1 gameScene=False inRoom=False isMaster=False hasTemplate=True player=ExampleCharacter spawned=False
[11:33:32] Diag: scene=SingleMode_1 gameScene=False inRoom=False isMaster=False hasTemplate=True player=ExampleCharacter spawned=False
[11:33:35] Diag: scene=SingleMode_1 gameScene=False inRoom=False isMaster=False hasTemplate=True player=ExampleCharacter spawned=False
[11:33:38] Diag: scene=SingleMode_1 gameScene=False inRoom=False isMaster=False hasTemplate=True player=ExampleCharacter spawned=False
[11:33:41] Diag: scene=SingleMode_1 gameScene=False inRoom=False isMaster=False hasTemplate=True player=ExampleCharacter spawned=False
[11:33:44] Diag: scene=SingleMode_1 gameScene=False inRoom=False isMaster=False hasTemplate=True player=ExampleCharacter spawned=False
[11:33:47] Diag: scene=SingleMode_1 gameScene=False inRoom=False isMaster=False hasTemplate=True player=ExampleCharacter spawned=False
[11:33:50] Diag: scene=SingleMode_1 gameScene=False inRoom=False isMaster=False hasTemplate=True player=ExampleCharacter spawned=False
[11:33:53] Diag: scene=SingleMode_1 gameScene=False inRoom=False isMaster=False hasTemplate=True player=ExampleCharacter spawned=False
[11:33:56] Diag: scene=SingleMode_1 gameScene=False inRoom=False isMaster=False hasTemplate=True player=ExampleCharacter spawned=False
[11:33:59] Diag: scene=SingleMode_1 gameScene=False inRoom=False isMaster=False hasTemplate=True player=ExampleCharacter spawned=False
[11:34:02] Diag: scene=SingleMode_1 gameScene=False inRoom=False isMaster=False hasTemplate=True player=ExampleCharacter spawned=False
[11:34:05] Diag: scene=SingleMode_1 gameScene=False inRoom=False isMaster=False hasTemplate=True player=ExampleCharacter spawned=False
[11:34:08] Diag: scene=SingleMode_1 gameScene=False inRoom=False isMaster=False hasTemplate=True player=ExampleCharacter spawned=False
[11:34:11] Diag: scene=SingleMode_1 gameScene=False inRoom=False isMaster=False hasTemplate=True player=ExampleCharacter spawned=False
[11:34:14] Diag: scene=SingleMode_1 gameScene=False inRoom=False isMaster=False hasTemplate=True player=ExampleCharacter spawned=False
[11:34:17] Diag: scene=SingleMode_1 gameScene=False inRoom=False isMaster=False hasTemplate=True player=ExampleCharacter spawned=False
[11:34:20] Diag: scene=SingleMode_1 gameScene=False inRoom=False isMaster=False hasTemplate=True player=ExampleCharacter spawned=False
[11:34:23] Diag: scene=SingleMode_1 gameScene=False inRoom=False isMaster=False hasTemplate=True player=ExampleCharacter spawned=False
[11:34:26] Diag: scene=SingleMode_1 gameScene=False inRoom=False isMaster=False hasTemplate=True player=ExampleCharacter spawned=False
[11:34:29] Diag: scene=SingleMode_1 gameScene=False inRoom=False isMaster=False hasTemplate=True player=ExampleCharacter spawned=False
[11:34:32] Diag: scene=SingleMode_1 gameScene=False inRoom=False isMaster=False hasTemplate=True player=ExampleCharacter spawned=False
[11:34:36] Diag: scene=SingleMode_1 gameScene=False inRoom=False isMaster=False hasTemplate=True player=ExampleCharacter spawned=False
[11:34:39] Diag: scene=SingleMode_1 gameScene=False inRoom=False isMaster=False hasTemplate=True player=ExampleCharacter spawned=False
[11:34:42] Diag: scene=SingleMode_1 gameScene=False inRoom=False isMaster=False hasTemplate=True player=ExampleCharacter spawned=False
[11:34:45] Diag: scene=SingleMode_1 gameScene=False inRoom=False isMaster=False hasTemplate=True player=ExampleCharacter spawned=False
[11:34:48] Diag: scene=SingleMode_1 gameScene=False inRoom=False isMaster=False hasTemplate=True player=ExampleCharacter spawned=False
[11:34:51] Diag: scene=SingleMode_1 gameScene=False inRoom=False isMaster=False hasTemplate=True player=ExampleCharacter spawned=False
[11:34:54] Diag: scene=SingleMode_1 gameScene=False inRoom=False isMaster=False hasTemplate=True player=ExampleCharacter spawned=False
[11:34:57] Diag: scene=SingleMode_1 gameScene=False inRoom=False isMaster=False hasTemplate=True player=ExampleCharacter spawned=False
[11:35:00] Diag: scene=SingleMode_1 gameScene=False inRoom=False isMaster=False hasTemplate=True player=ExampleCharacter spawned=False
[11:35:03] Diag: scene=SingleMode_1 gameScene=False inRoom=False isMaster=False hasTemplate=True player=ExampleCharacter spawned=False
[11:35:06] Diag: scene=SingleMode_1 gameScene=False inRoom=False isMaster=False hasTemplate=True player=ExampleCharacter spawned=False
[11:35:09] Diag: scene=SingleMode_1 gameScene=False inRoom=False isMaster=False hasTemplate=True player=ExampleCharacter spawned=False
[11:35:12] Diag: scene=SingleMode_1 gameScene=False inRoom=False isMaster=False hasTemplate=True player=ExampleCharacter spawned=False
[11:35:15] Diag: scene=SingleMode_1 gameScene=False inRoom=False isMaster=False hasTemplate=True player=ExampleCharacter spawned=False
[11:35:18] Diag: scene=SingleMode_1 gameScene=False inRoom=False isMaster=False hasTemplate=True player=ExampleCharacter spawned=False
[11:35:21] Diag: scene=SingleMode_1 gameScene=False inRoom=False isMaster=False hasTemplate=True player=ExampleCharacter spawned=False
[11:35:24] Diag: scene=SingleMode_1 gameScene=False inRoom=False isMaster=False hasTemplate=True player=ExampleCharacter spawned=False
[11:35:27] Diag: scene=SingleMode_1 gameScene=False inRoom=False isMaster=False hasTemplate=True player=ExampleCharacter spawned=False
[11:35:30] Diag: scene=SingleMode_1 gameScene=False inRoom=False isMaster=False hasTemplate=True player=ExampleCharacter spawned=False
[11:35:33] Diag: scene=SingleMode_1 gameScene=False inRoom=False isMaster=False hasTemplate=True player=ExampleCharacter spawned=False
[11:35:36] Diag: scene=SingleMode_1 gameScene=False inRoom=False isMaster=False hasTemplate=True player=ExampleCharacter spawned=False
[11:35:39] Diag: scene=SingleMode_1 gameScene=False inRoom=False isMaster=False hasTemplate=True player=ExampleCharacter spawned=False
[11:35:42] Diag: scene=SingleMode_1 gameScene=False inRoom=False isMaster=False hasTemplate=True player=ExampleCharacter spawned=False
[11:35:45] Diag: scene=SingleMode_1 gameScene=False inRoom=False isMaster=False hasTemplate=True player=ExampleCharacter spawned=False
[11:35:48] Diag: scene=SingleMode_1 gameScene=False inRoom=False isMaster=False hasTemplate=True player=ExampleCharacter spawned=False
[11:35:51] Diag: scene=SingleMode_1 gameScene=False inRoom=False isMaster=False hasTemplate=True player=ExampleCharacter spawned=False
[11:35:54] Diag: scene=SingleMode_1 gameScene=False inRoom=False isMaster=False hasTemplate=True player=ExampleCharacter spawned=False
[11:35:57] Diag: scene=SingleMode_1 gameScene=False inRoom=False isMaster=False hasTemplate=True player=ExampleCharacter spawned=False
[11:36:00] Diag: scene=SingleMode_1 gameScene=False inRoom=False isMaster=False hasTemplate=True player=ExampleCharacter spawned=False
[11:36:03] Diag: scene=SingleMode_1 gameScene=False inRoom=False isMaster=False hasTemplate=True player=ExampleCharacter spawned=False
[11:36:06] Diag: scene=SingleMode_1 gameScene=False inRoom=False isMaster=False hasTemplate=True player=ExampleCharacter spawned=False
[11:36:09] Diag: scene=SingleMode_1 gameScene=False inRoom=False isMaster=False hasTemplate=True player=ExampleCharacter spawned=False
[11:36:12] Diag: scene=SingleMode_1 gameScene=False inRoom=False isMaster=False hasTemplate=True player=ExampleCharacter spawned=False
[11:36:15] Diag: scene=SingleMode_1 gameScene=False inRoom=False isMaster=False hasTemplate=True player=ExampleCharacter spawned=False
[11:36:18] Diag: scene=SingleMode_1 gameScene=False inRoom=False isMaster=False hasTemplate=True player=ExampleCharacter spawned=False
[11:36:21] Diag: scene=SingleMode_1 gameScene=False inRoom=False isMaster=False hasTemplate=True player=ExampleCharacter spawned=False
[11:36:24] Diag: scene=SingleMode_1 gameScene=False inRoom=False isMaster=False hasTemplate=True player=ExampleCharacter spawned=False
[11:36:27] Diag: scene=SingleMode_1 gameScene=False inRoom=False isMaster=False hasTemplate=True player=ExampleCharacter spawned=False
[11:36:30] Diag: scene=SingleMode_1 gameScene=False inRoom=False isMaster=False hasTemplate=True player=ExampleCharacter spawned=False
[11:36:33] Diag: scene=SingleMode_1 gameScene=False inRoom=False isMaster=False hasTemplate=True player=ExampleCharacter spawned=False
[11:36:36] Diag: scene=SingleMode_1 gameScene=False inRoom=False isMaster=False hasTemplate=True player=ExampleCharacter spawned=False
[11:36:40] Diag: scene=SingleMode_1 gameScene=False inRoom=False isMaster=False hasTemplate=True player=ExampleCharacter spawned=False
[11:36:43] Diag: scene=SingleMode_1 gameScene=False inRoom=False isMaster=False hasTemplate=True player=ExampleCharacter spawned=False
[11:36:46] Diag: scene=SingleMode_1 gameScene=False inRoom=False isMaster=False hasTemplate=True player=ExampleCharacter spawned=False
[11:36:49] Diag: scene=SingleMode_1 gameScene=False inRoom=False isMaster=False hasTemplate=True player=ExampleCharacter spawned=False
[11:36:52] Diag: scene=SingleMode_1 gameScene=False inRoom=False isMaster=False hasTemplate=True player=ExampleCharacter spawned=False
[11:36:57] === CNRZombieMod v0.3.0 loaded ===
[11:36:58] Proxy installed, wrapping PhotonHandler
[11:36:58] Diag: scene=MainMenu gameScene=False inRoom=False isMaster=False hasTemplate=False player=null spawned=False
[11:37:01] Diag: scene=MainMenu gameScene=False inRoom=False isMaster=False hasTemplate=False player=null spawned=False
[11:37:04] Diag: scene=MainMenu gameScene=False inRoom=False isMaster=False hasTemplate=False player=null spawned=False
[11:37:07] Diag: scene=SinglePlayerMode gameScene=False inRoom=False isMaster=False hasTemplate=False player=null spawned=False
[11:37:11] Diag: scene=SingleMode_1 gameScene=False inRoom=False isMaster=False hasTemplate=False player=ExampleCharacter spawned=False
[11:37:14] Diag: scene=SingleMode_1 gameScene=False inRoom=False isMaster=False hasTemplate=False player=ExampleCharacter spawned=False
[11:37:14] EnemyScan: found 25 SingleEnemyLogic instances
[11:37:14] GO: Knife_singleEnemy(Clone) [Transform, MeshFilter, BoxCollider, MeshRenderer, CharacterController, AudioSource, Seeker, SingleEnemyAI, SingleEnemyLogic, RushTriggerControl, ]
[11:37:14]   GO: Audio [Transform, ]
[11:37:14]     GO: gunAudio [Transform, AudioSource, ]
[11:37:14]     GO: walkAudio [Transform, AudioSource, ]
[11:37:14]   GO: BloodPosition [Transform, ]
[11:37:14]   GO: GeneratePosition [Transform, ]
[11:37:14]   GO: KnifeFirePoint [Transform, MeshFilter, SphereCollider, MeshRenderer, ]
[11:37:14]   GO: weaponControl [Transform, ]
[11:37:14]     GO: 1_3 [Transform, MeshFilter, ]
[11:37:14]       GO: handrightup [Transform, ]
[11:37:14]         GO: handright_Animation [Transform, MeshFilter, MeshRenderer, Animation, ]
[11:37:14]           GO: handright_new [Transform, MeshFilter, MeshRenderer, ]
[11:37:14]           GO: WeaponManager [Transform, WalkSway, WeaponManager, WeaponCrosshair, AudioSource, AmmoDisplay, ]
[11:37:14]             GO: GLOCK21 [Transform, WeaponScript, AudioSource, ]
[11:37:14]               GO: Hands+Deagle [Transform, ]
[11:37:14]                 GO: GLOCK21 [Transform, MeshFilter, MeshRenderer, ]
[11:37:14]               GO: SpecialEffects [Transform, ]
[11:37:14]                 GO: FirePoint [Transform, ]
[11:37:14]                 GO: MuzzleFlash [Transform, MeshFilter, MeshRenderer, ]
[11:37:14]                 GO: Point light [Transform, Light, ]
[11:37:14]             GO: GingerbreadBomb [Transform, WeaponScript, AudioSource, ]
[11:37:14]               GO: Hands+M67 [Transform, ]
[11:37:14]                 GO: GingerbreadBomb1 [Transform, MeshFilter, MeshRenderer, Animator, ]
[11:37:14]               GO: SpecialEffects [Transform, ]
[11:37:14]                 GO: FirePoint [Transform, ]
[11:37:14]                 GO: Point light [Transform, Light, ]
[11:37:14]                 GO: ReplaceWithSmoke [Transform, ParticleEmitter, ParticleAnimator, ParticleRenderer, ]
[11:37:14]             GO: MilkBomb [Transform, WeaponScript, AudioSource, ]
[11:37:14]               GO: Hands+MilkBomb [Transform, ]
[11:37:14]                 GO: MilkBomb [Transform, MeshFilter, MeshRenderer, ]
[11:37:14]               GO: SpecialEffects [Transform, ]
[11:37:14]                 GO: FirePoint [Transform, ]
[11:37:14]                 GO: Point light [Transform, Light, ]
[11:37:14]                 GO: ReplaceWithSmoke [Transform, ParticleEmitter, ParticleAnimator, ParticleRenderer, ]
[11:37:14]             GO: MP5KA4 [Transform, WeaponScript, AudioSource, ]
[11:37:14]               GO: Hands+MP5KA4 [Transform, ]
[11:37:14]                 GO: AK47 [Transform, MeshFilter, MeshRenderer, ]
[11:37:14]               GO: SpecialEffects [Transform, ]
[11:37:14]                 GO: FirePoint [Transform, ]
[11:37:14]                 GO: MuzzleFlash [Transform, MeshFilter, MeshRenderer, ]
[11:37:14]                 GO: Point light [Transform, Light, ]
[11:37:14]             GO: BallisticKnife [Transform, WeaponScript, AudioSource, ]
[11:37:14]               GO: FirePoint [Transform, ]
[11:37:14]               GO: Hands+BallisticKnife [Transform, ]
[11:37:14]                 GO: Dao [Transform, MeshFilter, MeshRenderer, ]
[11:37:14]             GO: Deagle [Transform, WeaponScript, AudioSource, ]
[11:37:14]               GO: Hands+Deagle [Transform, ]
[11:37:14]                 GO: Deagle [Transform, MeshFilter, MeshRenderer, ]
[11:37:14]               GO: SpecialEffects [Transform, ]
[11:37:14]                 GO: FirePoint [Transform, ]
[11:37:14]                 GO: MuzzleFlash [Transform, MeshFilter, MeshRenderer, ]
[11:37:14]                 GO: Point light [Transform, Light, ]
[11:37:14]             GO: M87T [Transform, WeaponScript, AudioSource, ]
[11:37:14]               GO: Hands+M87T [Transform, ]
[11:37:14]                 GO: M87T [Transform, ]
[11:37:14]                   GO: Z [Transform, MeshFilter, MeshRenderer, ]
[11:37:14]                   GO: Z1 [Transform, MeshFilter, MeshRenderer, ]
[11:37:14]                 GO: SpecialEffects [Transform, ]
[11:37:14]                   GO: FirePoint [Transform, ]
[11:37:14]                   GO: Point light [Transform, Light, ]
[11:37:14]                   GO: ReplaceWithSmoke [Transform, ParticleEmitter, ParticleAnimator, ParticleRenderer, ]
[11:37:14]             GO: M249 [Transform, WeaponScript, AudioSource, ]
[11:37:14]               GO: Hands+MP5KA4 [Transform, ]
[11:37:14]                 GO: M249 [Transform, MeshFilter, MeshRenderer, ]
[11:37:14]                   GO: M249_1 [Transform, MeshFilter, MeshRenderer, Animation, ]
[11:37:14]               GO: SpecialEffects [Transform, ]
[11:37:14]                 GO: FirePoint [Transform, ]
[11:37:14]                 GO: MuzzleFlash [Transform, MeshFilter, MeshRenderer, ]
[11:37:14]                 GO: Point light [Transform, Light, ]
[11:37:14]             GO: CandyRifle [Transform, WeaponScript, AudioSource, ]
[11:37:14]               GO: Hands+MP5KA4 [Transform, ]
[11:37:14]                 GO: CandyRifle [Transform, MeshFilter, MeshRenderer, Animator, ]
[11:37:14]               GO: SpecialEffects [Transform, ]
[11:37:14]                 GO: FirePoint [Transform, ]
[11:37:14]                 GO: MuzzleFlash [Transform, MeshFilter, MeshRenderer, ]
[11:37:14]                 GO: Point light [Transform, Light, ]
[11:37:14]             GO: MP5KA5 [Transform, WeaponScript, AudioSource, ]
[11:37:14]               GO: Hands+MP5KA5 [Transform, ]
[11:37:14]                 GO: MP5KA5 [Transform, MeshFilter, MeshRenderer, ]
[11:37:14]               GO: SpecialEffects [Transform, ]
[11:37:14]                 GO: FirePoint [Transform, ]
[11:37:14]                 GO: MuzzleFlash [Transform, MeshFilter, MeshRenderer, ]
[11:37:14]                 GO: Point light [Transform, Light, ]
[11:37:14]             GO: SantaGun [Transform, WeaponScript, AudioSource, ]
[11:37:14]               GO: Hands+MP5KA5 [Transform, ]
[11:37:14]                 GO: SantaGun [Transform, MeshFilter, MeshRenderer, ]
[11:37:14]               GO: SpecialEffects [Transform, ]
[11:37:14]                 GO: FirePoint [Transform, ]
[11:37:14]                 GO: MuzzleFlash [Transform, MeshFilter, MeshRenderer, ]
[11:37:14]                 GO: Point light [Transform, Light, ]
[11:37:14]             GO: RPG [Transform, WeaponScript, AudioSource, ]
[11:37:14]               GO: Hands+RPG [Transform, ]
[11:37:14]                 GO: RPG [Transform, MeshFilter, MeshRenderer, ]
[11:37:14]                   GO: RPG_Missle [Transform, MeshFilter, MeshRenderer, ]
[11:37:14]                 GO: SpecialEffects [Transform, ]
[11:37:14]                   GO: FirePoint [Transform, ]
[11:37:14]                   GO: Point light [Transform, Light, ]
[11:37:14]                   GO: ReplaceWithSmoke [Transform, ParticleEmitter, ParticleAnimator, ParticleRenderer, ]
[11:37:14]             GO: Grenade [Transform, WeaponScript, AudioSource, ]
[11:37:14]               GO: Hands+M67 [Transform, ]
[11:37:14]                 GO: ShouLei [Transform, MeshFilter, MeshRenderer, ]
[11:37:14]               GO: SpecialEffects [Transform, ]
[11:37:14]                 GO: FirePoint [Transform, ]
[11:37:14]                 GO: Point light [Transform, Light, ]
[11:37:14]                 GO: ReplaceWithSmoke [Transform, ParticleEmitter, ParticleAnimator, ParticleRenderer, ]
[11:37:14]             GO: SniperRifle [Transform, WeaponScript, AudioSource, ]
[11:37:14]               GO: Hands+Blaser R93 LRS2 [Transform, ]
[11:37:14]                 GO: AWP [Transform, MeshFilter, MeshRenderer, ]
[11:37:14]               GO: SpecialEffects [Transform, ]
[11:37:14]                 GO: FirePoint [Transform, ]
[11:37:14]                 GO: MuzzleFlash [Transform, MeshFilter, MeshRenderer, ]
[11:37:14]                 GO: Point light [Transform, Light, ]
[11:37:14]             GO: ChristmasSniper [Transform, WeaponScript, AudioSource, ]
[11:37:14]               GO: Hands+Blaser R93 LRS2 [Transform, ]
[11:37:14]                 GO: ChristmasSniper1 [Transform, MeshFilter, MeshRenderer, ]
[11:37:14]               GO: SpecialEffects [Transform, ]
[11:37:14]                 GO: FirePoint [Transform, ]
[11:37:14]                 GO: MuzzleFlash [Transform, MeshFilter, MeshRenderer, ]
[11:37:14]                 GO: Point light [Transform, Light, ]
[11:37:14]             GO: STW-25 [Transform, WeaponScript, AudioSource, ]
[11:37:14]               GO: Hands+STW-25 [Transform, ]
[11:37:14]                 GO: M4A1 [Transform, MeshFilter, MeshRenderer, ]
[11:37:14]               GO: SpecialEffects [Transform, ]
[11:37:14]                 GO: FirePoint [Transform, ]
[11:37:14]                 GO: MuzzleFlash [Transform, MeshFilter, MeshRenderer, ]
[11:37:14]                 GO: Point light [Transform, Light, ]
[11:37:14]             GO: G36K [Transform, WeaponScript, AudioSource, ]
[11:37:14]               GO: Hands+STW-25 [Transform, ]
[11:37:14]                 GO: G36K [Transform, MeshFilter, MeshRenderer, ]
[11:37:14]               GO: SpecialEffects [Transform, ]
[11:37:14]                 GO: FirePoint [Transform, ]
[11:37:14]                 GO: MuzzleFlash [Transform, MeshFilter, MeshRenderer, ]
[11:37:14]                 GO: Point light [Transform, Light, ]
[11:37:14]             GO: UZI [Transform, WeaponScript, AudioSource, ]
[11:37:14]               GO: Hands+Deagle [Transform, ]
[11:37:14]                 GO: UZI [Transform, MeshFilter, MeshRenderer, ]
[11:37:14]               GO: SpecialEffects [Transform, ]
[11:37:14]                 GO: FirePoint [Transform, ]
[11:37:14]                 GO: MuzzleFlash [Transform, MeshFilter, MeshRenderer, ]
[11:37:14]                 GO: Point light [Transform, Light, ]
[11:37:14]             GO: GingerbreadKnife [Transform, WeaponScript, AudioSource, ]
[11:37:14]               GO: FirePoint [Transform, ]
[11:37:14]               GO: Hands+BallisticKnife [Transform, ]
[11:37:14]                 GO: Dao [Transform, MeshFilter, MeshRenderer, ]
[11:37:14]     GO: EnemyAnimation [Transform, Animation, AnimTester, ]
[11:37:14]       GO: 1_1 [Transform, MeshFilter, ]
[11:37:14]         GO: head [Transform, MeshFilter, MeshRenderer, ]
[11:37:14]           GO: hat [Transform, MeshFilter, MeshRenderer, ]
[11:37:14]         GO: head_new [Transform, MeshFilter, MeshRenderer, ]
[11:37:14]       GO: 1_2 [Transform, MeshFilter, ]
[11:37:14]         GO: trunk [Transform, MeshFilter, MeshRenderer, ]
[11:37:14]         GO: trunk_new [Transform, MeshFilter, MeshRenderer, ]
[11:37:14]       GO: 1_4 [Transform, MeshFilter, ]
[11:37:14]         GO: legright [Transform, MeshFilter, MeshRenderer, ]
[11:37:14]         GO: legright_new [Transform, MeshFilter, MeshRenderer, Animator, ]
[11:37:14]       GO: 1_005 [Transform, MeshFilter, ]
[11:37:14]         GO: legleft [Transform, MeshFilter, MeshRenderer, ]
[11:37:14]         GO: legleft_new [Transform, MeshFilter, MeshRenderer, Animator, ]
[11:37:14]       GO: 1_006 [Transform, MeshFilter, ]
[11:37:14]         GO: handleft [Transform, MeshFilter, MeshRenderer, ]
[11:37:14]         GO: handleft_new [Transform, MeshFilter, MeshRenderer, ]
[11:37:14]       GO: handother_1 [Transform, ]
[11:37:14]   GO: bodyDamagePosition [Transform, ]
[11:37:14]     GO: headAroundPosition1 [Transform, MeshFilter, BoxCollider, ]
[11:37:14]     GO: headAroundPosition2 [Transform, MeshFilter, BoxCollider, ]
[11:37:14]     GO: headAroundPosition3 [Transform, MeshFilter, BoxCollider, ]
[11:37:14]     GO: headPosition [Transform, MeshFilter, BoxCollider, ]
[11:37:14]     GO: bodyPosition [Transform, MeshFilter, BoxCollider, ]
[11:37:14]     GO: footPosition [Transform, MeshFilter, BoxCollider, ]
[11:37:14]     GO: headAroundPosition4 [Transform, MeshFilter, BoxCollider, ]
[11:37:14]   GO: Triggers [Transform, ]
[11:37:14]     GO: attackTrigger [Transform, MeshFilter, BoxCollider, MeshRenderer, AttackTriggerControl, ]
[11:37:14]     GO: rushTrigger [Transform, MeshFilter, SphereCollider, MeshRenderer, RushTriggerControl, ]
[11:37:14]   GO: SynFirePoint [Transform, MeshFilter, SphereCollider, MeshRenderer, ]
[11:37:14]   GO: TargetPosition [Transform, ]
[11:37:14] GO: Knife_singleEnemy(Clone) [Transform, MeshFilter, BoxCollider, MeshRenderer, CharacterController, AudioSource, Seeker, SingleEnemyAI, SingleEnemyLogic, RushTriggerControl, ]
[11:37:14]   GO: Audio [Transform, ]
[11:37:14]     GO: gunAudio [Transform, AudioSource, ]
[11:37:14]     GO: walkAudio [Transform, AudioSource, ]
[11:37:14]   GO: BloodPosition [Transform, ]
[11:37:14]   GO: GeneratePosition [Transform, ]
[11:37:14]   GO: KnifeFirePoint [Transform, MeshFilter, SphereCollider, MeshRenderer, ]
[11:37:14]   GO: weaponControl [Transform, ]
[11:37:14]     GO: 1_3 [Transform, MeshFilter, ]
[11:37:14]       GO: handrightup [Transform, ]
[11:37:14]         GO: handright_Animation [Transform, MeshFilter, MeshRenderer, Animation, ]
[11:37:14]           GO: handright_new [Transform, MeshFilter, MeshRenderer, ]
[11:37:14]           GO: WeaponManager [Transform, WalkSway, WeaponManager, WeaponCrosshair, AudioSource, AmmoDisplay, ]
[11:37:14]             GO: GLOCK21 [Transform, WeaponScript, AudioSource, ]
[11:37:14]               GO: Hands+Deagle [Transform, ]
[11:37:14]                 GO: GLOCK21 [Transform, MeshFilter, MeshRenderer, ]
[11:37:14]               GO: SpecialEffects [Transform, ]
[11:37:14]                 GO: FirePoint [Transform, ]
[11:37:14]                 GO: MuzzleFlash [Transform, MeshFilter, MeshRenderer, ]
[11:37:14]                 GO: Point light [Transform, Light, ]
[11:37:14]             GO: GingerbreadBomb [Transform, WeaponScript, AudioSource, ]
[11:37:14]               GO: Hands+M67 [Transform, ]
[11:37:14]                 GO: GingerbreadBomb1 [Transform, MeshFilter, MeshRenderer, Animator, ]
[11:37:14]               GO: SpecialEffects [Transform, ]
[11:37:14]                 GO: FirePoint [Transform, ]
[11:37:14]                 GO: Point light [Transform, Light, ]
[11:37:14]                 GO: ReplaceWithSmoke [Transform, ParticleEmitter, ParticleAnimator, ParticleRenderer, ]
[11:37:14]             GO: MilkBomb [Transform, WeaponScript, AudioSource, ]
[11:37:14]               GO: Hands+MilkBomb [Transform, ]
[11:37:14]                 GO: MilkBomb [Transform, MeshFilter, MeshRenderer, ]
[11:37:14]               GO: SpecialEffects [Transform, ]
[11:37:14]                 GO: FirePoint [Transform, ]
[11:37:14]                 GO: Point light [Transform, Light, ]
[11:37:14]                 GO: ReplaceWithSmoke [Transform, ParticleEmitter, ParticleAnimator, ParticleRenderer, ]
[11:37:14]             GO: MP5KA4 [Transform, WeaponScript, AudioSource, ]
[11:37:14]               GO: Hands+MP5KA4 [Transform, ]
[11:37:14]                 GO: AK47 [Transform, MeshFilter, MeshRenderer, ]
[11:37:14]               GO: SpecialEffects [Transform, ]
[11:37:14]                 GO: FirePoint [Transform, ]
[11:37:14]                 GO: MuzzleFlash [Transform, MeshFilter, MeshRenderer, ]
[11:37:14]                 GO: Point light [Transform, Light, ]
[11:37:14]             GO: BallisticKnife [Transform, WeaponScript, AudioSource, ]
[11:37:14]               GO: FirePoint [Transform, ]
[11:37:14]               GO: Hands+BallisticKnife [Transform, ]
[11:37:14]                 GO: Dao [Transform, MeshFilter, MeshRenderer, ]
[11:37:14]             GO: Deagle [Transform, WeaponScript, AudioSource, ]
[11:37:14]               GO: Hands+Deagle [Transform, ]
[11:37:14]                 GO: Deagle [Transform, MeshFilter, MeshRenderer, ]
[11:37:14]               GO: SpecialEffects [Transform, ]
[11:37:14]                 GO: FirePoint [Transform, ]
[11:37:14]                 GO: MuzzleFlash [Transform, MeshFilter, MeshRenderer, ]
[11:37:14]                 GO: Point light [Transform, Light, ]
[11:37:14]             GO: M87T [Transform, WeaponScript, AudioSource, ]
[11:37:14]               GO: Hands+M87T [Transform, ]
[11:37:14]                 GO: M87T [Transform, ]
[11:37:14]                   GO: Z [Transform, MeshFilter, MeshRenderer, ]
[11:37:14]                   GO: Z1 [Transform, MeshFilter, MeshRenderer, ]
[11:37:14]                 GO: SpecialEffects [Transform, ]
[11:37:14]                   GO: FirePoint [Transform, ]
[11:37:14]                   GO: Point light [Transform, Light, ]
[11:37:14]                   GO: ReplaceWithSmoke [Transform, ParticleEmitter, ParticleAnimator, ParticleRenderer, ]
[11:37:14]             GO: M249 [Transform, WeaponScript, AudioSource, ]
[11:37:14]               GO: Hands+MP5KA4 [Transform, ]
[11:37:14]                 GO: M249 [Transform, MeshFilter, MeshRenderer, ]
[11:37:14]                   GO: M249_1 [Transform, MeshFilter, MeshRenderer, Animation, ]
[11:37:14]               GO: SpecialEffects [Transform, ]
[11:37:14]                 GO: FirePoint [Transform, ]
[11:37:14]                 GO: MuzzleFlash [Transform, MeshFilter, MeshRenderer, ]
[11:37:14]                 GO: Point light [Transform, Light, ]
[11:37:14]             GO: CandyRifle [Transform, WeaponScript, AudioSource, ]
[11:37:14]               GO: Hands+MP5KA4 [Transform, ]
[11:37:14]                 GO: CandyRifle [Transform, MeshFilter, MeshRenderer, Animator, ]
[11:37:14]               GO: SpecialEffects [Transform, ]
[11:37:14]                 GO: FirePoint [Transform, ]
[11:37:14]                 GO: MuzzleFlash [Transform, MeshFilter, MeshRenderer, ]
[11:37:14]                 GO: Point light [Transform, Light, ]
[11:37:14]             GO: MP5KA5 [Transform, WeaponScript, AudioSource, ]
[11:37:14]               GO: Hands+MP5KA5 [Transform, ]
[11:37:14]                 GO: MP5KA5 [Transform, MeshFilter, MeshRenderer, ]
[11:37:14]               GO: SpecialEffects [Transform, ]
[11:37:14]                 GO: FirePoint [Transform, ]
[11:37:14]                 GO: MuzzleFlash [Transform, MeshFilter, MeshRenderer, ]
[11:37:14]                 GO: Point light [Transform, Light, ]
[11:37:14]             GO: SantaGun [Transform, WeaponScript, AudioSource, ]
[11:37:14]               GO: Hands+MP5KA5 [Transform, ]
[11:37:14]                 GO: SantaGun [Transform, MeshFilter, MeshRenderer, ]
[11:37:14]               GO: SpecialEffects [Transform, ]
[11:37:14]                 GO: FirePoint [Transform, ]
[11:37:14]                 GO: MuzzleFlash [Transform, MeshFilter, MeshRenderer, ]
[11:37:14]                 GO: Point light [Transform, Light, ]
[11:37:14]             GO: RPG [Transform, WeaponScript, AudioSource, ]
[11:37:14]               GO: Hands+RPG [Transform, ]
[11:37:14]                 GO: RPG [Transform, MeshFilter, MeshRenderer, ]
[11:37:14]                   GO: RPG_Missle [Transform, MeshFilter, MeshRenderer, ]
[11:37:14]                 GO: SpecialEffects [Transform, ]
[11:37:14]                   GO: FirePoint [Transform, ]
[11:37:14]                   GO: Point light [Transform, Light, ]
[11:37:14]                   GO: ReplaceWithSmoke [Transform, ParticleEmitter, ParticleAnimator, ParticleRenderer, ]
[11:37:14]             GO: Grenade [Transform, WeaponScript, AudioSource, ]
[11:37:14]               GO: Hands+M67 [Transform, ]
[11:37:14]                 GO: ShouLei [Transform, MeshFilter, MeshRenderer, ]
[11:37:14]               GO: SpecialEffects [Transform, ]
[11:37:14]                 GO: FirePoint [Transform, ]
[11:37:14]                 GO: Point light [Transform, Light, ]
[11:37:14]                 GO: ReplaceWithSmoke [Transform, ParticleEmitter, ParticleAnimator, ParticleRenderer, ]
[11:37:14]             GO: SniperRifle [Transform, WeaponScript, AudioSource, ]
[11:37:14]               GO: Hands+Blaser R93 LRS2 [Transform, ]
[11:37:14]                 GO: AWP [Transform, MeshFilter, MeshRenderer, ]
[11:37:14]               GO: SpecialEffects [Transform, ]
[11:37:14]                 GO: FirePoint [Transform, ]
[11:37:14]                 GO: MuzzleFlash [Transform, MeshFilter, MeshRenderer, ]
[11:37:14]                 GO: Point light [Transform, Light, ]
[11:37:14]             GO: ChristmasSniper [Transform, WeaponScript, AudioSource, ]
[11:37:14]               GO: Hands+Blaser R93 LRS2 [Transform, ]
[11:37:14]                 GO: ChristmasSniper1 [Transform, MeshFilter, MeshRenderer, ]
[11:37:14]               GO: SpecialEffects [Transform, ]
[11:37:14]                 GO: FirePoint [Transform, ]
[11:37:14]                 GO: MuzzleFlash [Transform, MeshFilter, MeshRenderer, ]
[11:37:14]                 GO: Point light [Transform, Light, ]
[11:37:14]             GO: STW-25 [Transform, WeaponScript, AudioSource, ]
[11:37:14]               GO: Hands+STW-25 [Transform, ]
[11:37:14]                 GO: M4A1 [Transform, MeshFilter, MeshRenderer, ]
[11:37:14]               GO: SpecialEffects [Transform, ]
[11:37:14]                 GO: FirePoint [Transform, ]
[11:37:14]                 GO: MuzzleFlash [Transform, MeshFilter, MeshRenderer, ]
[11:37:14]                 GO: Point light [Transform, Light, ]
[11:37:14]             GO: G36K [Transform, WeaponScript, AudioSource, ]
[11:37:14]               GO: Hands+STW-25 [Transform, ]
[11:37:14]                 GO: G36K [Transform, MeshFilter, MeshRenderer, ]
[11:37:14]               GO: SpecialEffects [Transform, ]
[11:37:14]                 GO: FirePoint [Transform, ]
[11:37:14]                 GO: MuzzleFlash [Transform, MeshFilter, MeshRenderer, ]
[11:37:14]                 GO: Point light [Transform, Light, ]
[11:37:14]             GO: UZI [Transform, WeaponScript, AudioSource, ]
[11:37:14]               GO: Hands+Deagle [Transform, ]
[11:37:14]                 GO: UZI [Transform, MeshFilter, MeshRenderer, ]
[11:37:14]               GO: SpecialEffects [Transform, ]
[11:37:14]                 GO: FirePoint [Transform, ]
[11:37:14]                 GO: MuzzleFlash [Transform, MeshFilter, MeshRenderer, ]
[11:37:14]                 GO: Point light [Transform, Light, ]
[11:37:14]             GO: GingerbreadKnife [Transform, WeaponScript, AudioSource, ]
[11:37:14]               GO: FirePoint [Transform, ]
[11:37:14]               GO: Hands+BallisticKnife [Transform, ]
[11:37:14]                 GO: Dao [Transform, MeshFilter, MeshRenderer, ]
[11:37:14]     GO: EnemyAnimation [Transform, Animation, AnimTester, ]
[11:37:14]       GO: 1_1 [Transform, MeshFilter, ]
[11:37:14]         GO: head [Transform, MeshFilter, MeshRenderer, ]
[11:37:14]           GO: hat [Transform, MeshFilter, MeshRenderer, ]
[11:37:14]         GO: head_new [Transform, MeshFilter, MeshRenderer, ]
[11:37:14]       GO: 1_2 [Transform, MeshFilter, ]
[11:37:14]         GO: trunk [Transform, MeshFilter, MeshRenderer, ]
[11:37:14]         GO: trunk_new [Transform, MeshFilter, MeshRenderer, ]
[11:37:14]       GO: 1_4 [Transform, MeshFilter, ]
[11:37:14]         GO: legright [Transform, MeshFilter, MeshRenderer, ]
[11:37:14]         GO: legright_new [Transform, MeshFilter, MeshRenderer, Animator, ]
[11:37:14]       GO: 1_005 [Transform, MeshFilter, ]
[11:37:14]         GO: legleft [Transform, MeshFilter, MeshRenderer, ]
[11:37:14]         GO: legleft_new [Transform, MeshFilter, MeshRenderer, Animator, ]
[11:37:14]       GO: 1_006 [Transform, MeshFilter, ]
[11:37:14]         GO: handleft [Transform, MeshFilter, MeshRenderer, ]
[11:37:14]         GO: handleft_new [Transform, MeshFilter, MeshRenderer, ]
[11:37:14]       GO: handother_1 [Transform, ]
[11:37:14]   GO: bodyDamagePosition [Transform, ]
[11:37:14]     GO: headAroundPosition1 [Transform, MeshFilter, BoxCollider, ]
[11:37:14]     GO: headAroundPosition2 [Transform, MeshFilter, BoxCollider, ]
[11:37:14]     GO: headAroundPosition3 [Transform, MeshFilter, BoxCollider, ]
[11:37:14]     GO: headPosition [Transform, MeshFilter, BoxCollider, ]
[11:37:14]     GO: bodyPosition [Transform, MeshFilter, BoxCollider, ]
[11:37:14]     GO: footPosition [Transform, MeshFilter, BoxCollider, ]
[11:37:14]     GO: headAroundPosition4 [Transform, MeshFilter, BoxCollider, ]
[11:37:14]   GO: Triggers [Transform, ]
[11:37:14]     GO: attackTrigger [Transform, MeshFilter, BoxCollider, MeshRenderer, AttackTriggerControl, ]
[11:37:14]     GO: rushTrigger [Transform, MeshFilter, SphereCollider, MeshRenderer, RushTriggerControl, ]
[11:37:14]   GO: SynFirePoint [Transform, MeshFilter, SphereCollider, MeshRenderer, ]
[11:37:14]   GO: TargetPosition [Transform, ]
[11:37:14] GO: Knife_singleEnemy(Clone) [Transform, MeshFilter, BoxCollider, MeshRenderer, CharacterController, AudioSource, Seeker, SingleEnemyAI, SingleEnemyLogic, RushTriggerControl, ]
[11:37:14]   GO: Audio [Transform, ]
[11:37:14]     GO: gunAudio [Transform, AudioSource, ]
[11:37:14]     GO: walkAudio [Transform, AudioSource, ]
[11:37:14]   GO: BloodPosition [Transform, ]
[11:37:14]   GO: GeneratePosition [Transform, ]
[11:37:14]   GO: KnifeFirePoint [Transform, MeshFilter, SphereCollider, MeshRenderer, ]
[11:37:14]   GO: weaponControl [Transform, ]
[11:37:14]     GO: 1_3 [Transform, MeshFilter, ]
[11:37:14]       GO: handrightup [Transform, ]
[11:37:14]         GO: handright_Animation [Transform, MeshFilter, MeshRenderer, Animation, ]
[11:37:14]           GO: handright_new [Transform, MeshFilter, MeshRenderer, ]
[11:37:14]           GO: WeaponManager [Transform, WalkSway, WeaponManager, WeaponCrosshair, AudioSource, AmmoDisplay, ]
[11:37:14]             GO: GLOCK21 [Transform, WeaponScript, AudioSource, ]
[11:37:14]               GO: Hands+Deagle [Transform, ]
[11:37:14]                 GO: GLOCK21 [Transform, MeshFilter, MeshRenderer, ]
[11:37:14]               GO: SpecialEffects [Transform, ]
[11:37:14]                 GO: FirePoint [Transform, ]
[11:37:14]                 GO: MuzzleFlash [Transform, MeshFilter, MeshRenderer, ]
[11:37:14]                 GO: Point light [Transform, Light, ]
[11:37:14]             GO: GingerbreadBomb [Transform, WeaponScript, AudioSource, ]
[11:37:14]               GO: Hands+M67 [Transform, ]
[11:37:14]                 GO: GingerbreadBomb1 [Transform, MeshFilter, MeshRenderer, Animator, ]
[11:37:14]               GO: SpecialEffects [Transform, ]
[11:37:14]                 GO: FirePoint [Transform, ]
[11:37:14]                 GO: Point light [Transform, Light, ]
[11:37:14]                 GO: ReplaceWithSmoke [Transform, ParticleEmitter, ParticleAnimator, ParticleRenderer, ]
[11:37:14]             GO: MilkBomb [Transform, WeaponScript, AudioSource, ]
[11:37:14]               GO: Hands+MilkBomb [Transform, ]
[11:37:14]                 GO: MilkBomb [Transform, MeshFilter, MeshRenderer, ]
[11:37:14]               GO: SpecialEffects [Transform, ]
[11:37:14]                 GO: FirePoint [Transform, ]
[11:37:14]                 GO: Point light [Transform, Light, ]
[11:37:14]                 GO: ReplaceWithSmoke [Transform, ParticleEmitter, ParticleAnimator, ParticleRenderer, ]
[11:37:14]             GO: MP5KA4 [Transform, WeaponScript, AudioSource, ]
[11:37:14]               GO: Hands+MP5KA4 [Transform, ]
[11:37:14]                 GO: AK47 [Transform, MeshFilter, MeshRenderer, ]
[11:37:14]               GO: SpecialEffects [Transform, ]
[11:37:14]                 GO: FirePoint [Transform, ]
[11:37:14]                 GO: MuzzleFlash [Transform, MeshFilter, MeshRenderer, ]
[11:37:14]                 GO: Point light [Transform, Light, ]
[11:37:14]             GO: BallisticKnife [Transform, WeaponScript, AudioSource, ]
[11:37:14]               GO: FirePoint [Transform, ]
[11:37:14]               GO: Hands+BallisticKnife [Transform, ]
[11:37:14]                 GO: Dao [Transform, MeshFilter, MeshRenderer, ]
[11:37:14]             GO: Deagle [Transform, WeaponScript, AudioSource, ]
[11:37:14]               GO: Hands+Deagle [Transform, ]
[11:37:14]                 GO: Deagle [Transform, MeshFilter, MeshRenderer, ]
[11:37:14]               GO: SpecialEffects [Transform, ]
[11:37:14]                 GO: FirePoint [Transform, ]
[11:37:14]                 GO: MuzzleFlash [Transform, MeshFilter, MeshRenderer, ]
[11:37:14]                 GO: Point light [Transform, Light, ]
[11:37:14]             GO: M87T [Transform, WeaponScript, AudioSource, ]
[11:37:14]               GO: Hands+M87T [Transform, ]
[11:37:14]                 GO: M87T [Transform, ]
[11:37:14]                   GO: Z [Transform, MeshFilter, MeshRenderer, ]
[11:37:14]                   GO: Z1 [Transform, MeshFilter, MeshRenderer, ]
[11:37:14]                 GO: SpecialEffects [Transform, ]
[11:37:14]                   GO: FirePoint [Transform, ]
[11:37:14]                   GO: Point light [Transform, Light, ]
[11:37:14]                   GO: ReplaceWithSmoke [Transform, ParticleEmitter, ParticleAnimator, ParticleRenderer, ]
[11:37:14]             GO: M249 [Transform, WeaponScript, AudioSource, ]
[11:37:14]               GO: Hands+MP5KA4 [Transform, ]
[11:37:14]                 GO: M249 [Transform, MeshFilter, MeshRenderer, ]
[11:37:14]                   GO: M249_1 [Transform, MeshFilter, MeshRenderer, Animation, ]
[11:37:14]               GO: SpecialEffects [Transform, ]
[11:37:14]                 GO: FirePoint [Transform, ]
[11:37:14]                 GO: MuzzleFlash [Transform, MeshFilter, MeshRenderer, ]
[11:37:14]                 GO: Point light [Transform, Light, ]
[11:37:14]             GO: CandyRifle [Transform, WeaponScript, AudioSource, ]
[11:37:14]               GO: Hands+MP5KA4 [Transform, ]
[11:37:14]                 GO: CandyRifle [Transform, MeshFilter, MeshRenderer, Animator, ]
[11:37:14]               GO: SpecialEffects [Transform, ]
[11:37:14]                 GO: FirePoint [Transform, ]
[11:37:14]                 GO: MuzzleFlash [Transform, MeshFilter, MeshRenderer, ]
[11:37:14]                 GO: Point light [Transform, Light, ]
[11:37:14]             GO: MP5KA5 [Transform, WeaponScript, AudioSource, ]
[11:37:14]               GO: Hands+MP5KA5 [Transform, ]
[11:37:14]                 GO: MP5KA5 [Transform, MeshFilter, MeshRenderer, ]
[11:37:14]               GO: SpecialEffects [Transform, ]
[11:37:14]                 GO: FirePoint [Transform, ]
[11:37:14]                 GO: MuzzleFlash [Transform, MeshFilter, MeshRenderer, ]
[11:37:14]                 GO: Point light [Transform, Light, ]
[11:37:14]             GO: SantaGun [Transform, WeaponScript, AudioSource, ]
[11:37:14]               GO: Hands+MP5KA5 [Transform, ]
[11:37:14]                 GO: SantaGun [Transform, MeshFilter, MeshRenderer, ]
[11:37:14]               GO: SpecialEffects [Transform, ]
[11:37:14]                 GO: FirePoint [Transform, ]
[11:37:14]                 GO: MuzzleFlash [Transform, MeshFilter, MeshRenderer, ]
[11:37:14]                 GO: Point light [Transform, Light, ]
[11:37:14]             GO: RPG [Transform, WeaponScript, AudioSource, ]
[11:37:14]               GO: Hands+RPG [Transform, ]
[11:37:14]                 GO: RPG [Transform, MeshFilter, MeshRenderer, ]
[11:37:14]                   GO: RPG_Missle [Transform, MeshFilter, MeshRenderer, ]
[11:37:14]                 GO: SpecialEffects [Transform, ]
[11:37:14]                   GO: FirePoint [Transform, ]
[11:37:14]                   GO: Point light [Transform, Light, ]
[11:37:14]                   GO: ReplaceWithSmoke [Transform, ParticleEmitter, ParticleAnimator, ParticleRenderer, ]
[11:37:14]             GO: Grenade [Transform, WeaponScript, AudioSource, ]
[11:37:14]               GO: Hands+M67 [Transform, ]
[11:37:14]                 GO: ShouLei [Transform, MeshFilter, MeshRenderer, ]
[11:37:14]               GO: SpecialEffects [Transform, ]
[11:37:14]                 GO: FirePoint [Transform, ]
[11:37:14]                 GO: Point light [Transform, Light, ]
[11:37:14]                 GO: ReplaceWithSmoke [Transform, ParticleEmitter, ParticleAnimator, ParticleRenderer, ]
[11:37:14]             GO: SniperRifle [Transform, WeaponScript, AudioSource, ]
[11:37:14]               GO: Hands+Blaser R93 LRS2 [Transform, ]
[11:37:14]                 GO: AWP [Transform, MeshFilter, MeshRenderer, ]
[11:37:14]               GO: SpecialEffects [Transform, ]
[11:37:14]                 GO: FirePoint [Transform, ]
[11:37:14]                 GO: MuzzleFlash [Transform, MeshFilter, MeshRenderer, ]
[11:37:14]                 GO: Point light [Transform, Light, ]
[11:37:14]             GO: ChristmasSniper [Transform, WeaponScript, AudioSource, ]
[11:37:14]               GO: Hands+Blaser R93 LRS2 [Transform, ]
[11:37:14]                 GO: ChristmasSniper1 [Transform, MeshFilter, MeshRenderer, ]
[11:37:14]               GO: SpecialEffects [Transform, ]
[11:37:14]                 GO: FirePoint [Transform, ]
[11:37:14]                 GO: MuzzleFlash [Transform, MeshFilter, MeshRenderer, ]
[11:37:14]                 GO: Point light [Transform, Light, ]
[11:37:14]             GO: STW-25 [Transform, WeaponScript, AudioSource, ]
[11:37:14]               GO: Hands+STW-25 [Transform, ]
[11:37:14]                 GO: M4A1 [Transform, MeshFilter, MeshRenderer, ]
[11:37:14]               GO: SpecialEffects [Transform, ]
[11:37:14]                 GO: FirePoint [Transform, ]
[11:37:14]                 GO: MuzzleFlash [Transform, MeshFilter, MeshRenderer, ]
[11:37:14]                 GO: Point light [Transform, Light, ]
[11:37:14]             GO: G36K [Transform, WeaponScript, AudioSource, ]
[11:37:14]               GO: Hands+STW-25 [Transform, ]
[11:37:14]                 GO: G36K [Transform, MeshFilter, MeshRenderer, ]
[11:37:14]               GO: SpecialEffects [Transform, ]
[11:37:14]                 GO: FirePoint [Transform, ]
[11:37:14]                 GO: MuzzleFlash [Transform, MeshFilter, MeshRenderer, ]
[11:37:14]                 GO: Point light [Transform, Light, ]
[11:37:14]             GO: UZI [Transform, WeaponScript, AudioSource, ]
[11:37:14]               GO: Hands+Deagle [Transform, ]
[11:37:14]                 GO: UZI [Transform, MeshFilter, MeshRenderer, ]
[11:37:14]               GO: SpecialEffects [Transform, ]
[11:37:14]                 GO: FirePoint [Transform, ]
[11:37:14]                 GO: MuzzleFlash [Transform, MeshFilter, MeshRenderer, ]
[11:37:14]                 GO: Point light [Transform, Light, ]
[11:37:14]             GO: GingerbreadKnife [Transform, WeaponScript, AudioSource, ]
[11:37:14]               GO: FirePoint [Transform, ]
[11:37:14]               GO: Hands+BallisticKnife [Transform, ]
[11:37:14]                 GO: Dao [Transform, MeshFilter, MeshRenderer, ]
[11:37:14]     GO: EnemyAnimation [Transform, Animation, AnimTester, ]
[11:37:14]       GO: 1_1 [Transform, MeshFilter, ]
[11:37:14]         GO: head [Transform, MeshFilter, MeshRenderer, ]
[11:37:14]           GO: hat [Transform, MeshFilter, MeshRenderer, ]
[11:37:14]         GO: head_new [Transform, MeshFilter, MeshRenderer, ]
[11:37:14]       GO: 1_2 [Transform, MeshFilter, ]
[11:37:14]         GO: trunk [Transform, MeshFilter, MeshRenderer, ]
[11:37:14]         GO: trunk_new [Transform, MeshFilter, MeshRenderer, ]
[11:37:14]       GO: 1_4 [Transform, MeshFilter, ]
[11:37:14]         GO: legright [Transform, MeshFilter, MeshRenderer, ]
[11:37:14]         GO: legright_new [Transform, MeshFilter, MeshRenderer, Animator, ]
[11:37:14]       GO: 1_005 [Transform, MeshFilter, ]
[11:37:14]         GO: legleft [Transform, MeshFilter, MeshRenderer, ]
[11:37:14]         GO: legleft_new [Transform, MeshFilter, MeshRenderer, Animator, ]
[11:37:14]       GO: 1_006 [Transform, MeshFilter, ]
[11:37:14]         GO: handleft [Transform, MeshFilter, MeshRenderer, ]
[11:37:14]         GO: handleft_new [Transform, MeshFilter, MeshRenderer, ]
[11:37:14]       GO: handother_1 [Transform, ]
[11:37:14]   GO: bodyDamagePosition [Transform, ]
[11:37:14]     GO: headAroundPosition1 [Transform, MeshFilter, BoxCollider, ]
[11:37:14]     GO: headAroundPosition2 [Transform, MeshFilter, BoxCollider, ]
[11:37:14]     GO: headAroundPosition3 [Transform, MeshFilter, BoxCollider, ]
[11:37:14]     GO: headPosition [Transform, MeshFilter, BoxCollider, ]
[11:37:14]     GO: bodyPosition [Transform, MeshFilter, BoxCollider, ]
[11:37:14]     GO: footPosition [Transform, MeshFilter, BoxCollider, ]
[11:37:14]     GO: headAroundPosition4 [Transform, MeshFilter, BoxCollider, ]
[11:37:14]   GO: Triggers [Transform, ]
[11:37:14]     GO: attackTrigger [Transform, MeshFilter, BoxCollider, MeshRenderer, AttackTriggerControl, ]
[11:37:14]     GO: rushTrigger [Transform, MeshFilter, SphereCollider, MeshRenderer, RushTriggerControl, ]
[11:37:14]   GO: SynFirePoint [Transform, MeshFilter, SphereCollider, MeshRenderer, ]
[11:37:14]   GO: TargetPosition [Transform, ]
[11:37:14] EnemyScan: found 25 SingleEnemyAI instances
[11:37:14] GO: Knife_singleEnemy(Clone) [Transform, MeshFilter, BoxCollider, MeshRenderer, CharacterController, AudioSource, Seeker, SingleEnemyAI, SingleEnemyLogic, RushTriggerControl, ]
[11:37:14]   GO: Audio [Transform, ]
[11:37:14]     GO: gunAudio [Transform, AudioSource, ]
[11:37:14]     GO: walkAudio [Transform, AudioSource, ]
[11:37:14]   GO: BloodPosition [Transform, ]
[11:37:14]   GO: GeneratePosition [Transform, ]
[11:37:14]   GO: KnifeFirePoint [Transform, MeshFilter, SphereCollider, MeshRenderer, ]
[11:37:14]   GO: weaponControl [Transform, ]
[11:37:14]     GO: 1_3 [Transform, MeshFilter, ]
[11:37:14]       GO: handrightup [Transform, ]
[11:37:14]         GO: handright_Animation [Transform, MeshFilter, MeshRenderer, Animation, ]
[11:37:14]           GO: handright_new [Transform, MeshFilter, MeshRenderer, ]
[11:37:14]           GO: WeaponManager [Transform, WalkSway, WeaponManager, WeaponCrosshair, AudioSource, AmmoDisplay, ]
[11:37:14]             GO: GLOCK21 [Transform, WeaponScript, AudioSource, ]
[11:37:14]               GO: Hands+Deagle [Transform, ]
[11:37:14]                 GO: GLOCK21 [Transform, MeshFilter, MeshRenderer, ]
[11:37:14]               GO: SpecialEffects [Transform, ]
[11:37:14]                 GO: FirePoint [Transform, ]
[11:37:14]                 GO: MuzzleFlash [Transform, MeshFilter, MeshRenderer, ]
[11:37:14]                 GO: Point light [Transform, Light, ]
[11:37:14]             GO: GingerbreadBomb [Transform, WeaponScript, AudioSource, ]
[11:37:14]               GO: Hands+M67 [Transform, ]
[11:37:14]                 GO: GingerbreadBomb1 [Transform, MeshFilter, MeshRenderer, Animator, ]
[11:37:14]               GO: SpecialEffects [Transform, ]
[11:37:14]                 GO: FirePoint [Transform, ]
[11:37:14]                 GO: Point light [Transform, Light, ]
[11:37:14]                 GO: ReplaceWithSmoke [Transform, ParticleEmitter, ParticleAnimator, ParticleRenderer, ]
[11:37:14]             GO: MilkBomb [Transform, WeaponScript, AudioSource, ]
[11:37:14]               GO: Hands+MilkBomb [Transform, ]
[11:37:14]                 GO: MilkBomb [Transform, MeshFilter, MeshRenderer, ]
[11:37:14]               GO: SpecialEffects [Transform, ]
[11:37:14]                 GO: FirePoint [Transform, ]
[11:37:14]                 GO: Point light [Transform, Light, ]
[11:37:14]                 GO: ReplaceWithSmoke [Transform, ParticleEmitter, ParticleAnimator, ParticleRenderer, ]
[11:37:14]             GO: MP5KA4 [Transform, WeaponScript, AudioSource, ]
[11:37:14]               GO: Hands+MP5KA4 [Transform, ]
[11:37:14]                 GO: AK47 [Transform, MeshFilter, MeshRenderer, ]
[11:37:14]               GO: SpecialEffects [Transform, ]
[11:37:14]                 GO: FirePoint [Transform, ]
[11:37:14]                 GO: MuzzleFlash [Transform, MeshFilter, MeshRenderer, ]
[11:37:14]                 GO: Point light [Transform, Light, ]
[11:37:14]             GO: BallisticKnife [Transform, WeaponScript, AudioSource, ]
[11:37:14]               GO: FirePoint [Transform, ]
[11:37:14]               GO: Hands+BallisticKnife [Transform, ]
[11:37:14]                 GO: Dao [Transform, MeshFilter, MeshRenderer, ]
[11:37:14]             GO: Deagle [Transform, WeaponScript, AudioSource, ]
[11:37:14]               GO: Hands+Deagle [Transform, ]
[11:37:14]                 GO: Deagle [Transform, MeshFilter, MeshRenderer, ]
[11:37:14]               GO: SpecialEffects [Transform, ]
[11:37:14]                 GO: FirePoint [Transform, ]
[11:37:14]                 GO: MuzzleFlash [Transform, MeshFilter, MeshRenderer, ]
[11:37:14]                 GO: Point light [Transform, Light, ]
[11:37:14]             GO: M87T [Transform, WeaponScript, AudioSource, ]
[11:37:14]               GO: Hands+M87T [Transform, ]
[11:37:14]                 GO: M87T [Transform, ]
[11:37:14]                   GO: Z [Transform, MeshFilter, MeshRenderer, ]
[11:37:14]                   GO: Z1 [Transform, MeshFilter, MeshRenderer, ]
[11:37:14]                 GO: SpecialEffects [Transform, ]
[11:37:14]                   GO: FirePoint [Transform, ]
[11:37:14]                   GO: Point light [Transform, Light, ]
[11:37:14]                   GO: ReplaceWithSmoke [Transform, ParticleEmitter, ParticleAnimator, ParticleRenderer, ]
[11:37:14]             GO: M249 [Transform, WeaponScript, AudioSource, ]
[11:37:14]               GO: Hands+MP5KA4 [Transform, ]
[11:37:14]                 GO: M249 [Transform, MeshFilter, MeshRenderer, ]
[11:37:14]                   GO: M249_1 [Transform, MeshFilter, MeshRenderer, Animation, ]
[11:37:14]               GO: SpecialEffects [Transform, ]
[11:37:14]                 GO: FirePoint [Transform, ]
[11:37:14]                 GO: MuzzleFlash [Transform, MeshFilter, MeshRenderer, ]
[11:37:14]                 GO: Point light [Transform, Light, ]
[11:37:14]             GO: CandyRifle [Transform, WeaponScript, AudioSource, ]
[11:37:14]               GO: Hands+MP5KA4 [Transform, ]
[11:37:14]                 GO: CandyRifle [Transform, MeshFilter, MeshRenderer, Animator, ]
[11:37:14]               GO: SpecialEffects [Transform, ]
[11:37:14]                 GO: FirePoint [Transform, ]
[11:37:14]                 GO: MuzzleFlash [Transform, MeshFilter, MeshRenderer, ]
[11:37:14]                 GO: Point light [Transform, Light, ]
[11:37:14]             GO: MP5KA5 [Transform, WeaponScript, AudioSource, ]
[11:37:14]               GO: Hands+MP5KA5 [Transform, ]
[11:37:14]                 GO: MP5KA5 [Transform, MeshFilter, MeshRenderer, ]
[11:37:14]               GO: SpecialEffects [Transform, ]
[11:37:14]                 GO: FirePoint [Transform, ]
[11:37:14]                 GO: MuzzleFlash [Transform, MeshFilter, MeshRenderer, ]
[11:37:14]                 GO: Point light [Transform, Light, ]
[11:37:14]             GO: SantaGun [Transform, WeaponScript, AudioSource, ]
[11:37:14]               GO: Hands+MP5KA5 [Transform, ]
[11:37:14]                 GO: SantaGun [Transform, MeshFilter, MeshRenderer, ]
[11:37:14]               GO: SpecialEffects [Transform, ]
[11:37:14]                 GO: FirePoint [Transform, ]
[11:37:14]                 GO: MuzzleFlash [Transform, MeshFilter, MeshRenderer, ]
[11:37:14]                 GO: Point light [Transform, Light, ]
[11:37:14]             GO: RPG [Transform, WeaponScript, AudioSource, ]
[11:37:14]               GO: Hands+RPG [Transform, ]
[11:37:14]                 GO: RPG [Transform, MeshFilter, MeshRenderer, ]
[11:37:14]                   GO: RPG_Missle [Transform, MeshFilter, MeshRenderer, ]
[11:37:14]                 GO: SpecialEffects [Transform, ]
[11:37:14]                   GO: FirePoint [Transform, ]
[11:37:14]                   GO: Point light [Transform, Light, ]
[11:37:14]                   GO: ReplaceWithSmoke [Transform, ParticleEmitter, ParticleAnimator, ParticleRenderer, ]
[11:37:14]             GO: Grenade [Transform, WeaponScript, AudioSource, ]
[11:37:14]               GO: Hands+M67 [Transform, ]
[11:37:14]                 GO: ShouLei [Transform, MeshFilter, MeshRenderer, ]
[11:37:14]               GO: SpecialEffects [Transform, ]
[11:37:14]                 GO: FirePoint [Transform, ]
[11:37:14]                 GO: Point light [Transform, Light, ]
[11:37:14]                 GO: ReplaceWithSmoke [Transform, ParticleEmitter, ParticleAnimator, ParticleRenderer, ]
[11:37:14]             GO: SniperRifle [Transform, WeaponScript, AudioSource, ]
[11:37:14]               GO: Hands+Blaser R93 LRS2 [Transform, ]
[11:37:14]                 GO: AWP [Transform, MeshFilter, MeshRenderer, ]
[11:37:14]               GO: SpecialEffects [Transform, ]
[11:37:14]                 GO: FirePoint [Transform, ]
[11:37:14]                 GO: MuzzleFlash [Transform, MeshFilter, MeshRenderer, ]
[11:37:14]                 GO: Point light [Transform, Light, ]
[11:37:14]             GO: ChristmasSniper [Transform, WeaponScript, AudioSource, ]
[11:37:14]               GO: Hands+Blaser R93 LRS2 [Transform, ]
[11:37:14]                 GO: ChristmasSniper1 [Transform, MeshFilter, MeshRenderer, ]
[11:37:14]               GO: SpecialEffects [Transform, ]
[11:37:14]                 GO: FirePoint [Transform, ]
[11:37:14]                 GO: MuzzleFlash [Transform, MeshFilter, MeshRenderer, ]
[11:37:14]                 GO: Point light [Transform, Light, ]
[11:37:14]             GO: STW-25 [Transform, WeaponScript, AudioSource, ]
[11:37:14]               GO: Hands+STW-25 [Transform, ]
[11:37:14]                 GO: M4A1 [Transform, MeshFilter, MeshRenderer, ]
[11:37:14]               GO: SpecialEffects [Transform, ]
[11:37:14]                 GO: FirePoint [Transform, ]
[11:37:14]                 GO: MuzzleFlash [Transform, MeshFilter, MeshRenderer, ]
[11:37:14]                 GO: Point light [Transform, Light, ]
[11:37:14]             GO: G36K [Transform, WeaponScript, AudioSource, ]
[11:37:14]               GO: Hands+STW-25 [Transform, ]
[11:37:14]                 GO: G36K [Transform, MeshFilter, MeshRenderer, ]
[11:37:14]               GO: SpecialEffects [Transform, ]
[11:37:14]                 GO: FirePoint [Transform, ]
[11:37:14]                 GO: MuzzleFlash [Transform, MeshFilter, MeshRenderer, ]
[11:37:14]                 GO: Point light [Transform, Light, ]
[11:37:15]             GO: UZI [Transform, WeaponScript, AudioSource, ]
[11:37:15]               GO: Hands+Deagle [Transform, ]
[11:37:15]                 GO: UZI [Transform, MeshFilter, MeshRenderer, ]
[11:37:15]               GO: SpecialEffects [Transform, ]
[11:37:15]                 GO: FirePoint [Transform, ]
[11:37:15]                 GO: MuzzleFlash [Transform, MeshFilter, MeshRenderer, ]
[11:37:15]                 GO: Point light [Transform, Light, ]
[11:37:15]             GO: GingerbreadKnife [Transform, WeaponScript, AudioSource, ]
[11:37:15]               GO: FirePoint [Transform, ]
[11:37:15]               GO: Hands+BallisticKnife [Transform, ]
[11:37:15]                 GO: Dao [Transform, MeshFilter, MeshRenderer, ]
[11:37:15]     GO: EnemyAnimation [Transform, Animation, AnimTester, ]
[11:37:15]       GO: 1_1 [Transform, MeshFilter, ]
[11:37:15]         GO: head [Transform, MeshFilter, MeshRenderer, ]
[11:37:15]           GO: hat [Transform, MeshFilter, MeshRenderer, ]
[11:37:15]         GO: head_new [Transform, MeshFilter, MeshRenderer, ]
[11:37:15]       GO: 1_2 [Transform, MeshFilter, ]
[11:37:15]         GO: trunk [Transform, MeshFilter, MeshRenderer, ]
[11:37:15]         GO: trunk_new [Transform, MeshFilter, MeshRenderer, ]
[11:37:15]       GO: 1_4 [Transform, MeshFilter, ]
[11:37:15]         GO: legright [Transform, MeshFilter, MeshRenderer, ]
[11:37:15]         GO: legright_new [Transform, MeshFilter, MeshRenderer, Animator, ]
[11:37:15]       GO: 1_005 [Transform, MeshFilter, ]
[11:37:15]         GO: legleft [Transform, MeshFilter, MeshRenderer, ]
[11:37:15]         GO: legleft_new [Transform, MeshFilter, MeshRenderer, Animator, ]
[11:37:15]       GO: 1_006 [Transform, MeshFilter, ]
[11:37:15]         GO: handleft [Transform, MeshFilter, MeshRenderer, ]
[11:37:15]         GO: handleft_new [Transform, MeshFilter, MeshRenderer, ]
[11:37:15]       GO: handother_1 [Transform, ]
[11:37:15]   GO: bodyDamagePosition [Transform, ]
[11:37:15]     GO: headAroundPosition1 [Transform, MeshFilter, BoxCollider, ]
[11:37:15]     GO: headAroundPosition2 [Transform, MeshFilter, BoxCollider, ]
[11:37:15]     GO: headAroundPosition3 [Transform, MeshFilter, BoxCollider, ]
[11:37:15]     GO: headPosition [Transform, MeshFilter, BoxCollider, ]
[11:37:15]     GO: bodyPosition [Transform, MeshFilter, BoxCollider, ]
[11:37:15]     GO: footPosition [Transform, MeshFilter, BoxCollider, ]
[11:37:15]     GO: headAroundPosition4 [Transform, MeshFilter, BoxCollider, ]
[11:37:15]   GO: Triggers [Transform, ]
[11:37:15]     GO: attackTrigger [Transform, MeshFilter, BoxCollider, MeshRenderer, AttackTriggerControl, ]
[11:37:15]     GO: rushTrigger [Transform, MeshFilter, SphereCollider, MeshRenderer, RushTriggerControl, ]
[11:37:15]   GO: SynFirePoint [Transform, MeshFilter, SphereCollider, MeshRenderer, ]
[11:37:15]   GO: TargetPosition [Transform, ]
[11:37:15] GO: Knife_singleEnemy(Clone) [Transform, MeshFilter, BoxCollider, MeshRenderer, CharacterController, AudioSource, Seeker, SingleEnemyAI, SingleEnemyLogic, RushTriggerControl, ]
[11:37:15]   GO: Audio [Transform, ]
[11:37:15]     GO: gunAudio [Transform, AudioSource, ]
[11:37:15]     GO: walkAudio [Transform, AudioSource, ]
[11:37:15]   GO: BloodPosition [Transform, ]
[11:37:15]   GO: GeneratePosition [Transform, ]
[11:37:15]   GO: KnifeFirePoint [Transform, MeshFilter, SphereCollider, MeshRenderer, ]
[11:37:15]   GO: weaponControl [Transform, ]
[11:37:15]     GO: 1_3 [Transform, MeshFilter, ]
[11:37:15]       GO: handrightup [Transform, ]
[11:37:15]         GO: handright_Animation [Transform, MeshFilter, MeshRenderer, Animation, ]
[11:37:15]           GO: handright_new [Transform, MeshFilter, MeshRenderer, ]
[11:37:15]           GO: WeaponManager [Transform, WalkSway, WeaponManager, WeaponCrosshair, AudioSource, AmmoDisplay, ]
[11:37:15]             GO: GLOCK21 [Transform, WeaponScript, AudioSource, ]
[11:37:15]               GO: Hands+Deagle [Transform, ]
[11:37:15]                 GO: GLOCK21 [Transform, MeshFilter, MeshRenderer, ]
[11:37:15]               GO: SpecialEffects [Transform, ]
[11:37:15]                 GO: FirePoint [Transform, ]
[11:37:15]                 GO: MuzzleFlash [Transform, MeshFilter, MeshRenderer, ]
[11:37:15]                 GO: Point light [Transform, Light, ]
[11:37:15]             GO: GingerbreadBomb [Transform, WeaponScript, AudioSource, ]
[11:37:15]               GO: Hands+M67 [Transform, ]
[11:37:15]                 GO: GingerbreadBomb1 [Transform, MeshFilter, MeshRenderer, Animator, ]
[11:37:15]               GO: SpecialEffects [Transform, ]
[11:37:15]                 GO: FirePoint [Transform, ]
[11:37:15]                 GO: Point light [Transform, Light, ]
[11:37:15]                 GO: ReplaceWithSmoke [Transform, ParticleEmitter, ParticleAnimator, ParticleRenderer, ]
[11:37:15]             GO: MilkBomb [Transform, WeaponScript, AudioSource, ]
[11:37:15]               GO: Hands+MilkBomb [Transform, ]
[11:37:15]                 GO: MilkBomb [Transform, MeshFilter, MeshRenderer, ]
[11:37:15]               GO: SpecialEffects [Transform, ]
[11:37:15]                 GO: FirePoint [Transform, ]
[11:37:15]                 GO: Point light [Transform, Light, ]
[11:37:15]                 GO: ReplaceWithSmoke [Transform, ParticleEmitter, ParticleAnimator, ParticleRenderer, ]
[11:37:15]             GO: MP5KA4 [Transform, WeaponScript, AudioSource, ]
[11:37:15]               GO: Hands+MP5KA4 [Transform, ]
[11:37:15]                 GO: AK47 [Transform, MeshFilter, MeshRenderer, ]
[11:37:15]               GO: SpecialEffects [Transform, ]
[11:37:15]                 GO: FirePoint [Transform, ]
[11:37:15]                 GO: MuzzleFlash [Transform, MeshFilter, MeshRenderer, ]
[11:37:15]                 GO: Point light [Transform, Light, ]
[11:37:15]             GO: BallisticKnife [Transform, WeaponScript, AudioSource, ]
[11:37:15]               GO: FirePoint [Transform, ]
[11:37:15]               GO: Hands+BallisticKnife [Transform, ]
[11:37:15]                 GO: Dao [Transform, MeshFilter, MeshRenderer, ]
[11:37:15]             GO: Deagle [Transform, WeaponScript, AudioSource, ]
[11:37:15]               GO: Hands+Deagle [Transform, ]
[11:37:15]                 GO: Deagle [Transform, MeshFilter, MeshRenderer, ]
[11:37:15]               GO: SpecialEffects [Transform, ]
[11:37:15]                 GO: FirePoint [Transform, ]
[11:37:15]                 GO: MuzzleFlash [Transform, MeshFilter, MeshRenderer, ]
[11:37:15]                 GO: Point light [Transform, Light, ]
[11:37:15]             GO: M87T [Transform, WeaponScript, AudioSource, ]
[11:37:15]               GO: Hands+M87T [Transform, ]
[11:37:15]                 GO: M87T [Transform, ]
[11:37:15]                   GO: Z [Transform, MeshFilter, MeshRenderer, ]
[11:37:15]                   GO: Z1 [Transform, MeshFilter, MeshRenderer, ]
[11:37:15]                 GO: SpecialEffects [Transform, ]
[11:37:15]                   GO: FirePoint [Transform, ]
[11:37:15]                   GO: Point light [Transform, Light, ]
[11:37:15]                   GO: ReplaceWithSmoke [Transform, ParticleEmitter, ParticleAnimator, ParticleRenderer, ]
[11:37:15]             GO: M249 [Transform, WeaponScript, AudioSource, ]
[11:37:15]               GO: Hands+MP5KA4 [Transform, ]
[11:37:15]                 GO: M249 [Transform, MeshFilter, MeshRenderer, ]
[11:37:15]                   GO: M249_1 [Transform, MeshFilter, MeshRenderer, Animation, ]
[11:37:15]               GO: SpecialEffects [Transform, ]
[11:37:15]                 GO: FirePoint [Transform, ]
[11:37:15]                 GO: MuzzleFlash [Transform, MeshFilter, MeshRenderer, ]
[11:37:15]                 GO: Point light [Transform, Light, ]
[11:37:15]             GO: CandyRifle [Transform, WeaponScript, AudioSource, ]
[11:37:15]               GO: Hands+MP5KA4 [Transform, ]
[11:37:15]                 GO: CandyRifle [Transform, MeshFilter, MeshRenderer, Animator, ]
[11:37:15]               GO: SpecialEffects [Transform, ]
[11:37:15]                 GO: FirePoint [Transform, ]
[11:37:15]                 GO: MuzzleFlash [Transform, MeshFilter, MeshRenderer, ]
[11:37:15]                 GO: Point light [Transform, Light, ]
[11:37:15]             GO: MP5KA5 [Transform, WeaponScript, AudioSource, ]
[11:37:15]               GO: Hands+MP5KA5 [Transform, ]
[11:37:15]                 GO: MP5KA5 [Transform, MeshFilter, MeshRenderer, ]
[11:37:15]               GO: SpecialEffects [Transform, ]
[11:37:15]                 GO: FirePoint [Transform, ]
[11:37:15]                 GO: MuzzleFlash [Transform, MeshFilter, MeshRenderer, ]
[11:37:15]                 GO: Point light [Transform, Light, ]
[11:37:15]             GO: SantaGun [Transform, WeaponScript, AudioSource, ]
[11:37:15]               GO: Hands+MP5KA5 [Transform, ]
[11:37:15]                 GO: SantaGun [Transform, MeshFilter, MeshRenderer, ]
[11:37:15]               GO: SpecialEffects [Transform, ]
[11:37:15]                 GO: FirePoint [Transform, ]
[11:37:15]                 GO: MuzzleFlash [Transform, MeshFilter, MeshRenderer, ]
[11:37:15]                 GO: Point light [Transform, Light, ]
[11:37:15]             GO: RPG [Transform, WeaponScript, AudioSource, ]
[11:37:15]               GO: Hands+RPG [Transform, ]
[11:37:15]                 GO: RPG [Transform, MeshFilter, MeshRenderer, ]
[11:37:15]                   GO: RPG_Missle [Transform, MeshFilter, MeshRenderer, ]
[11:37:15]                 GO: SpecialEffects [Transform, ]
[11:37:15]                   GO: FirePoint [Transform, ]
[11:37:15]                   GO: Point light [Transform, Light, ]
[11:37:15]                   GO: ReplaceWithSmoke [Transform, ParticleEmitter, ParticleAnimator, ParticleRenderer, ]
[11:37:15]             GO: Grenade [Transform, WeaponScript, AudioSource, ]
[11:37:15]               GO: Hands+M67 [Transform, ]
[11:37:15]                 GO: ShouLei [Transform, MeshFilter, MeshRenderer, ]
[11:37:15]               GO: SpecialEffects [Transform, ]
[11:37:15]                 GO: FirePoint [Transform, ]
[11:37:15]                 GO: Point light [Transform, Light, ]
[11:37:15]                 GO: ReplaceWithSmoke [Transform, ParticleEmitter, ParticleAnimator, ParticleRenderer, ]
[11:37:15]             GO: SniperRifle [Transform, WeaponScript, AudioSource, ]
[11:37:15]               GO: Hands+Blaser R93 LRS2 [Transform, ]
[11:37:15]                 GO: AWP [Transform, MeshFilter, MeshRenderer, ]
[11:37:15]               GO: SpecialEffects [Transform, ]
[11:37:15]                 GO: FirePoint [Transform, ]
[11:37:15]                 GO: MuzzleFlash [Transform, MeshFilter, MeshRenderer, ]
[11:37:15]                 GO: Point light [Transform, Light, ]
[11:37:15]             GO: ChristmasSniper [Transform, WeaponScript, AudioSource, ]
[11:37:15]               GO: Hands+Blaser R93 LRS2 [Transform, ]
[11:37:15]                 GO: ChristmasSniper1 [Transform, MeshFilter, MeshRenderer, ]
[11:37:15]               GO: SpecialEffects [Transform, ]
[11:37:15]                 GO: FirePoint [Transform, ]
[11:37:15]                 GO: MuzzleFlash [Transform, MeshFilter, MeshRenderer, ]
[11:37:15]                 GO: Point light [Transform, Light, ]
[11:37:15]             GO: STW-25 [Transform, WeaponScript, AudioSource, ]
[11:37:15]               GO: Hands+STW-25 [Transform, ]
[11:37:15]                 GO: M4A1 [Transform, MeshFilter, MeshRenderer, ]
[11:37:15]               GO: SpecialEffects [Transform, ]
[11:37:15]                 GO: FirePoint [Transform, ]
[11:37:15]                 GO: MuzzleFlash [Transform, MeshFilter, MeshRenderer, ]
[11:37:15]                 GO: Point light [Transform, Light, ]
[11:37:15]             GO: G36K [Transform, WeaponScript, AudioSource, ]
[11:37:15]               GO: Hands+STW-25 [Transform, ]
[11:37:15]                 GO: G36K [Transform, MeshFilter, MeshRenderer, ]
[11:37:15]               GO: SpecialEffects [Transform, ]
[11:37:15]                 GO: FirePoint [Transform, ]
[11:37:15]                 GO: MuzzleFlash [Transform, MeshFilter, MeshRenderer, ]
[11:37:15]                 GO: Point light [Transform, Light, ]
[11:37:15]             GO: UZI [Transform, WeaponScript, AudioSource, ]
[11:37:15]               GO: Hands+Deagle [Transform, ]
[11:37:15]                 GO: UZI [Transform, MeshFilter, MeshRenderer, ]
[11:37:15]               GO: SpecialEffects [Transform, ]
[11:37:15]                 GO: FirePoint [Transform, ]
[11:37:15]                 GO: MuzzleFlash [Transform, MeshFilter, MeshRenderer, ]
[11:37:15]                 GO: Point light [Transform, Light, ]
[11:37:15]             GO: GingerbreadKnife [Transform, WeaponScript, AudioSource, ]
[11:37:15]               GO: FirePoint [Transform, ]
[11:37:15]               GO: Hands+BallisticKnife [Transform, ]
[11:37:15]                 GO: Dao [Transform, MeshFilter, MeshRenderer, ]
[11:37:15]     GO: EnemyAnimation [Transform, Animation, AnimTester, ]
[11:37:15]       GO: 1_1 [Transform, MeshFilter, ]
[11:37:15]         GO: head [Transform, MeshFilter, MeshRenderer, ]
[11:37:15]           GO: hat [Transform, MeshFilter, MeshRenderer, ]
[11:37:15]         GO: head_new [Transform, MeshFilter, MeshRenderer, ]
[11:37:15]       GO: 1_2 [Transform, MeshFilter, ]
[11:37:15]         GO: trunk [Transform, MeshFilter, MeshRenderer, ]
[11:37:15]         GO: trunk_new [Transform, MeshFilter, MeshRenderer, ]
[11:37:15]       GO: 1_4 [Transform, MeshFilter, ]
[11:37:15]         GO: legright [Transform, MeshFilter, MeshRenderer, ]
[11:37:15]         GO: legright_new [Transform, MeshFilter, MeshRenderer, Animator, ]
[11:37:15]       GO: 1_005 [Transform, MeshFilter, ]
[11:37:15]         GO: legleft [Transform, MeshFilter, MeshRenderer, ]
[11:37:15]         GO: legleft_new [Transform, MeshFilter, MeshRenderer, Animator, ]
[11:37:15]       GO: 1_006 [Transform, MeshFilter, ]
[11:37:15]         GO: handleft [Transform, MeshFilter, MeshRenderer, ]
[11:37:15]         GO: handleft_new [Transform, MeshFilter, MeshRenderer, ]
[11:37:15]       GO: handother_1 [Transform, ]
[11:37:15]   GO: bodyDamagePosition [Transform, ]
[11:37:15]     GO: headAroundPosition1 [Transform, MeshFilter, BoxCollider, ]
[11:37:15]     GO: headAroundPosition2 [Transform, MeshFilter, BoxCollider, ]
[11:37:15]     GO: headAroundPosition3 [Transform, MeshFilter, BoxCollider, ]
[11:37:15]     GO: headPosition [Transform, MeshFilter, BoxCollider, ]
[11:37:15]     GO: bodyPosition [Transform, MeshFilter, BoxCollider, ]
[11:37:15]     GO: footPosition [Transform, MeshFilter, BoxCollider, ]
[11:37:15]     GO: headAroundPosition4 [Transform, MeshFilter, BoxCollider, ]
[11:37:15]   GO: Triggers [Transform, ]
[11:37:15]     GO: attackTrigger [Transform, MeshFilter, BoxCollider, MeshRenderer, AttackTriggerControl, ]
[11:37:15]     GO: rushTrigger [Transform, MeshFilter, SphereCollider, MeshRenderer, RushTriggerControl, ]
[11:37:15]   GO: SynFirePoint [Transform, MeshFilter, SphereCollider, MeshRenderer, ]
[11:37:15]   GO: TargetPosition [Transform, ]
[11:37:15] GO: Knife_singleEnemy(Clone) [Transform, MeshFilter, BoxCollider, MeshRenderer, CharacterController, AudioSource, Seeker, SingleEnemyAI, SingleEnemyLogic, RushTriggerControl, ]
[11:37:15]   GO: Audio [Transform, ]
[11:37:15]     GO: gunAudio [Transform, AudioSource, ]
[11:37:15]     GO: walkAudio [Transform, AudioSource, ]
[11:37:15]   GO: BloodPosition [Transform, ]
[11:37:15]   GO: GeneratePosition [Transform, ]
[11:37:15]   GO: KnifeFirePoint [Transform, MeshFilter, SphereCollider, MeshRenderer, ]
[11:37:15]   GO: weaponControl [Transform, ]
[11:37:15]     GO: 1_3 [Transform, MeshFilter, ]
[11:37:15]       GO: handrightup [Transform, ]
[11:37:15]         GO: handright_Animation [Transform, MeshFilter, MeshRenderer, Animation, ]
[11:37:15]           GO: handright_new [Transform, MeshFilter, MeshRenderer, ]
[11:37:15]           GO: WeaponManager [Transform, WalkSway, WeaponManager, WeaponCrosshair, AudioSource, AmmoDisplay, ]
[11:37:15]             GO: GLOCK21 [Transform, WeaponScript, AudioSource, ]
[11:37:15]               GO: Hands+Deagle [Transform, ]
[11:37:15]                 GO: GLOCK21 [Transform, MeshFilter, MeshRenderer, ]
[11:37:15]               GO: SpecialEffects [Transform, ]
[11:37:15]                 GO: FirePoint [Transform, ]
[11:37:15]                 GO: MuzzleFlash [Transform, MeshFilter, MeshRenderer, ]
[11:37:15]                 GO: Point light [Transform, Light, ]
[11:37:15]             GO: GingerbreadBomb [Transform, WeaponScript, AudioSource, ]
[11:37:15]               GO: Hands+M67 [Transform, ]
[11:37:15]                 GO: GingerbreadBomb1 [Transform, MeshFilter, MeshRenderer, Animator, ]
[11:37:15]               GO: SpecialEffects [Transform, ]
[11:37:15]                 GO: FirePoint [Transform, ]
[11:37:15]                 GO: Point light [Transform, Light, ]
[11:37:15]                 GO: ReplaceWithSmoke [Transform, ParticleEmitter, ParticleAnimator, ParticleRenderer, ]
[11:37:15]             GO: MilkBomb [Transform, WeaponScript, AudioSource, ]
[11:37:15]               GO: Hands+MilkBomb [Transform, ]
[11:37:15]                 GO: MilkBomb [Transform, MeshFilter, MeshRenderer, ]
[11:37:15]               GO: SpecialEffects [Transform, ]
[11:37:15]                 GO: FirePoint [Transform, ]
[11:37:15]                 GO: Point light [Transform, Light, ]
[11:37:15]                 GO: ReplaceWithSmoke [Transform, ParticleEmitter, ParticleAnimator, ParticleRenderer, ]
[11:37:15]             GO: MP5KA4 [Transform, WeaponScript, AudioSource, ]
[11:37:15]               GO: Hands+MP5KA4 [Transform, ]
[11:37:15]                 GO: AK47 [Transform, MeshFilter, MeshRenderer, ]
[11:37:15]               GO: SpecialEffects [Transform, ]
[11:37:15]                 GO: FirePoint [Transform, ]
[11:37:15]                 GO: MuzzleFlash [Transform, MeshFilter, MeshRenderer, ]
[11:37:15]                 GO: Point light [Transform, Light, ]
[11:37:15]             GO: BallisticKnife [Transform, WeaponScript, AudioSource, ]
[11:37:15]               GO: FirePoint [Transform, ]
[11:37:15]               GO: Hands+BallisticKnife [Transform, ]
[11:37:15]                 GO: Dao [Transform, MeshFilter, MeshRenderer, ]
[11:37:15]             GO: Deagle [Transform, WeaponScript, AudioSource, ]
[11:37:15]               GO: Hands+Deagle [Transform, ]
[11:37:15]                 GO: Deagle [Transform, MeshFilter, MeshRenderer, ]
[11:37:15]               GO: SpecialEffects [Transform, ]
[11:37:15]                 GO: FirePoint [Transform, ]
[11:37:15]                 GO: MuzzleFlash [Transform, MeshFilter, MeshRenderer, ]
[11:37:15]                 GO: Point light [Transform, Light, ]
[11:37:15]             GO: M87T [Transform, WeaponScript, AudioSource, ]
[11:37:15]               GO: Hands+M87T [Transform, ]
[11:37:15]                 GO: M87T [Transform, ]
[11:37:15]                   GO: Z [Transform, MeshFilter, MeshRenderer, ]
[11:37:15]                   GO: Z1 [Transform, MeshFilter, MeshRenderer, ]
[11:37:15]                 GO: SpecialEffects [Transform, ]
[11:37:15]                   GO: FirePoint [Transform, ]
[11:37:15]                   GO: Point light [Transform, Light, ]
[11:37:15]                   GO: ReplaceWithSmoke [Transform, ParticleEmitter, ParticleAnimator, ParticleRenderer, ]
[11:37:15]             GO: M249 [Transform, WeaponScript, AudioSource, ]
[11:37:15]               GO: Hands+MP5KA4 [Transform, ]
[11:37:15]                 GO: M249 [Transform, MeshFilter, MeshRenderer, ]
[11:37:15]                   GO: M249_1 [Transform, MeshFilter, MeshRenderer, Animation, ]
[11:37:15]               GO: SpecialEffects [Transform, ]
[11:37:15]                 GO: FirePoint [Transform, ]
[11:37:15]                 GO: MuzzleFlash [Transform, MeshFilter, MeshRenderer, ]
[11:37:15]                 GO: Point light [Transform, Light, ]
[11:37:15]             GO: CandyRifle [Transform, WeaponScript, AudioSource, ]
[11:37:15]               GO: Hands+MP5KA4 [Transform, ]
[11:37:15]                 GO: CandyRifle [Transform, MeshFilter, MeshRenderer, Animator, ]
[11:37:15]               GO: SpecialEffects [Transform, ]
[11:37:15]                 GO: FirePoint [Transform, ]
[11:37:15]                 GO: MuzzleFlash [Transform, MeshFilter, MeshRenderer, ]
[11:37:15]                 GO: Point light [Transform, Light, ]
[11:37:15]             GO: MP5KA5 [Transform, WeaponScript, AudioSource, ]
[11:37:15]               GO: Hands+MP5KA5 [Transform, ]
[11:37:15]                 GO: MP5KA5 [Transform, MeshFilter, MeshRenderer, ]
[11:37:15]               GO: SpecialEffects [Transform, ]
[11:37:15]                 GO: FirePoint [Transform, ]
[11:37:15]                 GO: MuzzleFlash [Transform, MeshFilter, MeshRenderer, ]
[11:37:15]                 GO: Point light [Transform, Light, ]
[11:37:15]             GO: SantaGun [Transform, WeaponScript, AudioSource, ]
[11:37:15]               GO: Hands+MP5KA5 [Transform, ]
[11:37:15]                 GO: SantaGun [Transform, MeshFilter, MeshRenderer, ]
[11:37:15]               GO: SpecialEffects [Transform, ]
[11:37:15]                 GO: FirePoint [Transform, ]
[11:37:15]                 GO: MuzzleFlash [Transform, MeshFilter, MeshRenderer, ]
[11:37:15]                 GO: Point light [Transform, Light, ]
[11:37:15]             GO: RPG [Transform, WeaponScript, AudioSource, ]
[11:37:15]               GO: Hands+RPG [Transform, ]
[11:37:15]                 GO: RPG [Transform, MeshFilter, MeshRenderer, ]
[11:37:15]                   GO: RPG_Missle [Transform, MeshFilter, MeshRenderer, ]
[11:37:15]                 GO: SpecialEffects [Transform, ]
[11:37:15]                   GO: FirePoint [Transform, ]
[11:37:15]                   GO: Point light [Transform, Light, ]
[11:37:15]                   GO: ReplaceWithSmoke [Transform, ParticleEmitter, ParticleAnimator, ParticleRenderer, ]
[11:37:15]             GO: Grenade [Transform, WeaponScript, AudioSource, ]
[11:37:15]               GO: Hands+M67 [Transform, ]
[11:37:15]                 GO: ShouLei [Transform, MeshFilter, MeshRenderer, ]
[11:37:15]               GO: SpecialEffects [Transform, ]
[11:37:15]                 GO: FirePoint [Transform, ]
[11:37:15]                 GO: Point light [Transform, Light, ]
[11:37:15]                 GO: ReplaceWithSmoke [Transform, ParticleEmitter, ParticleAnimator, ParticleRenderer, ]
[11:37:15]             GO: SniperRifle [Transform, WeaponScript, AudioSource, ]
[11:37:15]               GO: Hands+Blaser R93 LRS2 [Transform, ]
[11:37:15]                 GO: AWP [Transform, MeshFilter, MeshRenderer, ]
[11:37:15]               GO: SpecialEffects [Transform, ]
[11:37:15]                 GO: FirePoint [Transform, ]
[11:37:15]                 GO: MuzzleFlash [Transform, MeshFilter, MeshRenderer, ]
[11:37:15]                 GO: Point light [Transform, Light, ]
[11:37:15]             GO: ChristmasSniper [Transform, WeaponScript, AudioSource, ]
[11:37:15]               GO: Hands+Blaser R93 LRS2 [Transform, ]
[11:37:15]                 GO: ChristmasSniper1 [Transform, MeshFilter, MeshRenderer, ]
[11:37:15]               GO: SpecialEffects [Transform, ]
[11:37:15]                 GO: FirePoint [Transform, ]
[11:37:15]                 GO: MuzzleFlash [Transform, MeshFilter, MeshRenderer, ]
[11:37:15]                 GO: Point light [Transform, Light, ]
[11:37:15]             GO: STW-25 [Transform, WeaponScript, AudioSource, ]
[11:37:15]               GO: Hands+STW-25 [Transform, ]
[11:37:15]                 GO: M4A1 [Transform, MeshFilter, MeshRenderer, ]
[11:37:15]               GO: SpecialEffects [Transform, ]
[11:37:15]                 GO: FirePoint [Transform, ]
[11:37:15]                 GO: MuzzleFlash [Transform, MeshFilter, MeshRenderer, ]
[11:37:15]                 GO: Point light [Transform, Light, ]
[11:37:15]             GO: G36K [Transform, WeaponScript, AudioSource, ]
[11:37:15]               GO: Hands+STW-25 [Transform, ]
[11:37:15]                 GO: G36K [Transform, MeshFilter, MeshRenderer, ]
[11:37:15]               GO: SpecialEffects [Transform, ]
[11:37:15]                 GO: FirePoint [Transform, ]
[11:37:15]                 GO: MuzzleFlash [Transform, MeshFilter, MeshRenderer, ]
[11:37:15]                 GO: Point light [Transform, Light, ]
[11:37:15]             GO: UZI [Transform, WeaponScript, AudioSource, ]
[11:37:15]               GO: Hands+Deagle [Transform, ]
[11:37:15]                 GO: UZI [Transform, MeshFilter, MeshRenderer, ]
[11:37:15]               GO: SpecialEffects [Transform, ]
[11:37:15]                 GO: FirePoint [Transform, ]
[11:37:15]                 GO: MuzzleFlash [Transform, MeshFilter, MeshRenderer, ]
[11:37:15]                 GO: Point light [Transform, Light, ]
[11:37:15]             GO: GingerbreadKnife [Transform, WeaponScript, AudioSource, ]
[11:37:15]               GO: FirePoint [Transform, ]
[11:37:15]               GO: Hands+BallisticKnife [Transform, ]
[11:37:15]                 GO: Dao [Transform, MeshFilter, MeshRenderer, ]
[11:37:15]     GO: EnemyAnimation [Transform, Animation, AnimTester, ]
[11:37:15]       GO: 1_1 [Transform, MeshFilter, ]
[11:37:15]         GO: head [Transform, MeshFilter, MeshRenderer, ]
[11:37:15]           GO: hat [Transform, MeshFilter, MeshRenderer, ]
[11:37:15]         GO: head_new [Transform, MeshFilter, MeshRenderer, ]
[11:37:15]       GO: 1_2 [Transform, MeshFilter, ]
[11:37:15]         GO: trunk [Transform, MeshFilter, MeshRenderer, ]
[11:37:15]         GO: trunk_new [Transform, MeshFilter, MeshRenderer, ]
[11:37:15]       GO: 1_4 [Transform, MeshFilter, ]
[11:37:15]         GO: legright [Transform, MeshFilter, MeshRenderer, ]
[11:37:15]         GO: legright_new [Transform, MeshFilter, MeshRenderer, Animator, ]
[11:37:15]       GO: 1_005 [Transform, MeshFilter, ]
[11:37:15]         GO: legleft [Transform, MeshFilter, MeshRenderer, ]
[11:37:15]         GO: legleft_new [Transform, MeshFilter, MeshRenderer, Animator, ]
[11:37:15]       GO: 1_006 [Transform, MeshFilter, ]
[11:37:15]         GO: handleft [Transform, MeshFilter, MeshRenderer, ]
[11:37:15]         GO: handleft_new [Transform, MeshFilter, MeshRenderer, ]
[11:37:15]       GO: handother_1 [Transform, ]
[11:37:15]   GO: bodyDamagePosition [Transform, ]
[11:37:15]     GO: headAroundPosition1 [Transform, MeshFilter, BoxCollider, ]
[11:37:15]     GO: headAroundPosition2 [Transform, MeshFilter, BoxCollider, ]
[11:37:15]     GO: headAroundPosition3 [Transform, MeshFilter, BoxCollider, ]
[11:37:15]     GO: headPosition [Transform, MeshFilter, BoxCollider, ]
[11:37:15]     GO: bodyPosition [Transform, MeshFilter, BoxCollider, ]
[11:37:15]     GO: footPosition [Transform, MeshFilter, BoxCollider, ]
[11:37:15]     GO: headAroundPosition4 [Transform, MeshFilter, BoxCollider, ]
[11:37:15]   GO: Triggers [Transform, ]
[11:37:15]     GO: attackTrigger [Transform, MeshFilter, BoxCollider, MeshRenderer, AttackTriggerControl, ]
[11:37:15]     GO: rushTrigger [Transform, MeshFilter, SphereCollider, MeshRenderer, RushTriggerControl, ]
[11:37:15]   GO: SynFirePoint [Transform, MeshFilter, SphereCollider, MeshRenderer, ]
[11:37:15]   GO: TargetPosition [Transform, ]
[11:37:17] Diag: scene=SingleMode_1 gameScene=False inRoom=False isMaster=False hasTemplate=False player=ExampleCharacter spawned=False
[11:37:20] Diag: scene=SingleMode_1 gameScene=False inRoom=False isMaster=False hasTemplate=False player=ExampleCharacter spawned=False
[11:37:23] Diag: scene=SingleMode_1 gameScene=False inRoom=False isMaster=False hasTemplate=False player=ExampleCharacter spawned=False
[11:37:26] Diag: scene=SingleMode_1 gameScene=False inRoom=False isMaster=False hasTemplate=False player=ExampleCharacter spawned=False
[11:37:29] Diag: scene=SingleMode_1 gameScene=False inRoom=False isMaster=False hasTemplate=False player=ExampleCharacter spawned=False
[11:37:32] Diag: scene=SingleMode_1 gameScene=False inRoom=False isMaster=False hasTemplate=False player=ExampleCharacter spawned=False
[11:37:35] Diag: scene=SingleMode_1 gameScene=False inRoom=False isMaster=False hasTemplate=False player=ExampleCharacter spawned=False
[11:37:38] Diag: scene=SingleMode_1 gameScene=False inRoom=False isMaster=False hasTemplate=False player=ExampleCharacter spawned=False
[11:37:41] Diag: scene=SingleMode_1 gameScene=False inRoom=False isMaster=False hasTemplate=False player=ExampleCharacter spawned=False
[11:37:44] Diag: scene=SingleMode_1 gameScene=False inRoom=False isMaster=False hasTemplate=False player=ExampleCharacter spawned=False
[11:37:47] Diag: scene=SingleMode_1 gameScene=False inRoom=False isMaster=False hasTemplate=False player=ExampleCharacter spawned=False
[11:37:51] Diag: scene=SingleMode_1 gameScene=False inRoom=False isMaster=False hasTemplate=False player=ExampleCharacter spawned=False
[11:37:54] Diag: scene=SingleMode_1 gameScene=False inRoom=False isMaster=False hasTemplate=False player=ExampleCharacter spawned=False
[11:37:57] Diag: scene=SingleMode_1 gameScene=False inRoom=False isMaster=False hasTemplate=False player=ExampleCharacter spawned=False
[11:38:00] Diag: scene=SingleMode_1 gameScene=False inRoom=False isMaster=False hasTemplate=False player=ExampleCharacter spawned=False
[11:38:03] Diag: scene=SingleMode_1 gameScene=False inRoom=False isMaster=False hasTemplate=False player=ExampleCharacter spawned=False
[11:38:06] Diag: scene=SingleMode_1 gameScene=False inRoom=False isMaster=False hasTemplate=False player=ExampleCharacter spawned=False
[11:38:09] Diag: scene=SingleMode_1 gameScene=False inRoom=False isMaster=False hasTemplate=False player=ExampleCharacter spawned=False
[11:38:12] Diag: scene=SingleMode_1 gameScene=False inRoom=False isMaster=False hasTemplate=False player=ExampleCharacter spawned=False
[11:38:15] Diag: scene=SingleMode_1 gameScene=False inRoom=False isMaster=False hasTemplate=False player=ExampleCharacter spawned=False
[11:38:18] Diag: scene=SingleMode_1 gameScene=False inRoom=False isMaster=False hasTemplate=False player=ExampleCharacter spawned=False
[11:38:21] Diag: scene=SingleMode_1 gameScene=False inRoom=False isMaster=False hasTemplate=False player=ExampleCharacter spawned=False
[11:38:24] Diag: scene=SingleMode_1 gameScene=False inRoom=False isMaster=False hasTemplate=False player=ExampleCharacter spawned=False
[11:38:27] Diag: scene=SingleMode_1 gameScene=False inRoom=False isMaster=False hasTemplate=False player=ExampleCharacter spawned=False
[11:38:30] Diag: scene=SingleMode_1 gameScene=False inRoom=False isMaster=False hasTemplate=False player=ExampleCharacter spawned=False
[11:38:33] Diag: scene=SingleMode_1 gameScene=False inRoom=False isMaster=False hasTemplate=False player=ExampleCharacter spawned=False
[11:38:36] Diag: scene=SingleMode_1 gameScene=False inRoom=False isMaster=False hasTemplate=False player=ExampleCharacter spawned=False
[11:38:39] Diag: scene=SingleMode_1 gameScene=False inRoom=False isMaster=False hasTemplate=False player=ExampleCharacter spawned=False
[11:38:42] Diag: scene=SingleMode_1 gameScene=False inRoom=False isMaster=False hasTemplate=False player=ExampleCharacter spawned=False
[11:38:45] Diag: scene=SingleMode_1 gameScene=False inRoom=False isMaster=False hasTemplate=False player=ExampleCharacter spawned=False
[11:38:48] Diag: scene=SingleMode_1 gameScene=False inRoom=False isMaster=False hasTemplate=False player=ExampleCharacter spawned=False
[11:38:51] Diag: scene=SingleMode_1 gameScene=False inRoom=False isMaster=False hasTemplate=False player=ExampleCharacter spawned=False
[11:38:54] Diag: scene=SingleMode_1 gameScene=False inRoom=False isMaster=False hasTemplate=False player=ExampleCharacter spawned=False
[11:38:57] Diag: scene=SingleMode_1 gameScene=False inRoom=False isMaster=False hasTemplate=False player=ExampleCharacter spawned=False
[11:39:00] Diag: scene=SingleMode_1 gameScene=False inRoom=False isMaster=False hasTemplate=False player=ExampleCharacter spawned=False
[11:39:03] Diag: scene=SingleMode_1 gameScene=False inRoom=False isMaster=False hasTemplate=False player=ExampleCharacter spawned=False
[11:39:06] Diag: scene=SingleMode_1 gameScene=False inRoom=False isMaster=False hasTemplate=False player=ExampleCharacter spawned=False
[11:39:09] Diag: scene=SingleMode_1 gameScene=False inRoom=False isMaster=False hasTemplate=False player=ExampleCharacter spawned=False
