
[14:29:40] OnDestroy — MonoBehaviour destroyed
[14:29:40] OnDestroy — MonoBehaviour destroyed
[14:29:45] === IPRedirectMod Load() ===
[14:29:45] Creating redirect MonoBehaviour for IP: 172.28.48.1
[14:29:45] Start() — scene=MainMenu
[14:29:49] OnLevelWasLoaded: scene=MultiplayerSelect level=5
[14:29:49] Entered connect scene — starting LAN connection
[14:29:49] ConnectWithRetry: started
[14:29:49] OVERLAY: Connecting to LAN server... | 172.28.48.1:5055
[14:29:49] TryConnect: starting
[14:29:49]   ServerAddress = 172.28.48.1
[14:29:49]   ServerPort = 5055
[14:29:49]   AppID = CNRLan
[14:29:49]   HostType = SelfHosted
[14:29:49] TryConnect: settings written → 172.28.48.1:5055
[14:29:50] SwapToTcp: current peerBase is EnetPeer
[14:29:50] SwapToTcp: usedProtocol = Tcp
[14:29:50] SwapToTcp: Listener set via property setter = NetworkingPeer
[14:29:50] SwapToTcp: peerBase swapped to TPeer - client will connect via TCP
[14:29:50] requestSecurity = false → will use direct OpAuthenticate (no DH)
[14:29:50]   ServerAddress = 172.28.48.1
[14:29:50]   ServerPort = 5055
[14:29:50]   AppID = CNRLan
[14:29:50]   HostType = SelfHosted
[14:29:50] TryConnect: settings re-applied
[14:29:50] TryConnect: ConnectUsingSettings → 172.28.48.1:5055
[14:29:50] TryConnect: connState=1 detailState=2 (0.0s)
[14:29:50] TryConnect: connState=2 detailState=3 (0.1s)
[14:29:50] TryConnect: connState=2 detailState=5 (0.1s)
[14:29:50] === IPRedirectMod Load() ===
[14:29:50] Creating redirect MonoBehaviour for IP: 172.28.48.1
[14:29:50] Start() — scene=MultiplayerSelect
[14:29:50] ConnectWithRetry: started
[14:29:50] OVERLAY: Connecting to LAN server... | 172.28.48.1:5055
[14:29:50] TryConnect: starting
[14:29:50]   ServerAddress = 172.28.48.1
[14:29:50]   ServerPort = 5055
[14:29:50]   AppID = CNRLan
[14:29:50]   HostType = SelfHosted
[14:29:50] TryConnect: settings written → 172.28.48.1:5055
[14:29:50] TryConnect: connState=3 detailState=17 (0.2s)
[14:29:50] TryConnect: SUCCESS detailState=17
[14:29:50] ConnectWithRetry: connected! Monitoring...
[14:29:50] OVERLAY: Connected to LAN server  172.28.48.1
[14:29:50] SwapToTcp: current peerBase is TPeer
[14:29:50] SwapToTcp: usedProtocol = Tcp
[14:29:50] SwapToTcp: Listener set via property setter = NetworkingPeer
[14:29:50] SwapToTcp: peerBase swapped to TPeer - client will connect via TCP
[14:29:50] requestSecurity = false → will use direct OpAuthenticate (no DH)
[14:29:50]   ServerAddress = 172.28.48.1
[14:29:50]   ServerPort = 5055
[14:29:50]   AppID = CNRLan
[14:29:50]   HostType = SelfHosted
[14:29:50] TryConnect: settings re-applied
[14:29:50] TryConnect: ConnectUsingSettings → 172.28.48.1:5055
[14:29:50] TryConnect: connState=1 detailState=2 (0.0s)
[14:29:50] TryConnect: connState=2 detailState=3 (0.1s)
[14:29:50] TryConnect: connState=2 detailState=5 (0.1s)
[14:29:50] TryConnect: connState=2 detailState=6 (0.2s)
[14:29:50] TryConnect: SUCCESS detailState=6
[14:29:50] ConnectWithRetry: connected! Monitoring...
[14:29:50] OVERLAY: Connected to LAN server  172.28.48.1
[14:30:03] OnLevelWasLoaded: scene=FreeRun3_1 level=1
[14:30:03] Scene 'FreeRun3_1' is not a connect scene and not MainMenu — leaving connection untouched
[14:30:03] OnLevelWasLoaded: scene=FreeRun3_1 level=1
[14:30:03] Scene 'FreeRun3_1' is not a connect scene and not MainMenu — leaving connection untouched
[14:34:08] OnApplicationPause: True
[14:34:08] OnApplicationPause: True
[14:35:03] OnApplicationPause: False
[14:35:03] OnApplicationPause: False
[14:44:39] OnApplicationPause: True
[14:44:39] OnApplicationPause: True
[20:13:01] === IPRedirectMod Load() ===
[20:13:01] Creating redirect MonoBehaviour for IP: 172.28.48.1
[20:13:01] CustomMaps mod initialized
[20:13:01] Start() called — starting RedirectCoroutine
[20:13:01]   ServerAddress = 172.28.48.1
[20:13:01]   ServerPort = 5055
[20:13:01]   AppID = CNRLan
[20:13:01]   HostType = SelfHosted
[20:13:01] Override applied → 172.28.48.1:5055  AppID=CNRLan
[20:13:01] Disconnect() called
[20:13:01] Photon disconnected, swapping to TCP then reconnecting
[20:13:01] SwapToTcp: current peerBase is EnetPeer
[20:13:01] SwapToTcp: usedProtocol = Tcp
[20:13:01] SwapToTcp: Listener set via property setter = NetworkingPeer
[20:13:01] SwapToTcp: peerBase swapped to TPeer - client will connect via TCP
[20:13:01] requestSecurity = false → will use direct OpAuthenticate (no DH)
[20:13:01] About to call ConnectUsingSettings...
[20:13:01] ConnectUsingSettings() returned OK → connecting to 172.28.48.1:5055
[20:13:01] Monitoring connection state (30s timeout)...
[20:13:01] connState=1  detailState=2  (0.0s elapsed)  runInBg=True
[20:13:01] [heartbeat] connState=1  detailState=2  (0.0s elapsed)  runInBg=True  dt=0.0000
[20:13:01] connState=2  detailState=3  (0.0s elapsed)  runInBg=True
[20:13:02] connState=2  detailState=5  (0.0s elapsed)  runInBg=True
[20:13:02] connState=2  detailState=6  (0.2s elapsed)  runInBg=True
[20:13:02] Connected to lobby! detailState=6 after 0.2s
[20:13:04] [Update tick 1] deltaTime=0.0332 unscaled=0.0332 realTime=3.0 timescale=1.00
[20:13:05] Button hook complete — hooked 0 button(s)
[20:13:07] [Update tick 2] deltaTime=0.0332 unscaled=0.0332 realTime=6.1 timescale=1.00
[20:13:10] [Update tick 3] deltaTime=0.0333 unscaled=0.0333 realTime=9.1 timescale=1.00
[20:13:13] [Update tick 4] deltaTime=0.0332 unscaled=0.0332 realTime=12.1 timescale=1.00
[20:13:16] [Update tick 5] deltaTime=0.0333 unscaled=0.0333 realTime=15.1 timescale=1.00
[20:13:52] OnDestroy — MonoBehaviour destroyed
[20:14:42] === IPRedirectMod Load() ===
[20:14:42] Creating redirect MonoBehaviour for IP: 172.28.48.1
[20:14:42] CustomMaps mod initialized
[20:14:42] Start() called — starting RedirectCoroutine
[20:14:42]   ServerAddress = 172.28.48.1
[20:14:42]   ServerPort = 5055
[20:14:42]   AppID = CNRLan
[20:14:42]   HostType = SelfHosted
[20:14:42] Override applied → 172.28.48.1:5055  AppID=CNRLan
[20:14:42] Disconnect() called
[20:14:42] Photon disconnected, swapping to TCP then reconnecting
[20:14:42] SwapToTcp: current peerBase is EnetPeer
[20:14:42] SwapToTcp: usedProtocol = Tcp
[20:14:42] SwapToTcp: Listener set via property setter = NetworkingPeer
[20:14:42] SwapToTcp: peerBase swapped to TPeer - client will connect via TCP
[20:14:42] requestSecurity = false → will use direct OpAuthenticate (no DH)
[20:14:42] About to call ConnectUsingSettings...
[20:14:42] ConnectUsingSettings() returned OK → connecting to 172.28.48.1:5055
[20:14:42] Monitoring connection state (30s timeout)...
[20:14:42] connState=1  detailState=2  (0.0s elapsed)  runInBg=True
[20:14:42] [heartbeat] connState=1  detailState=2  (0.0s elapsed)  runInBg=True  dt=0.0000
[20:14:42] connState=2  detailState=3  (0.0s elapsed)  runInBg=True
[20:14:42] connState=2  detailState=5  (0.0s elapsed)  runInBg=True
[20:14:42] connState=2  detailState=6  (0.3s elapsed)  runInBg=True
[20:14:42] Connected to lobby! detailState=6 after 0.3s
[20:14:45] [Update tick 1] deltaTime=0.0332 unscaled=0.0332 realTime=3.1 timescale=1.00
[20:14:47] Button hook complete — hooked 0 button(s)
[20:14:48] [Update tick 2] deltaTime=0.0332 unscaled=0.0332 realTime=6.1 timescale=1.00
[20:14:51] [Update tick 3] deltaTime=0.0332 unscaled=0.0332 realTime=9.1 timescale=1.00
[20:14:54] [Update tick 4] deltaTime=0.0332 unscaled=0.0332 realTime=12.1 timescale=1.00
[20:14:57] [Update tick 5] deltaTime=0.0332 unscaled=0.0332 realTime=15.1 timescale=1.00
[20:17:09] Button hook complete — hooked 0 button(s)
[20:17:18] OnDestroy — MonoBehaviour destroyed
[20:17:21] === IPRedirectMod Load() ===
[20:17:21] Creating redirect MonoBehaviour for IP: 172.28.48.1
[20:17:21] CustomMaps mod initialized
[20:17:21] Start() called — starting RedirectCoroutine
[20:17:21]   ServerAddress = 172.28.48.1
[20:17:21]   ServerPort = 5055
[20:17:21]   AppID = CNRLan
[20:17:21]   HostType = SelfHosted
[20:17:21] Override applied → 172.28.48.1:5055  AppID=CNRLan
[20:17:21] Disconnect() called
[20:17:21] Photon disconnected, swapping to TCP then reconnecting
[20:17:21] SwapToTcp: current peerBase is EnetPeer
[20:17:21] SwapToTcp: usedProtocol = Tcp
[20:17:21] SwapToTcp: Listener set via property setter = NetworkingPeer
[20:17:21] SwapToTcp: peerBase swapped to TPeer - client will connect via TCP
[20:17:21] requestSecurity = false → will use direct OpAuthenticate (no DH)
[20:17:21] About to call ConnectUsingSettings...
[20:17:21] ConnectUsingSettings() returned OK → connecting to 172.28.48.1:5055
[20:17:21] Monitoring connection state (30s timeout)...
[20:17:21] connState=1  detailState=2  (0.0s elapsed)  runInBg=True
[20:17:21] [heartbeat] connState=1  detailState=2  (0.0s elapsed)  runInBg=True  dt=0.0000
[20:17:21] connState=2  detailState=3  (0.0s elapsed)  runInBg=True
[20:17:21] connState=2  detailState=5  (0.0s elapsed)  runInBg=True
[20:17:21] connState=2  detailState=6  (0.2s elapsed)  runInBg=True
[20:17:21] Connected to lobby! detailState=6 after 0.2s
[20:17:24] [Update tick 1] deltaTime=0.0332 unscaled=0.0332 realTime=3.0 timescale=1.00
[20:17:27] [Update tick 2] deltaTime=0.0332 unscaled=0.0332 realTime=6.1 timescale=1.00
[20:17:30] Button hook complete — hooked 0 button(s)
[20:17:30] [Update tick 3] deltaTime=0.0332 unscaled=0.0332 realTime=9.1 timescale=1.00
[20:17:33] [Update tick 4] deltaTime=0.0332 unscaled=0.0332 realTime=12.1 timescale=1.00
[20:17:36] [Update tick 5] deltaTime=0.0332 unscaled=0.0332 realTime=15.1 timescale=1.00
[20:21:47] === IPRedirectMod Load() ===
[20:21:47] Creating redirect MonoBehaviour for IP: 172.28.48.1
[20:21:47] CustomMaps mod initialized
[20:21:48] Start() — scene=MainMenu
[20:21:49] OnLevelWasLoaded: scene=MultiplayerSelect level=5
[20:21:49] Entered connect scene — starting LAN connection
[20:21:49]   ServerAddress = 172.28.48.1
[20:21:49]   ServerPort = 5055
[20:21:49]   AppID = CNRLan
[20:21:49]   HostType = SelfHosted
[20:21:49] Override applied → 172.28.48.1:5055  AppID=CNRLan
[20:21:49] Disconnect() called
[20:21:49] Photon disconnected, swapping to TCP then reconnecting
[20:21:49] SwapToTcp: current peerBase is EnetPeer
[20:21:49] SwapToTcp: usedProtocol = Tcp
[20:21:49] SwapToTcp: Listener set via property setter = NetworkingPeer
[20:21:49] SwapToTcp: peerBase swapped to TPeer - client will connect via TCP
[20:21:49] requestSecurity = false → will use direct OpAuthenticate (no DH)
[20:21:49] About to call ConnectUsingSettings...
[20:21:49] ConnectUsingSettings() returned OK → connecting to 172.28.48.1:5055
[20:21:49] Monitoring connection state (30s timeout)...
[20:21:49] connState=1  detailState=2  (0.0s elapsed)  runInBg=True
[20:21:49] [heartbeat] connState=1  detailState=2  (0.0s elapsed)  runInBg=True  dt=0.0385
[20:21:49] connState=2  detailState=3  (0.0s elapsed)  runInBg=True
[20:21:49] connState=2  detailState=5  (0.4s elapsed)  runInBg=True
[20:21:49] connState=2  detailState=6  (0.5s elapsed)  runInBg=True
[20:21:49] Connected to lobby! detailState=6 after 0.5s
[20:21:51] [Update tick 1] deltaTime=0.0332 unscaled=0.0332 realTime=3.0 timescale=1.00
[20:21:54] [Update tick 2] deltaTime=0.0332 unscaled=0.0332 realTime=6.1 timescale=1.00
[20:21:57] [Update tick 3] deltaTime=0.0332 unscaled=0.0332 realTime=9.1 timescale=1.00
[20:21:57] Button hook complete — hooked 0 button(s)
[20:21:57] Button hook complete — hooked 0 button(s)
[20:21:57] Button hook complete — hooked 0 button(s)
[20:21:58] Button hook complete — hooked 0 button(s)
[20:21:58] Button hook complete — hooked 0 button(s)
[20:21:58] Button hook complete — hooked 0 button(s)
[20:21:58] Button hook complete — hooked 0 button(s)
[20:21:58] Button hook complete — hooked 0 button(s)
[20:21:58] Button hook complete — hooked 0 button(s)
[20:21:59] Button hook complete — hooked 0 button(s)
[20:21:59] Button hook complete — hooked 0 button(s)
[20:21:59] Button hook complete — hooked 0 button(s)
[20:21:59] Button hook complete — hooked 0 button(s)
[20:21:59] Button hook complete — hooked 0 button(s)
[20:21:59] Button hook complete — hooked 0 button(s)
[20:22:00] Button hook complete — hooked 0 button(s)
[20:22:00] [Update tick 4] deltaTime=0.0333 unscaled=0.0333 realTime=12.2 timescale=1.00
[20:22:00] Button hook complete — hooked 0 button(s)
[20:22:00] Button hook complete — hooked 0 button(s)
[20:22:00] Button hook complete — hooked 0 button(s)
[20:22:00] Button hook complete — hooked 0 button(s)
[20:22:00] Button hook complete — hooked 0 button(s)
[20:22:01] Button hook complete — hooked 0 button(s)
[20:22:01] Button hook complete — hooked 0 button(s)
[20:22:01] Button hook complete — hooked 0 button(s)
[20:22:01] Button hook complete — hooked 0 button(s)
[20:22:01] Button hook complete — hooked 0 button(s)
[20:22:01] Button hook complete — hooked 0 button(s)
[20:22:01] Button hook complete — hooked 0 button(s)
[20:22:02] Button hook complete — hooked 0 button(s)
[20:22:02] Button hook complete — hooked 0 button(s)
[20:22:02] Button hook complete — hooked 0 button(s)
[20:22:02] Button hook complete — hooked 0 button(s)
[20:22:02] Button hook complete — hooked 0 button(s)
[20:22:02] Button hook complete — hooked 0 button(s)
[20:22:03] Button hook complete — hooked 0 button(s)
[20:22:03] [Update tick 5] deltaTime=0.0332 unscaled=0.0332 realTime=15.2 timescale=1.00
[20:22:03] Button hook complete — hooked 0 button(s)
[20:22:03] Button hook complete — hooked 0 button(s)
[20:22:03] Button hook complete — hooked 0 button(s)
[20:22:03] Button hook complete — hooked 0 button(s)
[20:22:03] Button hook complete — hooked 0 button(s)
[20:22:04] Button hook complete — hooked 0 button(s)
[20:22:04] Button hook complete — hooked 0 button(s)
[20:22:04] Button hook complete — hooked 0 button(s)
[20:22:04] Button hook complete — hooked 0 button(s)
[20:22:04] Button hook complete — hooked 0 button(s)
[20:22:04] Button hook complete — hooked 0 button(s)
[20:22:05] Button hook complete — hooked 0 button(s)
[20:22:05] Button hook complete — hooked 0 button(s)
[20:22:05] Button hook complete — hooked 0 button(s)
[20:22:05] Button hook complete — hooked 0 button(s)
[20:22:05] Button hook complete — hooked 0 button(s)
[20:22:05] Button hook complete — hooked 0 button(s)
[20:22:06] Button hook complete — hooked 0 button(s)
[20:22:06] Button hook complete — hooked 0 button(s)
[20:22:06] Button hook complete — hooked 0 button(s)
[20:22:06] Button hook complete — hooked 0 button(s)
[20:22:06] Button hook complete — hooked 0 button(s)
[20:22:06] Button hook complete — hooked 0 button(s)
[20:22:07] Button hook complete — hooked 0 button(s)
[20:22:07] Button hook complete — hooked 0 button(s)
[20:22:07] Button hook complete — hooked 0 button(s)
[20:22:07] Button hook complete — hooked 0 button(s)
[20:22:07] Button hook complete — hooked 0 button(s)
[20:22:07] Button hook complete — hooked 0 button(s)
[20:22:08] Button hook complete — hooked 0 button(s)
[20:22:08] Button hook complete — hooked 0 button(s)
[20:22:08] Button hook complete — hooked 0 button(s)
[20:22:08] Button hook complete — hooked 0 button(s)
[20:22:08] Button hook complete — hooked 0 button(s)
[20:22:08] Button hook complete — hooked 0 button(s)
[20:22:09] Button hook complete — hooked 0 button(s)
[20:22:09] Button hook complete — hooked 0 button(s)
[20:22:09] Button hook complete — hooked 0 button(s)
[20:22:09] Button hook complete — hooked 0 button(s)
[20:22:09] Button hook complete — hooked 0 button(s)
[20:22:09] Button hook complete — hooked 0 button(s)
[20:22:10] Button hook complete — hooked 0 button(s)
[20:22:10] Button hook complete — hooked 0 button(s)
[20:22:10] Button hook complete — hooked 0 button(s)
[20:22:10] Button hook complete — hooked 0 button(s)
[20:22:10] Button hook complete — hooked 0 button(s)
[20:22:10] Button hook complete — hooked 0 button(s)
[20:22:11] Button hook complete — hooked 0 button(s)
[20:22:11] Button hook complete — hooked 0 button(s)
[20:22:11] Button hook complete — hooked 0 button(s)
[20:22:11] Button hook complete — hooked 0 button(s)
[20:22:11] Button hook complete — hooked 0 button(s)
[20:22:11] Button hook complete — hooked 0 button(s)
[20:22:12] Button hook complete — hooked 0 button(s)
[20:22:12] Button hook complete — hooked 0 button(s)
[20:22:12] Button hook complete — hooked 0 button(s)
[20:22:12] Button hook complete — hooked 0 button(s)
[20:22:12] Button hook complete — hooked 0 button(s)
[20:22:12] Button hook complete — hooked 0 button(s)
[20:22:13] Button hook complete — hooked 0 button(s)
[20:22:13] Button hook complete — hooked 0 button(s)
[20:22:13] Button hook complete — hooked 0 button(s)
[20:22:13] Button hook complete — hooked 0 button(s)
[20:22:13] Button hook complete — hooked 0 button(s)
[20:22:13] Button hook complete — hooked 0 button(s)
[20:22:13] Button hook complete — hooked 0 button(s)
[20:22:14] Button hook complete — hooked 0 button(s)
[20:22:14] Button hook complete — hooked 0 button(s)
[20:22:14] Button hook complete — hooked 0 button(s)
[20:22:14] Button hook complete — hooked 0 button(s)
[20:22:14] Button hook complete — hooked 0 button(s)
[20:22:15] Button hook complete — hooked 0 button(s)
[20:22:15] Button hook complete — hooked 0 button(s)
[20:22:15] Button hook complete — hooked 0 button(s)
[20:22:15] Button hook complete — hooked 0 button(s)
[20:22:15] Button hook complete — hooked 0 button(s)
[20:22:15] Button hook complete — hooked 0 button(s)
[20:22:15] Button hook complete — hooked 0 button(s)
[20:22:16] Button hook complete — hooked 0 button(s)
[20:22:16] Button hook complete — hooked 0 button(s)
[20:22:16] Button hook complete — hooked 0 button(s)
[20:22:16] Button hook complete — hooked 0 button(s)
[20:22:16] Button hook complete — hooked 0 button(s)
[20:22:16] Button hook complete — hooked 0 button(s)
[20:22:17] Button hook complete — hooked 0 button(s)
[20:22:17] Button hook complete — hooked 0 button(s)
[20:22:17] Button hook complete — hooked 0 button(s)
[20:22:17] Button hook complete — hooked 0 button(s)
[20:22:17] Button hook complete — hooked 0 button(s)
[20:22:17] Button hook complete — hooked 0 button(s)
[20:22:18] Button hook complete — hooked 0 button(s)
[20:22:18] Button hook complete — hooked 0 button(s)
[20:22:18] Button hook complete — hooked 0 button(s)
[20:22:18] Button hook complete — hooked 0 button(s)
[20:22:18] Button hook complete — hooked 0 button(s)
[20:22:18] Button hook complete — hooked 0 button(s)
[20:22:19] Button hook complete — hooked 0 button(s)
[20:22:19] Button hook complete — hooked 0 button(s)
[20:22:19] Button hook complete — hooked 0 button(s)
[20:22:19] Button hook complete — hooked 0 button(s)
[20:22:19] Button hook complete — hooked 0 button(s)
[20:22:19] Button hook complete — hooked 0 button(s)
[20:22:20] Button hook complete — hooked 0 button(s)
[20:22:20] Button hook complete — hooked 0 button(s)
[20:22:20] Button hook complete — hooked 0 button(s)
[20:22:20] Button hook complete — hooked 0 button(s)
[20:22:20] Button hook complete — hooked 0 button(s)
[20:22:20] Button hook complete — hooked 0 button(s)
[20:22:21] Button hook complete — hooked 0 button(s)
[20:22:21] Button hook complete — hooked 0 button(s)
[20:22:21] Button hook complete — hooked 0 button(s)
[20:22:21] Button hook complete — hooked 0 button(s)
[20:22:21] Button hook complete — hooked 0 button(s)
[20:22:21] Button hook complete — hooked 0 button(s)
[20:22:22] Button hook complete — hooked 0 button(s)
[20:22:22] Button hook complete — hooked 0 button(s)
[20:22:22] Button hook complete — hooked 0 button(s)
[20:22:22] Button hook complete — hooked 0 button(s)
[20:22:22] Button hook complete — hooked 0 button(s)
[20:22:22] Button hook complete — hooked 0 button(s)
[20:22:23] Button hook complete — hooked 0 button(s)
[20:22:23] Button hook complete — hooked 0 button(s)
[20:22:23] Button hook complete — hooked 0 button(s)
[20:22:23] Button hook complete — hooked 0 button(s)
[20:22:23] Button hook complete — hooked 0 button(s)
[20:22:23] Button hook complete — hooked 0 button(s)
[20:22:23] Button hook complete — hooked 0 button(s)
[20:22:24] Button hook complete — hooked 0 button(s)
[20:22:24] Button hook complete — hooked 0 button(s)
[20:22:24] Button hook complete — hooked 0 button(s)
[20:22:24] Button hook complete — hooked 0 button(s)
[20:22:24] Button hook complete — hooked 0 button(s)
[20:22:24] Button hook complete — hooked 0 button(s)
[20:22:25] Button hook complete — hooked 0 button(s)
[20:22:25] Button hook complete — hooked 0 button(s)
[20:22:25] Button hook complete — hooked 0 button(s)
[20:22:25] Button hook complete — hooked 0 button(s)
[20:22:25] Button hook complete — hooked 0 button(s)
[20:22:25] Button hook complete — hooked 0 button(s)
[20:22:26] Button hook complete — hooked 0 button(s)
[20:22:26] Button hook complete — hooked 0 button(s)
[20:22:26] Button hook complete — hooked 0 button(s)
[20:22:26] Button hook complete — hooked 0 button(s)
[20:22:26] Button hook complete — hooked 0 button(s)
[20:22:26] Button hook complete — hooked 0 button(s)
[20:22:27] Button hook complete — hooked 0 button(s)
[20:22:27] Button hook complete — hooked 0 button(s)
[20:22:27] Button hook complete — hooked 0 button(s)
[20:22:27] Button hook complete — hooked 0 button(s)
[20:22:27] Button hook complete — hooked 0 button(s)
[20:22:27] Button hook complete — hooked 0 button(s)
[20:22:28] Button hook complete — hooked 0 button(s)
[20:22:28] Button hook complete — hooked 0 button(s)
[20:22:28] Button hook complete — hooked 0 button(s)
[20:22:28] Button hook complete — hooked 0 button(s)
[20:22:28] Button hook complete — hooked 0 button(s)
[20:22:28] Button hook complete — hooked 0 button(s)
[20:22:29] Button hook complete — hooked 0 button(s)
[20:22:29] Button hook complete — hooked 0 button(s)
[20:22:29] Button hook complete — hooked 0 button(s)
[20:22:29] Button hook complete — hooked 0 button(s)
[20:22:29] Button hook complete — hooked 0 button(s)
[20:22:29] Button hook complete — hooked 0 button(s)
[20:22:30] Button hook complete — hooked 0 button(s)
[20:22:30] Button hook complete — hooked 0 button(s)
[20:22:30] Button hook complete — hooked 0 button(s)
[20:22:30] Button hook complete — hooked 0 button(s)
[20:22:30] Button hook complete — hooked 0 button(s)
[20:22:30] Button hook complete — hooked 0 button(s)
[20:22:31] Button hook complete — hooked 0 button(s)
[20:22:31] Button hook complete — hooked 0 button(s)
[20:22:31] Button hook complete — hooked 0 button(s)
[20:22:31] Button hook complete — hooked 0 button(s)
[20:22:31] Button hook complete — hooked 0 button(s)
[20:22:31] Button hook complete — hooked 0 button(s)
[20:22:32] Button hook complete — hooked 0 button(s)
[20:22:32] Button hook complete — hooked 0 button(s)
[20:22:32] Button hook complete — hooked 0 button(s)
[20:22:32] Button hook complete — hooked 0 button(s)
[20:22:32] Button hook complete — hooked 0 button(s)
[20:22:32] Button hook complete — hooked 0 button(s)
[20:22:33] Button hook complete — hooked 0 button(s)
[20:22:33] Button hook complete — hooked 0 button(s)
[20:22:33] Button hook complete — hooked 0 button(s)
[20:22:33] Button hook complete — hooked 0 button(s)
[20:22:33] Button hook complete — hooked 0 button(s)
[20:22:33] Button hook complete — hooked 0 button(s)
[20:22:34] Button hook complete — hooked 0 button(s)
[20:22:34] Button hook complete — hooked 0 button(s)
[20:22:34] Button hook complete — hooked 0 button(s)
[20:22:34] Button hook complete — hooked 0 button(s)
[20:22:34] Button hook complete — hooked 0 button(s)
[20:22:34] Button hook complete — hooked 0 button(s)
[20:22:37] OnLevelWasLoaded: scene=MainMenu level=0
[20:22:53] OnLevelWasLoaded: scene=MultiplayerSelect level=5
[20:22:53] Entered connect scene — starting LAN connection
[20:22:53]   ServerAddress = 172.28.48.1
[20:22:53]   ServerPort = 5055
[20:22:53]   AppID = CNRLan
[20:22:53]   HostType = SelfHosted
[20:22:53] Override applied → 172.28.48.1:5055  AppID=CNRLan
[20:22:53] Disconnect() called
[20:22:53] Photon disconnected, swapping to TCP then reconnecting
[20:22:53] SwapToTcp: current peerBase is TPeer
[20:22:53] SwapToTcp: usedProtocol = Tcp
[20:22:53] SwapToTcp: Listener set via property setter = NetworkingPeer
[20:22:53] SwapToTcp: peerBase swapped to TPeer - client will connect via TCP
[20:22:53] requestSecurity = false → will use direct OpAuthenticate (no DH)
[20:22:53] About to call ConnectUsingSettings...
[20:22:53] ConnectUsingSettings() returned OK → connecting to 172.28.48.1:5055
[20:22:53] Monitoring connection state (30s timeout)...
[20:22:53] connState=1  detailState=2  (0.0s elapsed)  runInBg=True
[20:22:53] [heartbeat] connState=1  detailState=2  (0.0s elapsed)  runInBg=True  dt=0.0321
[20:22:53] connState=2  detailState=3  (0.0s elapsed)  runInBg=True
[20:22:53] connState=2  detailState=5  (0.3s elapsed)  runInBg=True
[20:22:53] connState=2  detailState=6  (0.4s elapsed)  runInBg=True
[20:22:53] Connected to lobby! detailState=6 after 0.4s
[20:23:46] Button hook complete — hooked 0 button(s)
[20:23:46] Button hook complete — hooked 0 button(s)
[20:23:46] Button hook complete — hooked 0 button(s)
[20:23:46] Button hook complete — hooked 0 button(s)
[20:23:46] Button hook complete — hooked 0 button(s)
[20:23:47] Button hook complete — hooked 0 button(s)
[20:23:47] Button hook complete — hooked 0 button(s)
[20:23:47] Button hook complete — hooked 0 button(s)
[20:23:47] Button hook complete — hooked 0 button(s)
[20:23:47] Button hook complete — hooked 0 button(s)
[20:23:47] Button hook complete — hooked 0 button(s)
[20:23:48] Button hook complete — hooked 0 button(s)
[20:23:48] Button hook complete — hooked 0 button(s)
[20:23:48] Button hook complete — hooked 0 button(s)
[20:23:48] Button hook complete — hooked 0 button(s)
[20:23:48] Button hook complete — hooked 0 button(s)
[20:23:48] Button hook complete — hooked 0 button(s)
[20:23:49] Button hook complete — hooked 0 button(s)
[20:23:49] Button hook complete — hooked 0 button(s)
[20:23:49] Button hook complete — hooked 0 button(s)
[20:23:49] Button hook complete — hooked 0 button(s)
[20:23:49] Button hook complete — hooked 0 button(s)
[20:23:49] Button hook complete — hooked 0 button(s)
[20:23:49] Button hook complete — hooked 0 button(s)
[20:23:50] Button hook complete — hooked 0 button(s)
[20:23:50] Button hook complete — hooked 0 button(s)
[20:23:50] Button hook complete — hooked 0 button(s)
[20:23:50] Button hook complete — hooked 0 button(s)
[20:23:50] Button hook complete — hooked 0 button(s)
[20:23:50] Button hook complete — hooked 0 button(s)
[20:23:51] Button hook complete — hooked 0 button(s)
[20:23:51] Button hook complete — hooked 0 button(s)
[20:23:51] Button hook complete — hooked 0 button(s)
[20:23:51] Button hook complete — hooked 0 button(s)
[20:23:51] Button hook complete — hooked 0 button(s)
[20:23:51] Button hook complete — hooked 0 button(s)
[20:23:52] Button hook complete — hooked 0 button(s)
[20:23:52] Button hook complete — hooked 0 button(s)
[20:23:52] Button hook complete — hooked 0 button(s)
[20:23:52] Button hook complete — hooked 0 button(s)
[20:23:52] Button hook complete — hooked 0 button(s)
[20:23:52] Button hook complete — hooked 0 button(s)
[20:23:53] Button hook complete — hooked 0 button(s)
[20:23:53] Button hook complete — hooked 0 button(s)
[20:23:53] Button hook complete — hooked 0 button(s)
[20:23:53] Button hook complete — hooked 0 button(s)
[20:23:53] Button hook complete — hooked 0 button(s)
[20:23:53] Button hook complete — hooked 0 button(s)
[20:23:54] Button hook complete — hooked 0 button(s)
[20:23:54] Button hook complete — hooked 0 button(s)
[20:23:54] Button hook complete — hooked 0 button(s)
[20:23:54] Button hook complete — hooked 0 button(s)
[20:23:54] Button hook complete — hooked 0 button(s)
[20:23:54] Button hook complete — hooked 0 button(s)
[20:23:55] Button hook complete — hooked 0 button(s)
[20:23:55] Button hook complete — hooked 0 button(s)
[20:23:55] Button hook complete — hooked 0 button(s)
[20:23:55] Button hook complete — hooked 0 button(s)
[20:23:55] Button hook complete — hooked 0 button(s)
[20:23:55] Button hook complete — hooked 0 button(s)
[20:23:56] Button hook complete — hooked 0 button(s)
[20:23:56] Button hook complete — hooked 0 button(s)
[20:23:56] Button hook complete — hooked 0 button(s)
[20:23:56] Button hook complete — hooked 0 button(s)
[20:23:56] Button hook complete — hooked 0 button(s)
[20:23:56] Button hook complete — hooked 0 button(s)
[20:23:57] Button hook complete — hooked 0 button(s)
[20:23:57] Button hook complete — hooked 0 button(s)
[20:23:57] Button hook complete — hooked 0 button(s)
[20:23:57] Button hook complete — hooked 0 button(s)
[20:23:57] Button hook complete — hooked 0 button(s)
[20:23:57] Button hook complete — hooked 0 button(s)
[20:23:58] Button hook complete — hooked 0 button(s)
[20:23:58] Button hook complete — hooked 0 button(s)
[20:23:58] Button hook complete — hooked 0 button(s)
[20:23:58] Button hook complete — hooked 0 button(s)
[20:23:58] Button hook complete — hooked 0 button(s)
[20:23:58] Button hook complete — hooked 0 button(s)
[20:23:59] Button hook complete — hooked 0 button(s)
[20:23:59] Button hook complete — hooked 0 button(s)
[20:23:59] Button hook complete — hooked 0 button(s)
[20:23:59] Button hook complete — hooked 0 button(s)
[20:23:59] Button hook complete — hooked 0 button(s)
[20:23:59] Button hook complete — hooked 0 button(s)
[20:24:00] Button hook complete — hooked 0 button(s)
[20:24:00] Button hook complete — hooked 0 button(s)
[20:24:00] Button hook complete — hooked 0 button(s)
[20:24:00] Button hook complete — hooked 0 button(s)
[20:24:00] Button hook complete — hooked 0 button(s)
[20:24:00] Button hook complete — hooked 0 button(s)
[20:24:01] Button hook complete — hooked 0 button(s)
[20:24:01] Button hook complete — hooked 0 button(s)
[20:24:01] Button hook complete — hooked 0 button(s)
[20:24:01] Button hook complete — hooked 0 button(s)
[20:24:01] Button hook complete — hooked 0 button(s)
[20:24:01] Button hook complete — hooked 0 button(s)
[20:24:02] Button hook complete — hooked 0 button(s)
[20:24:02] Button hook complete — hooked 0 button(s)
[20:24:02] Button hook complete — hooked 0 button(s)
[20:24:02] Button hook complete — hooked 0 button(s)
[20:24:02] Button hook complete — hooked 0 button(s)
[20:24:02] Button hook complete — hooked 0 button(s)
[20:24:03] Button hook complete — hooked 0 button(s)
[20:24:03] Button hook complete — hooked 0 button(s)
[20:24:03] Button hook complete — hooked 0 button(s)
[20:24:03] Button hook complete — hooked 0 button(s)
[20:24:03] Button hook complete — hooked 0 button(s)
[20:24:03] Button hook complete — hooked 0 button(s)
[20:24:04] Button hook complete — hooked 0 button(s)
[20:24:04] Button hook complete — hooked 0 button(s)
[20:24:04] Button hook complete — hooked 0 button(s)
[20:24:04] Button hook complete — hooked 0 button(s)
[20:24:04] Button hook complete — hooked 0 button(s)
[20:24:04] Button hook complete — hooked 0 button(s)
[20:24:05] Button hook complete — hooked 0 button(s)
[20:24:05] Button hook complete — hooked 0 button(s)
[20:24:05] Button hook complete — hooked 0 button(s)
[20:24:05] Button hook complete — hooked 0 button(s)
[20:24:05] Button hook complete — hooked 0 button(s)
[20:24:05] Button hook complete — hooked 0 button(s)
[20:24:05] Button hook complete — hooked 0 button(s)
[20:24:06] Button hook complete — hooked 0 button(s)
[20:24:06] Button hook complete — hooked 0 button(s)
[20:24:06] Button hook complete — hooked 0 button(s)
[20:24:06] Button hook complete — hooked 0 button(s)
[20:24:06] Button hook complete — hooked 0 button(s)
[20:24:06] Button hook complete — hooked 0 button(s)
[20:24:07] Button hook complete — hooked 0 button(s)
[20:24:07] Button hook complete — hooked 0 button(s)
[20:24:07] Button hook complete — hooked 0 button(s)
[20:24:07] Button hook complete — hooked 0 button(s)
[20:24:07] Button hook complete — hooked 0 button(s)
[20:24:07] Button hook complete — hooked 0 button(s)
[20:24:08] Button hook complete — hooked 0 button(s)
[20:24:08] Button hook complete — hooked 0 button(s)
[20:24:08] Button hook complete — hooked 0 button(s)
[20:24:08] Button hook complete — hooked 0 button(s)
[20:24:08] Button hook complete — hooked 0 button(s)
[20:24:08] Button hook complete — hooked 0 button(s)
[20:24:09] Button hook complete — hooked 0 button(s)
[20:24:09] Button hook complete — hooked 0 button(s)
[20:24:09] Button hook complete — hooked 0 button(s)
[20:24:09] Button hook complete — hooked 0 button(s)
[20:24:09] Button hook complete — hooked 0 button(s)
[20:24:09] Button hook complete — hooked 0 button(s)
[20:24:10] Button hook complete — hooked 0 button(s)
[20:24:10] Button hook complete — hooked 0 button(s)
[20:24:10] Button hook complete — hooked 0 button(s)
[20:24:10] Button hook complete — hooked 0 button(s)
[20:24:10] Button hook complete — hooked 0 button(s)
[20:24:10] Button hook complete — hooked 0 button(s)
[20:24:11] Button hook complete — hooked 0 button(s)
[20:24:11] Button hook complete — hooked 0 button(s)
[20:24:11] Button hook complete — hooked 0 button(s)
[20:24:11] Button hook complete — hooked 0 button(s)
[20:24:11] Button hook complete — hooked 0 button(s)
[20:24:11] Button hook complete — hooked 0 button(s)
[20:24:12] Button hook complete — hooked 0 button(s)
[20:24:12] Button hook complete — hooked 0 button(s)
[20:24:12] Button hook complete — hooked 0 button(s)
[20:24:12] Button hook complete — hooked 0 button(s)
[20:24:12] Button hook complete — hooked 0 button(s)
[20:24:12] Button hook complete — hooked 0 button(s)
[20:24:13] Button hook complete — hooked 0 button(s)
[20:24:13] Button hook complete — hooked 0 button(s)
[20:24:13] Button hook complete — hooked 0 button(s)
[20:24:13] Button hook complete — hooked 0 button(s)
[20:24:13] Button hook complete — hooked 0 button(s)
[20:24:13] Button hook complete — hooked 0 button(s)
[20:24:14] Button hook complete — hooked 0 button(s)
[20:24:14] Button hook complete — hooked 0 button(s)
[20:24:14] Button hook complete — hooked 0 button(s)
[20:24:14] Button hook complete — hooked 0 button(s)
[20:24:14] Button hook complete — hooked 0 button(s)
[20:24:14] Button hook complete — hooked 0 button(s)
[20:24:15] Button hook complete — hooked 0 button(s)
[20:24:15] Button hook complete — hooked 0 button(s)
[20:24:15] Button hook complete — hooked 0 button(s)
[20:24:15] Button hook complete — hooked 0 button(s)
[20:24:15] Button hook complete — hooked 0 button(s)
[20:24:15] Button hook complete — hooked 0 button(s)
[20:24:16] Button hook complete — hooked 0 button(s)
[20:24:16] Button hook complete — hooked 0 button(s)
[20:24:16] Button hook complete — hooked 0 button(s)
[20:24:16] Button hook complete — hooked 0 button(s)
[20:24:16] Button hook complete — hooked 0 button(s)
[20:24:16] Button hook complete — hooked 0 button(s)
[20:24:17] Button hook complete — hooked 0 button(s)
[20:24:17] Button hook complete — hooked 0 button(s)
[20:24:17] Button hook complete — hooked 0 button(s)
[20:24:17] Button hook complete — hooked 0 button(s)
[20:24:17] Button hook complete — hooked 0 button(s)
[20:24:17] Button hook complete — hooked 0 button(s)
[20:24:17] Button hook complete — hooked 0 button(s)
[20:24:18] Button hook complete — hooked 0 button(s)
[20:24:18] Button hook complete — hooked 0 button(s)
[20:24:18] Button hook complete — hooked 0 button(s)
[20:24:18] Button hook complete — hooked 0 button(s)
[20:24:18] Button hook complete — hooked 0 button(s)
[20:24:19] Button hook complete — hooked 0 button(s)
[20:24:19] Button hook complete — hooked 0 button(s)
[20:24:19] Button hook complete — hooked 0 button(s)
[20:24:19] Button hook complete — hooked 0 button(s)
[20:24:19] Button hook complete — hooked 0 button(s)
[20:24:19] Button hook complete — hooked 0 button(s)
[20:24:19] Button hook complete — hooked 0 button(s)
[20:24:20] Button hook complete — hooked 0 button(s)
[20:24:20] Button hook complete — hooked 0 button(s)
[20:24:20] Button hook complete — hooked 0 button(s)
[20:24:20] Button hook complete — hooked 0 button(s)
[20:24:20] Button hook complete — hooked 0 button(s)
[20:24:21] Button hook complete — hooked 0 button(s)
[20:24:21] Button hook complete — hooked 0 button(s)
[20:24:21] Button hook complete — hooked 0 button(s)
[20:24:21] Button hook complete — hooked 0 button(s)
[20:24:21] Button hook complete — hooked 0 button(s)
[20:24:21] Button hook complete — hooked 0 button(s)
[20:24:21] Button hook complete — hooked 0 button(s)
[20:24:22] Button hook complete — hooked 0 button(s)
[20:24:22] Button hook complete — hooked 0 button(s)
[20:24:22] Button hook complete — hooked 0 button(s)
[20:24:22] Button hook complete — hooked 0 button(s)
[20:24:22] Button hook complete — hooked 0 button(s)
[20:24:22] Button hook complete — hooked 0 button(s)
[20:24:23] Button hook complete — hooked 0 button(s)
[20:24:23] Button hook complete — hooked 0 button(s)
[20:24:23] Button hook complete — hooked 0 button(s)
[20:24:23] Button hook complete — hooked 0 button(s)
[20:24:23] Button hook complete — hooked 0 button(s)
[20:24:24] Button hook complete — hooked 0 button(s)
[20:24:24] Button hook complete — hooked 0 button(s)
[20:24:24] Button hook complete — hooked 0 button(s)
[20:24:24] Button hook complete — hooked 0 button(s)
[20:24:24] Button hook complete — hooked 0 button(s)
[20:24:24] Button hook complete — hooked 0 button(s)
[20:24:25] Button hook complete — hooked 0 button(s)
[20:24:25] Button hook complete — hooked 0 button(s)
[20:24:25] Button hook complete — hooked 0 button(s)
[20:24:25] Button hook complete — hooked 0 button(s)
[20:24:25] Button hook complete — hooked 0 button(s)
[20:24:25] Button hook complete — hooked 0 button(s)
[20:24:26] Button hook complete — hooked 0 button(s)
[20:24:26] Button hook complete — hooked 0 button(s)
[20:24:26] Button hook complete — hooked 0 button(s)
[20:24:26] Button hook complete — hooked 0 button(s)
[20:24:26] Button hook complete — hooked 0 button(s)
[20:24:26] Button hook complete — hooked 0 button(s)
[20:24:27] Button hook complete — hooked 0 button(s)
[20:24:27] Button hook complete — hooked 0 button(s)
[20:24:27] Button hook complete — hooked 0 button(s)
[20:24:27] Button hook complete — hooked 0 button(s)
[20:24:27] Button hook complete — hooked 0 button(s)
[20:24:27] Button hook complete — hooked 0 button(s)
[20:24:28] Button hook complete — hooked 0 button(s)
[20:24:28] Button hook complete — hooked 0 button(s)
[20:24:28] Button hook complete — hooked 0 button(s)
[20:24:28] Button hook complete — hooked 0 button(s)
[20:24:28] Button hook complete — hooked 0 button(s)
[20:24:28] Button hook complete — hooked 0 button(s)
[20:24:29] Button hook complete — hooked 0 button(s)
[20:24:29] Button hook complete — hooked 0 button(s)
[20:24:29] Button hook complete — hooked 0 button(s)
[20:24:29] Button hook complete — hooked 0 button(s)
[20:24:29] Button hook complete — hooked 0 button(s)
[20:24:29] Button hook complete — hooked 0 button(s)
[20:24:30] Button hook complete — hooked 0 button(s)
[20:24:30] Button hook complete — hooked 0 button(s)
[20:24:30] Button hook complete — hooked 0 button(s)
[20:24:30] Button hook complete — hooked 0 button(s)
[20:24:30] Button hook complete — hooked 0 button(s)
[20:24:30] Button hook complete — hooked 0 button(s)
[20:24:31] Button hook complete — hooked 0 button(s)
[20:24:31] Button hook complete — hooked 0 button(s)
[20:24:31] Button hook complete — hooked 0 button(s)
[20:24:31] Button hook complete — hooked 0 button(s)
[20:24:31] Button hook complete — hooked 0 button(s)
[20:24:31] Button hook complete — hooked 0 button(s)
[20:24:32] Button hook complete — hooked 0 button(s)
[20:24:32] Button hook complete — hooked 0 button(s)
[20:24:32] Button hook complete — hooked 0 button(s)
[20:24:32] Button hook complete — hooked 0 button(s)
[20:24:32] Button hook complete — hooked 0 button(s)
[20:24:32] Button hook complete — hooked 0 button(s)
[20:24:32] Button hook complete — hooked 0 button(s)
[20:24:33] Button hook complete — hooked 0 button(s)
[20:24:33] Button hook complete — hooked 0 button(s)
[20:24:33] Button hook complete — hooked 0 button(s)
[20:24:33] Button hook complete — hooked 0 button(s)
[20:24:33] Button hook complete — hooked 0 button(s)
[20:24:33] Button hook complete — hooked 0 button(s)
[20:24:34] Button hook complete — hooked 0 button(s)
[20:24:34] Button hook complete — hooked 0 button(s)
[20:24:34] Button hook complete — hooked 0 button(s)
[20:24:34] Button hook complete — hooked 0 button(s)
[20:24:34] Button hook complete — hooked 0 button(s)
[20:24:34] Button hook complete — hooked 0 button(s)
[20:24:35] Button hook complete — hooked 0 button(s)
[20:24:35] Button hook complete — hooked 0 button(s)
[20:24:35] Button hook complete — hooked 0 button(s)
[20:24:35] Button hook complete — hooked 0 button(s)
[20:24:35] Button hook complete — hooked 0 button(s)
[20:24:35] Button hook complete — hooked 0 button(s)
[20:24:36] Button hook complete — hooked 0 button(s)
[20:24:36] Button hook complete — hooked 0 button(s)
[20:24:36] Button hook complete — hooked 0 button(s)
[20:24:36] Button hook complete — hooked 0 button(s)
[20:24:36] Button hook complete — hooked 0 button(s)
[20:24:36] Button hook complete — hooked 0 button(s)
[20:24:37] Button hook complete — hooked 0 button(s)
[20:24:37] Button hook complete — hooked 0 button(s)
[20:24:37] Button hook complete — hooked 0 button(s)
[20:24:37] Button hook complete — hooked 0 button(s)
[20:24:37] Button hook complete — hooked 0 button(s)
[20:24:37] Button hook complete — hooked 0 button(s)
[20:24:38] Button hook complete — hooked 0 button(s)
[20:24:38] Button hook complete — hooked 0 button(s)
[20:24:38] Button hook complete — hooked 0 button(s)
[20:24:38] Button hook complete — hooked 0 button(s)
[20:24:38] Button hook complete — hooked 0 button(s)
[20:24:38] Button hook complete — hooked 0 button(s)
[20:24:39] Button hook complete — hooked 0 button(s)
[20:24:39] Button hook complete — hooked 0 button(s)
[20:24:39] Button hook complete — hooked 0 button(s)
[20:24:39] Button hook complete — hooked 0 button(s)
[20:24:39] Button hook complete — hooked 0 button(s)
[20:24:39] Button hook complete — hooked 0 button(s)
[20:24:40] Button hook complete — hooked 0 button(s)
[20:24:40] Button hook complete — hooked 0 button(s)
[20:24:40] Button hook complete — hooked 0 button(s)
[20:24:40] Button hook complete — hooked 0 button(s)
[20:24:40] Button hook complete — hooked 0 button(s)
[20:24:40] Button hook complete — hooked 0 button(s)
[20:24:41] Button hook complete — hooked 0 button(s)
[20:24:41] Button hook complete — hooked 0 button(s)
[20:24:41] Button hook complete — hooked 0 button(s)
[20:24:41] Button hook complete — hooked 0 button(s)
[20:24:41] Button hook complete — hooked 0 button(s)
[20:24:41] Button hook complete — hooked 0 button(s)
[20:24:41] Button hook complete — hooked 0 button(s)
[20:24:42] Button hook complete — hooked 0 button(s)
[20:24:42] Button hook complete — hooked 0 button(s)
[20:24:42] Button hook complete — hooked 0 button(s)
[20:24:42] Button hook complete — hooked 0 button(s)
[20:24:42] Button hook complete — hooked 0 button(s)
[20:24:42] Button hook complete — hooked 0 button(s)
[20:24:43] Button hook complete — hooked 0 button(s)
[20:24:43] Button hook complete — hooked 0 button(s)
[20:24:43] Button hook complete — hooked 0 button(s)
[20:24:43] Button hook complete — hooked 0 button(s)
[20:24:43] Button hook complete — hooked 0 button(s)
[20:24:43] Button hook complete — hooked 0 button(s)
[20:24:44] Button hook complete — hooked 0 button(s)
[20:24:44] Button hook complete — hooked 0 button(s)
[20:24:44] Button hook complete — hooked 0 button(s)
[20:24:44] Button hook complete — hooked 0 button(s)
[20:24:44] Button hook complete — hooked 0 button(s)
[20:24:44] Button hook complete — hooked 0 button(s)
[20:24:45] Button hook complete — hooked 0 button(s)
[20:24:45] Button hook complete — hooked 0 button(s)
[20:24:45] Button hook complete — hooked 0 button(s)
[20:24:45] Button hook complete — hooked 0 button(s)
[20:24:45] Button hook complete — hooked 0 button(s)
[20:24:45] Button hook complete — hooked 0 button(s)
[20:24:46] Button hook complete — hooked 0 button(s)
[20:24:46] Button hook complete — hooked 0 button(s)
[20:24:46] Button hook complete — hooked 0 button(s)
[20:24:46] Button hook complete — hooked 0 button(s)
[20:24:46] Button hook complete — hooked 0 button(s)
[20:24:46] Button hook complete — hooked 0 button(s)
[20:24:47] Button hook complete — hooked 0 button(s)
[20:24:47] Button hook complete — hooked 0 button(s)
[20:24:47] Button hook complete — hooked 0 button(s)
[20:24:47] Button hook complete — hooked 0 button(s)
[20:24:47] Button hook complete — hooked 0 button(s)
[20:24:47] Button hook complete — hooked 0 button(s)
[20:24:48] Button hook complete — hooked 0 button(s)
[20:24:48] Button hook complete — hooked 0 button(s)
[20:24:48] Button hook complete — hooked 0 button(s)
[20:24:48] Button hook complete — hooked 0 button(s)
[20:24:48] Button hook complete — hooked 0 button(s)
[20:24:48] Button hook complete — hooked 0 button(s)
[20:24:49] Button hook complete — hooked 0 button(s)
[20:24:49] Button hook complete — hooked 0 button(s)
[20:24:49] Button hook complete — hooked 0 button(s)
[20:24:49] Button hook complete — hooked 0 button(s)
[20:24:49] Button hook complete — hooked 0 button(s)
[20:24:49] Button hook complete — hooked 0 button(s)
[20:24:50] Button hook complete — hooked 0 button(s)
[20:24:50] Button hook complete — hooked 0 button(s)
[20:24:50] Button hook complete — hooked 0 button(s)
[20:24:50] Button hook complete — hooked 0 button(s)
[20:24:50] Button hook complete — hooked 0 button(s)
[20:24:50] Button hook complete — hooked 0 button(s)
[20:24:50] Button hook complete — hooked 0 button(s)
[20:24:51] Button hook complete — hooked 0 button(s)
[20:24:51] Button hook complete — hooked 0 button(s)
[20:24:51] Button hook complete — hooked 0 button(s)
[20:24:51] Button hook complete — hooked 0 button(s)
[20:24:51] Button hook complete — hooked 0 button(s)
[20:24:51] Button hook complete — hooked 0 button(s)
[20:24:52] Button hook complete — hooked 0 button(s)
[20:24:52] Button hook complete — hooked 0 button(s)
[20:24:52] Button hook complete — hooked 0 button(s)
[20:24:52] Button hook complete — hooked 0 button(s)
[20:24:52] Button hook complete — hooked 0 button(s)
[20:24:52] Button hook complete — hooked 0 button(s)
[20:24:53] Button hook complete — hooked 0 button(s)
[20:24:53] Button hook complete — hooked 0 button(s)
[20:24:53] Button hook complete — hooked 0 button(s)
[20:24:53] Button hook complete — hooked 0 button(s)
[20:24:53] Button hook complete — hooked 0 button(s)
[20:24:53] Button hook complete — hooked 0 button(s)
[20:24:54] Button hook complete — hooked 0 button(s)
[20:24:54] Button hook complete — hooked 0 button(s)
[20:24:54] Button hook complete — hooked 0 button(s)
[20:24:54] Button hook complete — hooked 0 button(s)
[20:24:54] Button hook complete — hooked 0 button(s)
[20:24:54] Button hook complete — hooked 0 button(s)
[20:24:55] Button hook complete — hooked 0 button(s)
[20:24:55] Button hook complete — hooked 0 button(s)
[20:24:55] Button hook complete — hooked 0 button(s)
[20:24:55] Button hook complete — hooked 0 button(s)
[20:24:55] Button hook complete — hooked 0 button(s)
[20:24:55] Button hook complete — hooked 0 button(s)
[20:24:56] Button hook complete — hooked 0 button(s)
[20:24:56] Button hook complete — hooked 0 button(s)
[20:24:56] Button hook complete — hooked 0 button(s)
[20:24:56] Button hook complete — hooked 0 button(s)
[20:24:56] Button hook complete — hooked 0 button(s)
[20:24:56] Button hook complete — hooked 0 button(s)
[20:24:57] Button hook complete — hooked 0 button(s)
[20:24:57] Button hook complete — hooked 0 button(s)
[20:24:57] Button hook complete — hooked 0 button(s)
[20:24:57] Button hook complete — hooked 0 button(s)
[20:24:57] Button hook complete — hooked 0 button(s)
[20:24:57] Button hook complete — hooked 0 button(s)
[20:24:58] Button hook complete — hooked 0 button(s)
[20:24:58] Button hook complete — hooked 0 button(s)
[20:24:58] Button hook complete — hooked 0 button(s)
[20:24:58] Button hook complete — hooked 0 button(s)
[20:24:58] Button hook complete — hooked 0 button(s)
[20:24:58] Button hook complete — hooked 0 button(s)
[20:24:59] Button hook complete — hooked 0 button(s)
[20:24:59] Button hook complete — hooked 0 button(s)
[20:24:59] Button hook complete — hooked 0 button(s)
[20:24:59] Button hook complete — hooked 0 button(s)
[20:24:59] Button hook complete — hooked 0 button(s)
[20:24:59] Button hook complete — hooked 0 button(s)
[20:25:00] Button hook complete — hooked 0 button(s)
[20:25:00] Button hook complete — hooked 0 button(s)
[20:25:00] Button hook complete — hooked 0 button(s)
[20:25:00] Button hook complete — hooked 0 button(s)
[20:25:00] Button hook complete — hooked 0 button(s)
[20:25:00] Button hook complete — hooked 0 button(s)
[20:25:01] Button hook complete — hooked 0 button(s)
[20:25:01] Button hook complete — hooked 0 button(s)
[20:25:01] Button hook complete — hooked 0 button(s)
[20:25:01] Button hook complete — hooked 0 button(s)
[20:25:01] Button hook complete — hooked 0 button(s)
[20:25:01] Button hook complete — hooked 0 button(s)
[20:25:02] Button hook complete — hooked 0 button(s)
[20:25:02] Button hook complete — hooked 0 button(s)
[20:25:02] Button hook complete — hooked 0 button(s)
[20:25:02] Button hook complete — hooked 0 button(s)
[20:25:02] Button hook complete — hooked 0 button(s)
[20:25:02] Button hook complete — hooked 0 button(s)
[20:25:03] Button hook complete — hooked 0 button(s)
[20:25:03] Button hook complete — hooked 0 button(s)
[20:25:03] Button hook complete — hooked 0 button(s)
[20:25:03] Button hook complete — hooked 0 button(s)
[20:25:03] Button hook complete — hooked 0 button(s)
[20:25:03] Button hook complete — hooked 0 button(s)
[20:25:04] Button hook complete — hooked 0 button(s)
[20:25:04] Button hook complete — hooked 0 button(s)
[20:25:04] Button hook complete — hooked 0 button(s)
[20:25:04] Button hook complete — hooked 0 button(s)
[20:25:04] Button hook complete — hooked 0 button(s)
[20:25:04] Button hook complete — hooked 0 button(s)
[20:25:05] Button hook complete — hooked 0 button(s)
[20:25:05] Button hook complete — hooked 0 button(s)
[20:25:05] Button hook complete — hooked 0 button(s)
[20:25:05] Button hook complete — hooked 0 button(s)
[20:25:05] Button hook complete — hooked 0 button(s)
[20:25:05] Button hook complete — hooked 0 button(s)
[20:25:06] Button hook complete — hooked 0 button(s)
[20:25:06] Button hook complete — hooked 0 button(s)
[20:25:06] Button hook complete — hooked 0 button(s)
[20:25:06] Button hook complete — hooked 0 button(s)
[20:25:06] Button hook complete — hooked 0 button(s)
[20:25:06] Button hook complete — hooked 0 button(s)
[20:25:07] Button hook complete — hooked 0 button(s)
[20:25:07] Button hook complete — hooked 0 button(s)
[20:25:07] Button hook complete — hooked 0 button(s)
[20:25:07] Button hook complete — hooked 0 button(s)
[20:25:07] Button hook complete — hooked 0 button(s)
[20:25:07] Button hook complete — hooked 0 button(s)
[20:25:07] Button hook complete — hooked 0 button(s)
[20:25:08] Button hook complete — hooked 0 button(s)
[20:25:08] Button hook complete — hooked 0 button(s)
[20:25:08] Button hook complete — hooked 0 button(s)
[20:25:08] Button hook complete — hooked 0 button(s)
[20:25:08] Button hook complete — hooked 0 button(s)
[20:25:08] Button hook complete — hooked 0 button(s)
[20:25:09] Button hook complete — hooked 0 button(s)
[20:25:09] Button hook complete — hooked 0 button(s)
[20:25:09] Button hook complete — hooked 0 button(s)
[20:25:09] Button hook complete — hooked 0 button(s)
[20:25:09] Button hook complete — hooked 0 button(s)
[20:25:09] Button hook complete — hooked 0 button(s)
[20:25:10] Button hook complete — hooked 0 button(s)
[20:25:10] Button hook complete — hooked 0 button(s)
[20:25:10] Button hook complete — hooked 0 button(s)
[20:25:10] Button hook complete — hooked 0 button(s)
[20:25:10] Button hook complete — hooked 0 button(s)
[20:25:10] Button hook complete — hooked 0 button(s)
[20:25:11] Button hook complete — hooked 0 button(s)
[20:25:11] Button hook complete — hooked 0 button(s)
[20:25:11] Button hook complete — hooked 0 button(s)
[20:25:11] Button hook complete — hooked 0 button(s)
[20:25:11] Button hook complete — hooked 0 button(s)
[20:25:11] Button hook complete — hooked 0 button(s)
[20:25:12] Button hook complete — hooked 0 button(s)
[20:25:12] Button hook complete — hooked 0 button(s)
[20:25:12] Button hook complete — hooked 0 button(s)
[20:25:12] Button hook complete — hooked 0 button(s)
[20:25:12] Button hook complete — hooked 0 button(s)
[20:25:12] Button hook complete — hooked 0 button(s)
[20:25:13] Button hook complete — hooked 0 button(s)
[20:25:13] Button hook complete — hooked 0 button(s)
[20:25:13] Button hook complete — hooked 0 button(s)
[20:25:13] Button hook complete — hooked 0 button(s)
[20:25:13] Button hook complete — hooked 0 button(s)
[20:25:13] Button hook complete — hooked 0 button(s)
[20:25:14] Button hook complete — hooked 0 button(s)
[20:25:14] Button hook complete — hooked 0 button(s)
[20:25:14] Button hook complete — hooked 0 button(s)
[20:25:14] Button hook complete — hooked 0 button(s)
[20:25:14] Button hook complete — hooked 0 button(s)
[20:25:14] Button hook complete — hooked 0 button(s)
[20:25:15] Button hook complete — hooked 0 button(s)
[20:25:15] Button hook complete — hooked 0 button(s)
[20:25:15] Button hook complete — hooked 0 button(s)
[20:25:15] Button hook complete — hooked 0 button(s)
[20:25:15] Button hook complete — hooked 0 button(s)
[20:25:15] Button hook complete — hooked 0 button(s)
[20:25:16] Button hook complete — hooked 0 button(s)
[20:25:16] Button hook complete — hooked 0 button(s)
[20:25:16] Button hook complete — hooked 0 button(s)
[20:25:16] Button hook complete — hooked 0 button(s)
[20:25:16] Button hook complete — hooked 0 button(s)
[20:25:16] Button hook complete — hooked 0 button(s)
[20:25:17] Button hook complete — hooked 0 button(s)
[20:25:17] Button hook complete — hooked 0 button(s)
[20:25:17] Button hook complete — hooked 0 button(s)
[20:25:17] Button hook complete — hooked 0 button(s)
[20:25:17] Button hook complete — hooked 0 button(s)
[20:25:17] Button hook complete — hooked 0 button(s)
[20:25:17] Button hook complete — hooked 0 button(s)
[20:25:18] Button hook complete — hooked 0 button(s)
[20:25:18] Button hook complete — hooked 0 button(s)
[20:25:18] Button hook complete — hooked 0 button(s)
[20:25:18] Button hook complete — hooked 0 button(s)
[20:25:18] Button hook complete — hooked 0 button(s)
[20:25:18] Button hook complete — hooked 0 button(s)
[20:25:19] Button hook complete — hooked 0 button(s)
[20:25:19] Button hook complete — hooked 0 button(s)
[20:25:19] Button hook complete — hooked 0 button(s)
[20:25:19] Button hook complete — hooked 0 button(s)
[20:25:19] Button hook complete — hooked 0 button(s)
[20:25:19] Button hook complete — hooked 0 button(s)
[20:25:20] Button hook complete — hooked 0 button(s)
[20:25:20] Button hook complete — hooked 0 button(s)
[20:25:20] Button hook complete — hooked 0 button(s)
[20:25:20] Button hook complete — hooked 0 button(s)
[20:25:20] Button hook complete — hooked 0 button(s)
[20:25:20] Button hook complete — hooked 0 button(s)
[20:25:21] Button hook complete — hooked 0 button(s)
[20:25:21] Button hook complete — hooked 0 button(s)
[20:25:21] Button hook complete — hooked 0 button(s)
[20:25:21] Button hook complete — hooked 0 button(s)
[20:25:21] Button hook complete — hooked 0 button(s)
[20:25:21] Button hook complete — hooked 0 button(s)
[20:25:22] Button hook complete — hooked 0 button(s)
[20:25:22] Button hook complete — hooked 0 button(s)
[20:25:22] Button hook complete — hooked 0 button(s)
[20:25:22] Button hook complete — hooked 0 button(s)
[20:25:22] Button hook complete — hooked 0 button(s)
[20:25:22] Button hook complete — hooked 0 button(s)
[20:25:23] Button hook complete — hooked 0 button(s)
[20:25:23] Button hook complete — hooked 0 button(s)
[20:25:23] Button hook complete — hooked 0 button(s)
[20:25:23] Button hook complete — hooked 0 button(s)
[20:25:23] Button hook complete — hooked 0 button(s)
[20:25:23] Button hook complete — hooked 0 button(s)
[20:25:24] Button hook complete — hooked 0 button(s)
[20:25:24] Button hook complete — hooked 0 button(s)
[20:25:24] Button hook complete — hooked 0 button(s)
[20:25:24] Button hook complete — hooked 0 button(s)
[20:25:24] Button hook complete — hooked 0 button(s)
[20:25:24] Button hook complete — hooked 0 button(s)
[20:25:24] Button hook complete — hooked 0 button(s)
[20:25:25] Button hook complete — hooked 0 button(s)
[20:25:25] Button hook complete — hooked 0 button(s)
[20:25:25] Button hook complete — hooked 0 button(s)
[20:25:25] Button hook complete — hooked 0 button(s)
[20:25:25] Button hook complete — hooked 0 button(s)
[20:25:25] Button hook complete — hooked 0 button(s)
[20:25:26] Button hook complete — hooked 0 button(s)
[20:25:26] Button hook complete — hooked 0 button(s)
[20:25:26] Button hook complete — hooked 0 button(s)
[20:25:26] Button hook complete — hooked 0 button(s)
[20:25:26] Button hook complete — hooked 0 button(s)
[20:25:26] Button hook complete — hooked 0 button(s)
[20:25:27] Button hook complete — hooked 0 button(s)
[20:25:27] Button hook complete — hooked 0 button(s)
[20:25:27] Button hook complete — hooked 0 button(s)
[20:25:27] Button hook complete — hooked 0 button(s)
[20:25:27] Button hook complete — hooked 0 button(s)
[20:25:27] Button hook complete — hooked 0 button(s)
[20:25:28] Button hook complete — hooked 0 button(s)
[20:25:28] Button hook complete — hooked 0 button(s)
[20:25:28] Button hook complete — hooked 0 button(s)
[20:25:28] Button hook complete — hooked 0 button(s)
[20:25:28] Button hook complete — hooked 0 button(s)
[20:25:28] Button hook complete — hooked 0 button(s)
[20:25:29] Button hook complete — hooked 0 button(s)
[20:25:29] Button hook complete — hooked 0 button(s)
[20:25:29] Button hook complete — hooked 0 button(s)
[20:25:29] Button hook complete — hooked 0 button(s)
[20:25:29] Button hook complete — hooked 0 button(s)
[20:25:29] Button hook complete — hooked 0 button(s)
[20:25:30] Button hook complete — hooked 0 button(s)
[20:25:30] Button hook complete — hooked 0 button(s)
[20:25:30] Button hook complete — hooked 0 button(s)
[20:25:30] Button hook complete — hooked 0 button(s)
[20:25:30] Button hook complete — hooked 0 button(s)
[20:25:30] Button hook complete — hooked 0 button(s)
[20:25:31] Button hook complete — hooked 0 button(s)
[20:25:31] Button hook complete — hooked 0 button(s)
[20:25:31] Button hook complete — hooked 0 button(s)
[20:25:31] Button hook complete — hooked 0 button(s)
[20:25:31] Button hook complete — hooked 0 button(s)
[20:25:31] Button hook complete — hooked 0 button(s)
[20:25:32] Button hook complete — hooked 0 button(s)
[20:25:32] Button hook complete — hooked 0 button(s)
[20:25:32] Button hook complete — hooked 0 button(s)
[20:25:32] Button hook complete — hooked 0 button(s)
[20:25:32] Button hook complete — hooked 0 button(s)
[20:25:32] Button hook complete — hooked 0 button(s)
[20:25:33] Button hook complete — hooked 0 button(s)
[20:25:33] Button hook complete — hooked 0 button(s)
[20:25:33] Button hook complete — hooked 0 button(s)
[20:25:33] Button hook complete — hooked 0 button(s)
[20:25:33] Button hook complete — hooked 0 button(s)
[20:25:33] Button hook complete — hooked 0 button(s)
[20:25:34] Button hook complete — hooked 0 button(s)
[20:25:34] Button hook complete — hooked 0 button(s)
[20:25:34] Button hook complete — hooked 0 button(s)
[20:25:34] Button hook complete — hooked 0 button(s)
[20:25:34] Button hook complete — hooked 0 button(s)
[20:25:34] Button hook complete — hooked 0 button(s)
[20:25:35] Button hook complete — hooked 0 button(s)
[20:25:35] Button hook complete — hooked 0 button(s)
[20:25:35] Button hook complete — hooked 0 button(s)
[20:25:35] Button hook complete — hooked 0 button(s)
[20:25:35] Button hook complete — hooked 0 button(s)
[20:25:35] Button hook complete — hooked 0 button(s)
[20:25:36] Button hook complete — hooked 0 button(s)
[20:25:36] Button hook complete — hooked 0 button(s)
[20:25:36] Button hook complete — hooked 0 button(s)
[20:25:36] Button hook complete — hooked 0 button(s)
[20:25:36] Button hook complete — hooked 0 button(s)
[20:25:36] Button hook complete — hooked 0 button(s)
[20:25:37] Button hook complete — hooked 0 button(s)
[20:25:37] Button hook complete — hooked 0 button(s)
[20:25:37] Button hook complete — hooked 0 button(s)
[20:25:37] Button hook complete — hooked 0 button(s)
[20:25:37] Button hook complete — hooked 0 button(s)
[20:25:37] Button hook complete — hooked 0 button(s)
[20:25:38] Button hook complete — hooked 0 button(s)
[20:25:38] Button hook complete — hooked 0 button(s)
[20:25:38] Button hook complete — hooked 0 button(s)
[20:25:38] Button hook complete — hooked 0 button(s)
[20:25:38] Button hook complete — hooked 0 button(s)
[20:25:38] Button hook complete — hooked 0 button(s)
[20:25:39] Button hook complete — hooked 0 button(s)
[20:25:39] Button hook complete — hooked 0 button(s)
[20:25:39] Button hook complete — hooked 0 button(s)
[20:25:39] Button hook complete — hooked 0 button(s)
[20:25:39] Button hook complete — hooked 0 button(s)
[20:25:39] Button hook complete — hooked 0 button(s)
[20:25:40] Button hook complete — hooked 0 button(s)
[20:25:40] Button hook complete — hooked 0 button(s)
[20:25:40] Button hook complete — hooked 0 button(s)
[20:25:40] Button hook complete — hooked 0 button(s)
[20:25:40] Button hook complete — hooked 0 button(s)
[20:25:40] Button hook complete — hooked 0 button(s)
[20:25:41] Button hook complete — hooked 0 button(s)
[20:25:41] Button hook complete — hooked 0 button(s)
[20:25:41] Button hook complete — hooked 0 button(s)
[20:25:41] Button hook complete — hooked 0 button(s)
[20:25:41] Button hook complete — hooked 0 button(s)
[20:25:41] Button hook complete — hooked 0 button(s)
[20:25:42] Button hook complete — hooked 0 button(s)
[20:25:42] Button hook complete — hooked 0 button(s)
[20:25:42] Button hook complete — hooked 0 button(s)
[20:25:42] Button hook complete — hooked 0 button(s)
[20:25:42] Button hook complete — hooked 0 button(s)
[20:25:42] Button hook complete — hooked 0 button(s)
[20:25:43] Button hook complete — hooked 0 button(s)
[20:25:43] Button hook complete — hooked 0 button(s)
[20:25:43] Button hook complete — hooked 0 button(s)
[20:25:43] Button hook complete — hooked 0 button(s)
[20:25:43] Button hook complete — hooked 0 button(s)
[20:25:43] Button hook complete — hooked 0 button(s)
[20:25:44] Button hook complete — hooked 0 button(s)
[20:25:44] Button hook complete — hooked 0 button(s)
[20:25:44] Button hook complete — hooked 0 button(s)
[20:25:44] Button hook complete — hooked 0 button(s)
[20:25:44] Button hook complete — hooked 0 button(s)
[20:25:44] Button hook complete — hooked 0 button(s)
[20:25:44] Button hook complete — hooked 0 button(s)
[20:25:45] Button hook complete — hooked 0 button(s)
[20:25:45] Button hook complete — hooked 0 button(s)
[20:25:45] Button hook complete — hooked 0 button(s)
[20:25:45] Button hook complete — hooked 0 button(s)
[20:25:45] Button hook complete — hooked 0 button(s)
[20:25:45] Button hook complete — hooked 0 button(s)
[20:25:46] Button hook complete — hooked 0 button(s)
[20:25:46] Button hook complete — hooked 0 button(s)
[20:25:46] Button hook complete — hooked 0 button(s)
[20:25:46] Button hook complete — hooked 0 button(s)
[20:25:46] Button hook complete — hooked 0 button(s)
[20:25:46] Button hook complete — hooked 0 button(s)
[20:25:47] Button hook complete — hooked 0 button(s)
[20:25:47] Button hook complete — hooked 0 button(s)
[20:25:47] Button hook complete — hooked 0 button(s)
[20:25:47] Button hook complete — hooked 0 button(s)
[20:25:47] Button hook complete — hooked 0 button(s)
[20:25:47] Button hook complete — hooked 0 button(s)
[20:25:48] Button hook complete — hooked 0 button(s)
[20:25:48] Button hook complete — hooked 0 button(s)
[20:25:48] Button hook complete — hooked 0 button(s)
[20:25:48] Button hook complete — hooked 0 button(s)
[20:25:48] Button hook complete — hooked 0 button(s)
[20:25:48] Button hook complete — hooked 0 button(s)
[20:25:49] Button hook complete — hooked 0 button(s)
[20:25:49] Button hook complete — hooked 0 button(s)
[20:25:49] Button hook complete — hooked 0 button(s)
[20:25:49] Button hook complete — hooked 0 button(s)
[20:25:49] Button hook complete — hooked 0 button(s)
[20:25:49] Button hook complete — hooked 0 button(s)
[20:25:50] Button hook complete — hooked 0 button(s)
[20:25:50] Button hook complete — hooked 0 button(s)
[20:25:50] Button hook complete — hooked 0 button(s)
[20:25:50] Button hook complete — hooked 0 button(s)
[20:25:50] Button hook complete — hooked 0 button(s)
[20:25:50] Button hook complete — hooked 0 button(s)
[20:25:51] Button hook complete — hooked 0 button(s)
[20:25:51] Button hook complete — hooked 0 button(s)
[20:25:51] Button hook complete — hooked 0 button(s)
[20:25:51] Button hook complete — hooked 0 button(s)
[20:25:51] Button hook complete — hooked 0 button(s)
[20:25:51] Button hook complete — hooked 0 button(s)
[20:25:52] Button hook complete — hooked 0 button(s)
[20:25:52] Button hook complete — hooked 0 button(s)
[20:25:52] Button hook complete — hooked 0 button(s)
[20:25:52] Button hook complete — hooked 0 button(s)
[20:25:52] Button hook complete — hooked 0 button(s)
[20:25:52] Button hook complete — hooked 0 button(s)
[20:25:53] Button hook complete — hooked 0 button(s)
[20:25:53] Button hook complete — hooked 0 button(s)
[20:25:53] Button hook complete — hooked 0 button(s)
[20:25:53] Button hook complete — hooked 0 button(s)
[20:25:53] Button hook complete — hooked 0 button(s)
[20:25:53] Button hook complete — hooked 0 button(s)
[20:25:54] Button hook complete — hooked 0 button(s)
[20:25:54] Button hook complete — hooked 0 button(s)
[20:25:54] Button hook complete — hooked 0 button(s)
[20:25:54] Button hook complete — hooked 0 button(s)
[20:25:54] Button hook complete — hooked 0 button(s)
[20:25:54] Button hook complete — hooked 0 button(s)
[20:25:55] Button hook complete — hooked 0 button(s)
[20:25:55] Button hook complete — hooked 0 button(s)
[20:25:55] Button hook complete — hooked 0 button(s)
[20:25:55] Button hook complete — hooked 0 button(s)
[20:25:55] Button hook complete — hooked 0 button(s)
[20:25:55] Button hook complete — hooked 0 button(s)
[20:25:56] Button hook complete — hooked 0 button(s)
[20:25:56] Button hook complete — hooked 0 button(s)
[20:25:56] Button hook complete — hooked 0 button(s)
[20:25:56] Button hook complete — hooked 0 button(s)
[20:25:56] Button hook complete — hooked 0 button(s)
[20:25:56] Button hook complete — hooked 0 button(s)
[20:25:57] Button hook complete — hooked 0 button(s)
[20:25:57] Button hook complete — hooked 0 button(s)
[20:25:57] Button hook complete — hooked 0 button(s)
[20:25:57] Button hook complete — hooked 0 button(s)
[20:25:57] Button hook complete — hooked 0 button(s)
[20:25:57] Button hook complete — hooked 0 button(s)
[20:25:58] Button hook complete — hooked 0 button(s)
[20:25:58] Button hook complete — hooked 0 button(s)
[20:25:58] Button hook complete — hooked 0 button(s)
[20:25:58] Button hook complete — hooked 0 button(s)
[20:25:58] Button hook complete — hooked 0 button(s)
[20:25:58] Button hook complete — hooked 0 button(s)
[20:25:58] Button hook complete — hooked 0 button(s)
[20:25:59] Button hook complete — hooked 0 button(s)
[20:25:59] Button hook complete — hooked 0 button(s)
[20:25:59] Button hook complete — hooked 0 button(s)
[20:25:59] Button hook complete — hooked 0 button(s)
[20:25:59] Button hook complete — hooked 0 button(s)
[20:25:59] Button hook complete — hooked 0 button(s)
[20:26:00] Button hook complete — hooked 0 button(s)
[20:26:00] Button hook complete — hooked 0 button(s)
[20:26:00] Button hook complete — hooked 0 button(s)
[20:26:00] Button hook complete — hooked 0 button(s)
[20:26:00] Button hook complete — hooked 0 button(s)
[20:26:00] Button hook complete — hooked 0 button(s)
[20:26:01] Button hook complete — hooked 0 button(s)
[20:26:01] Button hook complete — hooked 0 button(s)
[20:26:01] Button hook complete — hooked 0 button(s)
[20:26:01] Button hook complete — hooked 0 button(s)
[20:26:01] Button hook complete — hooked 0 button(s)
[20:26:01] Button hook complete — hooked 0 button(s)
[20:26:02] Button hook complete — hooked 0 button(s)
[20:26:02] Button hook complete — hooked 0 button(s)
[20:26:02] Button hook complete — hooked 0 button(s)
[20:26:02] Button hook complete — hooked 0 button(s)
[20:26:02] Button hook complete — hooked 0 button(s)
[20:26:02] Button hook complete — hooked 0 button(s)
[20:26:03] Button hook complete — hooked 0 button(s)
[20:26:03] Button hook complete — hooked 0 button(s)
[20:26:03] Button hook complete — hooked 0 button(s)
[20:26:03] Button hook complete — hooked 0 button(s)
[20:26:03] Button hook complete — hooked 0 button(s)
[20:26:03] Button hook complete — hooked 0 button(s)
[20:26:04] Button hook complete — hooked 0 button(s)
[20:26:04] Button hook complete — hooked 0 button(s)
[20:26:04] Button hook complete — hooked 0 button(s)
[20:26:04] Button hook complete — hooked 0 button(s)
[20:26:04] Button hook complete — hooked 0 button(s)
[20:26:04] Button hook complete — hooked 0 button(s)
[20:26:05] Button hook complete — hooked 0 button(s)
[20:26:05] Button hook complete — hooked 0 button(s)
[20:26:05] Button hook complete — hooked 0 button(s)
[20:26:05] Button hook complete — hooked 0 button(s)
[20:26:05] Button hook complete — hooked 0 button(s)
[20:26:05] Button hook complete — hooked 0 button(s)
[20:26:05] Button hook complete — hooked 0 button(s)
[20:26:06] Button hook complete — hooked 0 button(s)
[20:26:06] Button hook complete — hooked 0 button(s)
[20:26:06] Button hook complete — hooked 0 button(s)
[20:26:06] Button hook complete — hooked 0 button(s)
[20:26:06] Button hook complete — hooked 0 button(s)
[20:26:06] Button hook complete — hooked 0 button(s)
[20:26:07] Button hook complete — hooked 0 button(s)
[20:26:07] Button hook complete — hooked 0 button(s)
[20:26:07] Button hook complete — hooked 0 button(s)
[20:26:07] Button hook complete — hooked 0 button(s)
[20:26:07] Button hook complete — hooked 0 button(s)
[20:26:07] Button hook complete — hooked 0 button(s)
[20:26:08] Button hook complete — hooked 0 button(s)
[20:26:08] Button hook complete — hooked 0 button(s)
[20:26:08] Button hook complete — hooked 0 button(s)
[20:26:08] Button hook complete — hooked 0 button(s)
[20:26:08] Button hook complete — hooked 0 button(s)
[20:26:08] Button hook complete — hooked 0 button(s)
[20:26:09] Button hook complete — hooked 0 button(s)
[20:26:09] Button hook complete — hooked 0 button(s)
[20:26:09] Button hook complete — hooked 0 button(s)
[20:26:09] Button hook complete — hooked 0 button(s)
[20:26:09] Button hook complete — hooked 0 button(s)
[20:26:09] Button hook complete — hooked 0 button(s)
[20:26:10] Button hook complete — hooked 0 button(s)
[20:26:10] Button hook complete — hooked 0 button(s)
[20:26:10] Button hook complete — hooked 0 button(s)
[20:26:10] Button hook complete — hooked 0 button(s)
[20:26:10] Button hook complete — hooked 0 button(s)
[20:26:10] Button hook complete — hooked 0 button(s)
[20:26:11] Button hook complete — hooked 0 button(s)
[20:26:11] Button hook complete — hooked 0 button(s)
[20:26:11] Button hook complete — hooked 0 button(s)
[20:26:11] Button hook complete — hooked 0 button(s)
[20:26:11] Button hook complete — hooked 0 button(s)
[20:26:11] Button hook complete — hooked 0 button(s)
[20:26:12] Button hook complete — hooked 0 button(s)
[20:26:12] Button hook complete — hooked 0 button(s)
[20:26:12] Button hook complete — hooked 0 button(s)
[20:26:12] Button hook complete — hooked 0 button(s)
[20:26:12] Button hook complete — hooked 0 button(s)
[20:26:12] Button hook complete — hooked 0 button(s)
[20:26:13] Button hook complete — hooked 0 button(s)
[20:26:13] Button hook complete — hooked 0 button(s)
[20:26:13] Button hook complete — hooked 0 button(s)
[20:26:13] Button hook complete — hooked 0 button(s)
[20:26:13] Button hook complete — hooked 0 button(s)
[20:26:13] Button hook complete — hooked 0 button(s)
[20:26:14] Button hook complete — hooked 0 button(s)
[20:26:14] Button hook complete — hooked 0 button(s)
[20:26:14] Button hook complete — hooked 0 button(s)
[20:26:14] Button hook complete — hooked 0 button(s)
[20:26:14] Button hook complete — hooked 0 button(s)
[20:26:14] Button hook complete — hooked 0 button(s)
[20:26:15] Button hook complete — hooked 0 button(s)
[20:26:15] Button hook complete — hooked 0 button(s)
[20:26:15] Button hook complete — hooked 0 button(s)
[20:26:15] Button hook complete — hooked 0 button(s)
[20:26:15] Button hook complete — hooked 0 button(s)
[20:26:15] Button hook complete — hooked 0 button(s)
[20:26:16] Button hook complete — hooked 0 button(s)
[20:26:16] Button hook complete — hooked 0 button(s)
[20:26:16] Button hook complete — hooked 0 button(s)
[20:26:16] Button hook complete — hooked 0 button(s)
[20:26:16] Button hook complete — hooked 0 button(s)
[20:26:16] Button hook complete — hooked 0 button(s)
[20:26:17] Button hook complete — hooked 0 button(s)
[20:26:17] Button hook complete — hooked 0 button(s)
[20:26:17] Button hook complete — hooked 0 button(s)
[20:26:17] Button hook complete — hooked 0 button(s)
[20:26:17] Button hook complete — hooked 0 button(s)
[20:26:17] Button hook complete — hooked 0 button(s)
[20:26:17] Button hook complete — hooked 0 button(s)
[20:26:18] Button hook complete — hooked 0 button(s)
[20:26:18] Button hook complete — hooked 0 button(s)
[20:26:18] Button hook complete — hooked 0 button(s)
[20:26:18] Button hook complete — hooked 0 button(s)
[20:26:18] Button hook complete — hooked 0 button(s)
[20:26:18] Button hook complete — hooked 0 button(s)
[20:26:19] Button hook complete — hooked 0 button(s)
[20:26:19] Button hook complete — hooked 0 button(s)
[20:26:19] Button hook complete — hooked 0 button(s)
[20:26:19] Button hook complete — hooked 0 button(s)
[20:26:19] Button hook complete — hooked 0 button(s)
[20:26:19] Button hook complete — hooked 0 button(s)
[20:26:20] Button hook complete — hooked 0 button(s)
[20:26:20] Button hook complete — hooked 0 button(s)
[20:26:20] Button hook complete — hooked 0 button(s)
[20:26:20] Button hook complete — hooked 0 button(s)
[20:26:20] Button hook complete — hooked 0 button(s)
[20:26:20] Button hook complete — hooked 0 button(s)
[20:26:21] Button hook complete — hooked 0 button(s)
[20:26:21] Button hook complete — hooked 0 button(s)
[20:26:21] Button hook complete — hooked 0 button(s)
[20:26:21] Button hook complete — hooked 0 button(s)
[20:26:21] Button hook complete — hooked 0 button(s)
[20:26:21] Button hook complete — hooked 0 button(s)
[20:26:22] Button hook complete — hooked 0 button(s)
[20:26:22] Button hook complete — hooked 0 button(s)
[20:26:22] Button hook complete — hooked 0 button(s)
[20:26:22] Button hook complete — hooked 0 button(s)
[20:26:22] Button hook complete — hooked 0 button(s)
[20:26:22] Button hook complete — hooked 0 button(s)
[20:26:23] Button hook complete — hooked 0 button(s)
[20:26:23] Button hook complete — hooked 0 button(s)
[20:26:23] Button hook complete — hooked 0 button(s)
[20:26:23] Button hook complete — hooked 0 button(s)
[20:26:23] Button hook complete — hooked 0 button(s)
[20:26:23] Button hook complete — hooked 0 button(s)
[20:26:24] Button hook complete — hooked 0 button(s)
[20:26:24] Button hook complete — hooked 0 button(s)
[20:26:24] Button hook complete — hooked 0 button(s)
[20:26:24] Button hook complete — hooked 0 button(s)
[20:26:24] Button hook complete — hooked 0 button(s)
[20:26:24] Button hook complete — hooked 0 button(s)
[20:26:25] Button hook complete — hooked 0 button(s)
[20:26:25] Button hook complete — hooked 0 button(s)
[20:26:25] Button hook complete — hooked 0 button(s)
[20:26:25] Button hook complete — hooked 0 button(s)
[20:26:25] Button hook complete — hooked 0 button(s)
[20:26:25] Button hook complete — hooked 0 button(s)
[20:26:25] Button hook complete — hooked 0 button(s)
[20:26:26] Button hook complete — hooked 0 button(s)
[20:26:26] Button hook complete — hooked 0 button(s)
[20:26:26] Button hook complete — hooked 0 button(s)
[20:26:26] Button hook complete — hooked 0 button(s)
[20:26:26] Button hook complete — hooked 0 button(s)
[20:26:26] Button hook complete — hooked 0 button(s)
[20:26:27] Button hook complete — hooked 0 button(s)
[20:26:27] Button hook complete — hooked 0 button(s)
[20:26:27] Button hook complete — hooked 0 button(s)
[20:26:27] Button hook complete — hooked 0 button(s)
[20:26:27] Button hook complete — hooked 0 button(s)
[20:26:27] Button hook complete — hooked 0 button(s)
[20:26:28] Button hook complete — hooked 0 button(s)
[20:26:28] Button hook complete — hooked 0 button(s)
[20:26:28] Button hook complete — hooked 0 button(s)
[20:26:28] Button hook complete — hooked 0 button(s)
[20:26:28] Button hook complete — hooked 0 button(s)
[20:26:28] Button hook complete — hooked 0 button(s)
[20:26:29] Button hook complete — hooked 0 button(s)
[20:26:29] Button hook complete — hooked 0 button(s)
[20:26:29] Button hook complete — hooked 0 button(s)
[20:26:29] Button hook complete — hooked 0 button(s)
[20:26:29] Button hook complete — hooked 0 button(s)
[20:26:29] Button hook complete — hooked 0 button(s)
[20:26:30] Button hook complete — hooked 0 button(s)
[20:26:30] Button hook complete — hooked 0 button(s)
[20:26:30] Button hook complete — hooked 0 button(s)
[20:26:30] Button hook complete — hooked 0 button(s)
[20:26:30] Button hook complete — hooked 0 button(s)
[20:26:30] Button hook complete — hooked 0 button(s)
[20:26:31] Button hook complete — hooked 0 button(s)
[20:26:31] Button hook complete — hooked 0 button(s)
[20:26:31] Button hook complete — hooked 0 button(s)
[20:26:31] Button hook complete — hooked 0 button(s)
[20:26:31] Button hook complete — hooked 0 button(s)
[20:26:31] Button hook complete — hooked 0 button(s)
[20:26:32] Button hook complete — hooked 0 button(s)
[20:26:32] Button hook complete — hooked 0 button(s)
[20:26:32] Button hook complete — hooked 0 button(s)
[20:26:32] Button hook complete — hooked 0 button(s)
[20:26:32] Button hook complete — hooked 0 button(s)
[20:26:32] Button hook complete — hooked 0 button(s)
[20:26:33] Button hook complete — hooked 0 button(s)
[20:26:33] Button hook complete — hooked 0 button(s)
[20:26:33] Button hook complete — hooked 0 button(s)
[20:26:33] Button hook complete — hooked 0 button(s)
[20:26:33] Button hook complete — hooked 0 button(s)
[20:26:33] Button hook complete — hooked 0 button(s)
[20:26:34] Button hook complete — hooked 0 button(s)
[20:26:34] Button hook complete — hooked 0 button(s)
[20:26:34] Button hook complete — hooked 0 button(s)
[20:26:34] Button hook complete — hooked 0 button(s)
[20:26:34] Button hook complete — hooked 0 button(s)
[20:26:34] Button hook complete — hooked 0 button(s)
[20:26:35] Button hook complete — hooked 0 button(s)
[20:26:35] Button hook complete — hooked 0 button(s)
[20:26:35] Button hook complete — hooked 0 button(s)
[20:26:35] Button hook complete — hooked 0 button(s)
[20:26:35] Button hook complete — hooked 0 button(s)
[20:26:35] Button hook complete — hooked 0 button(s)
[20:26:36] Button hook complete — hooked 0 button(s)
[20:26:36] Button hook complete — hooked 0 button(s)
[20:26:36] Button hook complete — hooked 0 button(s)
[20:26:36] Button hook complete — hooked 0 button(s)
[20:26:36] Button hook complete — hooked 0 button(s)
[20:26:36] Button hook complete — hooked 0 button(s)
[20:26:37] Button hook complete — hooked 0 button(s)
[20:26:37] Button hook complete — hooked 0 button(s)
[20:26:37] Button hook complete — hooked 0 button(s)
[20:26:37] Button hook complete — hooked 0 button(s)
[20:26:37] Button hook complete — hooked 0 button(s)
[20:26:37] Button hook complete — hooked 0 button(s)
[20:26:38] Button hook complete — hooked 0 button(s)
[20:26:38] Button hook complete — hooked 0 button(s)
[20:26:38] Button hook complete — hooked 0 button(s)
[20:26:38] Button hook complete — hooked 0 button(s)
[20:26:38] Button hook complete — hooked 0 button(s)
[20:26:38] Button hook complete — hooked 0 button(s)
[20:26:39] Button hook complete — hooked 0 button(s)
[20:26:39] Button hook complete — hooked 0 button(s)
[20:26:39] Button hook complete — hooked 0 button(s)
[20:26:39] Button hook complete — hooked 0 button(s)
[20:26:39] Button hook complete — hooked 0 button(s)
[20:26:39] Button hook complete — hooked 0 button(s)
[20:26:39] Button hook complete — hooked 0 button(s)
[20:26:40] Button hook complete — hooked 0 button(s)
[20:26:40] Button hook complete — hooked 0 button(s)
[20:26:40] Button hook complete — hooked 0 button(s)
[20:26:40] Button hook complete — hooked 0 button(s)
[20:26:40] Button hook complete — hooked 0 button(s)
[20:26:40] Button hook complete — hooked 0 button(s)
[20:26:41] Button hook complete — hooked 0 button(s)
[20:26:41] Button hook complete — hooked 0 button(s)
[20:26:41] Button hook complete — hooked 0 button(s)
[20:26:41] Button hook complete — hooked 0 button(s)
[20:26:41] Button hook complete — hooked 0 button(s)
[20:26:41] Button hook complete — hooked 0 button(s)
[20:26:42] Button hook complete — hooked 0 button(s)
[20:26:42] Button hook complete — hooked 0 button(s)
[20:26:42] Button hook complete — hooked 0 button(s)
[20:26:42] Button hook complete — hooked 0 button(s)
[20:26:42] Button hook complete — hooked 0 button(s)
[20:26:42] Button hook complete — hooked 0 button(s)
[20:26:43] Button hook complete — hooked 0 button(s)
[20:26:43] Button hook complete — hooked 0 button(s)
[20:26:43] Button hook complete — hooked 0 button(s)
[20:26:43] Button hook complete — hooked 0 button(s)
[20:26:43] Button hook complete — hooked 0 button(s)
[20:26:43] Button hook complete — hooked 0 button(s)
[20:26:44] Button hook complete — hooked 0 button(s)
[20:26:44] Button hook complete — hooked 0 button(s)
[20:26:44] Button hook complete — hooked 0 button(s)
[20:26:44] Button hook complete — hooked 0 button(s)
[20:26:44] Button hook complete — hooked 0 button(s)
[20:26:44] Button hook complete — hooked 0 button(s)
[20:26:45] Button hook complete — hooked 0 button(s)
[20:26:45] Button hook complete — hooked 0 button(s)
[20:26:45] Button hook complete — hooked 0 button(s)
[20:26:45] Button hook complete — hooked 0 button(s)
[20:26:45] Button hook complete — hooked 0 button(s)
[20:26:45] Button hook complete — hooked 0 button(s)
[20:26:45] Button hook complete — hooked 0 button(s)
[20:26:46] Button hook complete — hooked 0 button(s)
[20:26:46] Button hook complete — hooked 0 button(s)
[20:26:46] Button hook complete — hooked 0 button(s)
[20:26:46] Button hook complete — hooked 0 button(s)
[20:26:46] Button hook complete — hooked 0 button(s)
[20:26:46] Button hook complete — hooked 0 button(s)
[20:26:47] Button hook complete — hooked 0 button(s)
[20:26:47] Button hook complete — hooked 0 button(s)
[20:26:47] Button hook complete — hooked 0 button(s)
[20:26:47] Button hook complete — hooked 0 button(s)
[20:26:47] Button hook complete — hooked 0 button(s)
[20:26:47] Button hook complete — hooked 0 button(s)
[20:26:48] Button hook complete — hooked 0 button(s)
[20:26:48] Button hook complete — hooked 0 button(s)
[20:26:48] Button hook complete — hooked 0 button(s)
[20:26:48] Button hook complete — hooked 0 button(s)
[20:26:48] Button hook complete — hooked 0 button(s)
[20:26:48] Button hook complete — hooked 0 button(s)
[20:26:49] Button hook complete — hooked 0 button(s)
[20:26:49] Button hook complete — hooked 0 button(s)
[20:26:49] Button hook complete — hooked 0 button(s)
[20:26:49] Button hook complete — hooked 0 button(s)
[20:26:49] Button hook complete — hooked 0 button(s)
[20:26:49] Button hook complete — hooked 0 button(s)
[20:26:50] Button hook complete — hooked 0 button(s)
[20:26:50] Button hook complete — hooked 0 button(s)
[20:26:50] Button hook complete — hooked 0 button(s)
[20:26:50] Button hook complete — hooked 0 button(s)
[20:26:50] Button hook complete — hooked 0 button(s)
[20:26:50] Button hook complete — hooked 0 button(s)
[20:26:51] Button hook complete — hooked 0 button(s)
[20:26:51] Button hook complete — hooked 0 button(s)
[20:26:51] Button hook complete — hooked 0 button(s)
[20:26:51] Button hook complete — hooked 0 button(s)
[20:26:51] Button hook complete — hooked 0 button(s)
[20:26:51] Button hook complete — hooked 0 button(s)
[20:26:52] Button hook complete — hooked 0 button(s)
[20:26:52] Button hook complete — hooked 0 button(s)
[20:26:52] Button hook complete — hooked 0 button(s)
[20:26:52] Button hook complete — hooked 0 button(s)
[20:26:52] Button hook complete — hooked 0 button(s)
[20:26:52] Button hook complete — hooked 0 button(s)
[20:26:53] Button hook complete — hooked 0 button(s)
[20:26:53] Button hook complete — hooked 0 button(s)
[20:26:53] Button hook complete — hooked 0 button(s)
[20:26:53] Button hook complete — hooked 0 button(s)
[20:26:53] Button hook complete — hooked 0 button(s)
[20:26:53] Button hook complete — hooked 0 button(s)
[20:26:54] Button hook complete — hooked 0 button(s)
[20:26:54] Button hook complete — hooked 0 button(s)
[20:26:54] Button hook complete — hooked 0 button(s)
[20:26:54] Button hook complete — hooked 0 button(s)
[20:26:54] Button hook complete — hooked 0 button(s)
[20:26:54] Button hook complete — hooked 0 button(s)
[20:26:55] Button hook complete — hooked 0 button(s)
[20:26:55] Button hook complete — hooked 0 button(s)
[20:26:55] Button hook complete — hooked 0 button(s)
[20:26:55] Button hook complete — hooked 0 button(s)
[20:26:55] Button hook complete — hooked 0 button(s)
[20:26:55] Button hook complete — hooked 0 button(s)
[20:26:55] Button hook complete — hooked 0 button(s)
[20:26:56] Button hook complete — hooked 0 button(s)
[20:26:56] Button hook complete — hooked 0 button(s)
[20:26:56] Button hook complete — hooked 0 button(s)
[20:26:56] Button hook complete — hooked 0 button(s)
[20:26:56] Button hook complete — hooked 0 button(s)
[20:26:56] Button hook complete — hooked 0 button(s)
[20:26:57] Button hook complete — hooked 0 button(s)
[20:26:57] Button hook complete — hooked 0 button(s)
[20:26:57] Button hook complete — hooked 0 button(s)
[20:26:57] Button hook complete — hooked 0 button(s)
[20:26:57] Button hook complete — hooked 0 button(s)
[20:26:57] Button hook complete — hooked 0 button(s)
[20:26:58] Button hook complete — hooked 0 button(s)
[20:26:58] Button hook complete — hooked 0 button(s)
[20:26:58] Button hook complete — hooked 0 button(s)
[20:26:58] Button hook complete — hooked 0 button(s)
[20:26:58] Button hook complete — hooked 0 button(s)
[20:26:58] Button hook complete — hooked 0 button(s)
[20:26:59] Button hook complete — hooked 0 button(s)
[20:26:59] Button hook complete — hooked 0 button(s)
[20:26:59] Button hook complete — hooked 0 button(s)
[20:26:59] Button hook complete — hooked 0 button(s)
[20:26:59] Button hook complete — hooked 0 button(s)
[20:26:59] Button hook complete — hooked 0 button(s)
[20:27:00] Button hook complete — hooked 0 button(s)
[20:27:00] Button hook complete — hooked 0 button(s)
[20:27:00] Button hook complete — hooked 0 button(s)
[20:27:00] Button hook complete — hooked 0 button(s)
[20:27:00] Button hook complete — hooked 0 button(s)
[20:27:00] Button hook complete — hooked 0 button(s)
[20:27:01] Button hook complete — hooked 0 button(s)
[20:27:01] Button hook complete — hooked 0 button(s)
[20:27:01] Button hook complete — hooked 0 button(s)
[20:27:01] Button hook complete — hooked 0 button(s)
[20:27:01] Button hook complete — hooked 0 button(s)
[20:27:01] Button hook complete — hooked 0 button(s)
[20:27:02] Button hook complete — hooked 0 button(s)
[20:27:02] Button hook complete — hooked 0 button(s)
[20:27:02] Button hook complete — hooked 0 button(s)
[20:27:02] Button hook complete — hooked 0 button(s)
[20:27:02] Button hook complete — hooked 0 button(s)
[20:27:02] Button hook complete — hooked 0 button(s)
[20:27:03] Button hook complete — hooked 0 button(s)
[20:27:03] Button hook complete — hooked 0 button(s)
[20:27:03] Button hook complete — hooked 0 button(s)
[20:27:03] Button hook complete — hooked 0 button(s)
[20:27:03] Button hook complete — hooked 0 button(s)
[20:27:03] Button hook complete — hooked 0 button(s)
[20:27:04] Button hook complete — hooked 0 button(s)
[20:27:04] Button hook complete — hooked 0 button(s)
[20:27:04] Button hook complete — hooked 0 button(s)
[20:27:04] Button hook complete — hooked 0 button(s)
[20:27:04] Button hook complete — hooked 0 button(s)
[20:27:04] Button hook complete — hooked 0 button(s)
[20:27:05] Button hook complete — hooked 0 button(s)
[20:27:05] Button hook complete — hooked 0 button(s)
[20:27:05] Button hook complete — hooked 0 button(s)
[20:27:05] Button hook complete — hooked 0 button(s)
[20:27:05] Button hook complete — hooked 0 button(s)
[20:27:05] Button hook complete — hooked 0 button(s)
[20:27:06] Button hook complete — hooked 0 button(s)
[20:27:06] Button hook complete — hooked 0 button(s)
[20:27:06] Button hook complete — hooked 0 button(s)
[20:27:06] Button hook complete — hooked 0 button(s)
[20:27:06] Button hook complete — hooked 0 button(s)
[20:27:06] Button hook complete — hooked 0 button(s)
[20:27:07] Button hook complete — hooked 0 button(s)
[20:27:07] Button hook complete — hooked 0 button(s)
[20:27:07] Button hook complete — hooked 0 button(s)
[20:27:07] Button hook complete — hooked 0 button(s)
[20:27:07] Button hook complete — hooked 0 button(s)
[20:27:07] Button hook complete — hooked 0 button(s)
[20:27:08] Button hook complete — hooked 0 button(s)
[20:27:08] Button hook complete — hooked 0 button(s)
[20:27:08] Button hook complete — hooked 0 button(s)
[20:27:08] Button hook complete — hooked 0 button(s)
[20:27:08] Button hook complete — hooked 0 button(s)
[20:27:08] Button hook complete — hooked 0 button(s)
[20:27:09] Button hook complete — hooked 0 button(s)
[20:27:09] Button hook complete — hooked 0 button(s)
[20:27:09] Button hook complete — hooked 0 button(s)
[20:27:09] Button hook complete — hooked 0 button(s)
[20:27:09] Button hook complete — hooked 0 button(s)
[20:27:09] Button hook complete — hooked 0 button(s)
[20:27:09] Button hook complete — hooked 0 button(s)
[20:27:10] Button hook complete — hooked 0 button(s)
[20:27:10] Button hook complete — hooked 0 button(s)
[20:27:10] Button hook complete — hooked 0 button(s)
[20:27:10] Button hook complete — hooked 0 button(s)
[20:27:10] Button hook complete — hooked 0 button(s)
[20:27:10] Button hook complete — hooked 0 button(s)
[20:27:11] Button hook complete — hooked 0 button(s)
[20:27:11] Button hook complete — hooked 0 button(s)
[20:27:11] Button hook complete — hooked 0 button(s)
[20:27:11] Button hook complete — hooked 0 button(s)
[20:27:11] Button hook complete — hooked 0 button(s)
[20:27:11] Button hook complete — hooked 0 button(s)
[20:27:12] Button hook complete — hooked 0 button(s)
[20:27:12] Button hook complete — hooked 0 button(s)
[20:27:12] Button hook complete — hooked 0 button(s)
[20:27:12] Button hook complete — hooked 0 button(s)
[20:27:12] Button hook complete — hooked 0 button(s)
[20:27:12] Button hook complete — hooked 0 button(s)
[20:27:13] Button hook complete — hooked 0 button(s)
[20:27:13] Button hook complete — hooked 0 button(s)
[20:27:13] Button hook complete — hooked 0 button(s)
[20:27:13] Button hook complete — hooked 0 button(s)
[20:27:13] Button hook complete — hooked 0 button(s)
[20:27:13] Button hook complete — hooked 0 button(s)
[20:27:14] Button hook complete — hooked 0 button(s)
[20:27:14] Button hook complete — hooked 0 button(s)
[20:27:14] Button hook complete — hooked 0 button(s)
[20:27:14] Button hook complete — hooked 0 button(s)
[20:27:14] Button hook complete — hooked 0 button(s)
[20:27:14] Button hook complete — hooked 0 button(s)
[20:27:15] Button hook complete — hooked 0 button(s)
[20:27:15] Button hook complete — hooked 0 button(s)
[20:27:15] Button hook complete — hooked 0 button(s)
[20:27:15] Button hook complete — hooked 0 button(s)
[20:27:15] Button hook complete — hooked 0 button(s)
[20:27:15] Button hook complete — hooked 0 button(s)
[20:27:16] Button hook complete — hooked 0 button(s)
[20:27:16] Button hook complete — hooked 0 button(s)
[20:27:16] Button hook complete — hooked 0 button(s)
[20:27:16] Button hook complete — hooked 0 button(s)
[20:27:16] Button hook complete — hooked 0 button(s)
[20:27:16] Button hook complete — hooked 0 button(s)
[20:27:17] Button hook complete — hooked 0 button(s)
[20:27:17] Button hook complete — hooked 0 button(s)
[20:27:17] Button hook complete — hooked 0 button(s)
[20:27:17] Button hook complete — hooked 0 button(s)
[20:27:17] Button hook complete — hooked 0 button(s)
[20:27:17] Button hook complete — hooked 0 button(s)
[20:27:18] Button hook complete — hooked 0 button(s)
[20:27:18] Button hook complete — hooked 0 button(s)
[20:27:18] Button hook complete — hooked 0 button(s)
[20:27:18] Button hook complete — hooked 0 button(s)
[20:27:18] Button hook complete — hooked 0 button(s)
[20:27:18] Button hook complete — hooked 0 button(s)
[20:27:19] Button hook complete — hooked 0 button(s)
[20:27:19] Button hook complete — hooked 0 button(s)
[20:27:19] Button hook complete — hooked 0 button(s)
[20:27:19] Button hook complete — hooked 0 button(s)
[20:27:19] Button hook complete — hooked 0 button(s)
[20:27:19] Button hook complete — hooked 0 button(s)
[20:27:20] Button hook complete — hooked 0 button(s)
[20:27:20] Button hook complete — hooked 0 button(s)
[20:27:20] Button hook complete — hooked 0 button(s)
[20:27:20] Button hook complete — hooked 0 button(s)
[20:27:20] Button hook complete — hooked 0 button(s)
[20:27:20] Button hook complete — hooked 0 button(s)
[20:27:21] Button hook complete — hooked 0 button(s)
[20:27:21] Button hook complete — hooked 0 button(s)
[20:27:21] Button hook complete — hooked 0 button(s)
[20:27:21] Button hook complete — hooked 0 button(s)
[20:27:21] Button hook complete — hooked 0 button(s)
[20:27:21] Button hook complete — hooked 0 button(s)
[20:27:22] Button hook complete — hooked 0 button(s)
[20:27:22] Button hook complete — hooked 0 button(s)
[20:27:22] Button hook complete — hooked 0 button(s)
[20:27:22] Button hook complete — hooked 0 button(s)
[20:27:22] Button hook complete — hooked 0 button(s)
[20:27:22] Button hook complete — hooked 0 button(s)
[20:27:23] Button hook complete — hooked 0 button(s)
[20:27:23] Button hook complete — hooked 0 button(s)
[20:27:23] Button hook complete — hooked 0 button(s)
[20:27:23] Button hook complete — hooked 0 button(s)
[20:27:23] Button hook complete — hooked 0 button(s)
[20:27:23] Button hook complete — hooked 0 button(s)
[20:27:23] Button hook complete — hooked 0 button(s)
[20:27:24] Button hook complete — hooked 0 button(s)
[20:27:24] Button hook complete — hooked 0 button(s)
[20:27:24] Button hook complete — hooked 0 button(s)
[20:27:24] Button hook complete — hooked 0 button(s)
[20:27:24] Button hook complete — hooked 0 button(s)
[20:27:24] Button hook complete — hooked 0 button(s)
[20:27:25] Button hook complete — hooked 0 button(s)
[20:27:25] Button hook complete — hooked 0 button(s)
[20:27:25] Button hook complete — hooked 0 button(s)
[20:27:25] Button hook complete — hooked 0 button(s)
[20:27:25] Button hook complete — hooked 0 button(s)
[20:27:25] Button hook complete — hooked 0 button(s)
[20:27:26] Button hook complete — hooked 0 button(s)
[20:27:26] Button hook complete — hooked 0 button(s)
[20:27:26] Button hook complete — hooked 0 button(s)
[20:27:26] Button hook complete — hooked 0 button(s)
[20:27:26] Button hook complete — hooked 0 button(s)
[20:27:26] Button hook complete — hooked 0 button(s)
[20:27:27] Button hook complete — hooked 0 button(s)
[20:27:27] Button hook complete — hooked 0 button(s)
[20:27:27] Button hook complete — hooked 0 button(s)
[20:27:27] Button hook complete — hooked 0 button(s)
[20:27:27] Button hook complete — hooked 0 button(s)
[20:27:27] Button hook complete — hooked 0 button(s)
[20:27:28] Button hook complete — hooked 0 button(s)
[20:27:28] Button hook complete — hooked 0 button(s)
[20:27:28] Button hook complete — hooked 0 button(s)
[20:27:28] Button hook complete — hooked 0 button(s)
[20:27:28] Button hook complete — hooked 0 button(s)
[20:27:28] Button hook complete — hooked 0 button(s)
[20:27:29] Button hook complete — hooked 0 button(s)
[20:27:29] Button hook complete — hooked 0 button(s)
[20:27:29] Button hook complete — hooked 0 button(s)
[20:27:29] Button hook complete — hooked 0 button(s)
[20:27:29] Button hook complete — hooked 0 button(s)
[20:27:29] Button hook complete — hooked 0 button(s)
[20:27:30] Button hook complete — hooked 0 button(s)
[20:27:30] Button hook complete — hooked 0 button(s)
[20:27:30] Button hook complete — hooked 0 button(s)
[20:27:30] Button hook complete — hooked 0 button(s)
[20:27:30] Button hook complete — hooked 0 button(s)
[20:27:30] Button hook complete — hooked 0 button(s)
[20:27:31] Button hook complete — hooked 0 button(s)
[20:27:31] Button hook complete — hooked 0 button(s)
[20:27:31] Button hook complete — hooked 0 button(s)
[20:27:31] Button hook complete — hooked 0 button(s)
[20:27:31] Button hook complete — hooked 0 button(s)
[20:27:31] Button hook complete — hooked 0 button(s)
[20:27:32] Button hook complete — hooked 0 button(s)
[20:27:32] Button hook complete — hooked 0 button(s)
[20:27:32] Button hook complete — hooked 0 button(s)
[20:27:32] Button hook complete — hooked 0 button(s)
[20:27:32] Button hook complete — hooked 0 button(s)
[20:27:32] Button hook complete — hooked 0 button(s)
[20:27:33] Button hook complete — hooked 0 button(s)
[20:27:33] Button hook complete — hooked 0 button(s)
[20:27:33] Button hook complete — hooked 0 button(s)
[20:27:33] Button hook complete — hooked 0 button(s)
[20:27:33] Button hook complete — hooked 0 button(s)
[20:27:33] Button hook complete — hooked 0 button(s)
[20:27:34] Button hook complete — hooked 0 button(s)
[20:27:34] Button hook complete — hooked 0 button(s)
[20:27:34] Button hook complete — hooked 0 button(s)
[20:27:34] Button hook complete — hooked 0 button(s)
[20:27:34] Button hook complete — hooked 0 button(s)
[20:27:34] Button hook complete — hooked 0 button(s)
[20:27:35] Button hook complete — hooked 0 button(s)
[20:27:35] Button hook complete — hooked 0 button(s)
[20:27:35] Button hook complete — hooked 0 button(s)
[20:27:35] Button hook complete — hooked 0 button(s)
[20:27:35] Button hook complete — hooked 0 button(s)
[20:27:35] Button hook complete — hooked 0 button(s)
[20:27:36] Button hook complete — hooked 0 button(s)
[20:27:36] Button hook complete — hooked 0 button(s)
[20:27:36] Button hook complete — hooked 0 button(s)
[20:27:36] Button hook complete — hooked 0 button(s)
[20:27:36] Button hook complete — hooked 0 button(s)
[20:27:36] Button hook complete — hooked 0 button(s)
[20:27:37] Button hook complete — hooked 0 button(s)
[20:27:37] Button hook complete — hooked 0 button(s)
[20:27:37] Button hook complete — hooked 0 button(s)
[20:27:37] Button hook complete — hooked 0 button(s)
[20:27:37] Button hook complete — hooked 0 button(s)
[20:27:37] Button hook complete — hooked 0 button(s)
[20:27:37] Button hook complete — hooked 0 button(s)
[20:27:38] Button hook complete — hooked 0 button(s)
[20:27:38] Button hook complete — hooked 0 button(s)
[20:27:38] Button hook complete — hooked 0 button(s)
[20:27:38] Button hook complete — hooked 0 button(s)
[20:27:38] Button hook complete — hooked 0 button(s)
[20:27:38] Button hook complete — hooked 0 button(s)
[20:27:39] Button hook complete — hooked 0 button(s)
[20:27:39] Button hook complete — hooked 0 button(s)
[20:27:39] Button hook complete — hooked 0 button(s)
[20:27:39] Button hook complete — hooked 0 button(s)
[20:27:39] Button hook complete — hooked 0 button(s)
[20:27:39] Button hook complete — hooked 0 button(s)
[20:27:40] Button hook complete — hooked 0 button(s)
[20:27:40] Button hook complete — hooked 0 button(s)
[20:27:40] Button hook complete — hooked 0 button(s)
[20:27:40] Button hook complete — hooked 0 button(s)
[20:27:40] Button hook complete — hooked 0 button(s)
[20:27:40] Button hook complete — hooked 0 button(s)
[20:27:41] Button hook complete — hooked 0 button(s)
[20:27:41] Button hook complete — hooked 0 button(s)
[20:27:41] Button hook complete — hooked 0 button(s)
[20:27:41] Button hook complete — hooked 0 button(s)
[20:27:41] Button hook complete — hooked 0 button(s)
[20:27:41] Button hook complete — hooked 0 button(s)
[20:27:42] Button hook complete — hooked 0 button(s)
[20:27:42] Button hook complete — hooked 0 button(s)
[20:27:42] Button hook complete — hooked 0 button(s)
[20:27:42] Button hook complete — hooked 0 button(s)
[20:27:42] Button hook complete — hooked 0 button(s)
[20:27:42] Button hook complete — hooked 0 button(s)
[20:27:43] Button hook complete — hooked 0 button(s)
[20:27:43] Button hook complete — hooked 0 button(s)
[20:27:43] Button hook complete — hooked 0 button(s)
[20:27:43] Button hook complete — hooked 0 button(s)
[20:27:43] Button hook complete — hooked 0 button(s)
[20:27:43] Button hook complete — hooked 0 button(s)
[20:27:44] Button hook complete — hooked 0 button(s)
[20:27:44] Button hook complete — hooked 0 button(s)
[20:27:44] Button hook complete — hooked 0 button(s)
[20:27:44] Button hook complete — hooked 0 button(s)
[20:27:44] Button hook complete — hooked 0 button(s)
[20:27:44] Button hook complete — hooked 0 button(s)
[20:27:45] Button hook complete — hooked 0 button(s)
[20:27:45] Button hook complete — hooked 0 button(s)
[20:27:45] Button hook complete — hooked 0 button(s)
[20:27:45] Button hook complete — hooked 0 button(s)
[20:27:45] Button hook complete — hooked 0 button(s)
[20:27:45] Button hook complete — hooked 0 button(s)
[20:27:46] Button hook complete — hooked 0 button(s)
[20:27:46] Button hook complete — hooked 0 button(s)
[20:27:46] Button hook complete — hooked 0 button(s)
[20:27:46] Button hook complete — hooked 0 button(s)
[20:27:46] Button hook complete — hooked 0 button(s)
[20:27:46] Button hook complete — hooked 0 button(s)
[20:27:47] Button hook complete — hooked 0 button(s)
[20:27:47] Button hook complete — hooked 0 button(s)
[20:27:47] Button hook complete — hooked 0 button(s)
[20:27:47] Button hook complete — hooked 0 button(s)
[20:27:47] Button hook complete — hooked 0 button(s)
[20:27:47] Button hook complete — hooked 0 button(s)
[20:27:48] Button hook complete — hooked 0 button(s)
[20:27:48] Button hook complete — hooked 0 button(s)
[20:27:48] Button hook complete — hooked 0 button(s)
[20:27:48] Button hook complete — hooked 0 button(s)
[20:27:48] Button hook complete — hooked 0 button(s)
[20:27:48] Button hook complete — hooked 0 button(s)
[20:27:49] Button hook complete — hooked 0 button(s)
[20:27:49] Button hook complete — hooked 0 button(s)
[20:27:49] Button hook complete — hooked 0 button(s)
[20:27:49] Button hook complete — hooked 0 button(s)
[20:27:49] Button hook complete — hooked 0 button(s)
[20:27:49] Button hook complete — hooked 0 button(s)
[20:27:50] Button hook complete — hooked 0 button(s)
[20:27:50] Button hook complete — hooked 0 button(s)
[20:27:50] Button hook complete — hooked 0 button(s)
[20:27:50] Button hook complete — hooked 0 button(s)
[20:27:50] Button hook complete — hooked 0 button(s)
[20:27:50] Button hook complete — hooked 0 button(s)
[20:27:50] Button hook complete — hooked 0 button(s)
[20:27:51] Button hook complete — hooked 0 button(s)
[20:27:51] Button hook complete — hooked 0 button(s)
[20:27:51] Button hook complete — hooked 0 button(s)
[20:27:51] Button hook complete — hooked 0 button(s)
[20:27:51] Button hook complete — hooked 0 button(s)
[20:27:51] Button hook complete — hooked 0 button(s)
[20:27:52] Button hook complete — hooked 0 button(s)
[20:27:52] Button hook complete — hooked 0 button(s)
[20:27:52] Button hook complete — hooked 0 button(s)
[20:27:52] Button hook complete — hooked 0 button(s)
[20:27:52] Button hook complete — hooked 0 button(s)
[20:27:52] Button hook complete — hooked 0 button(s)
[20:27:53] Button hook complete — hooked 0 button(s)
[20:27:53] Button hook complete — hooked 0 button(s)
[20:27:53] Button hook complete — hooked 0 button(s)
[20:27:53] Button hook complete — hooked 0 button(s)
[20:27:53] Button hook complete — hooked 0 button(s)
[20:27:53] Button hook complete — hooked 0 button(s)
[20:27:54] Button hook complete — hooked 0 button(s)
[20:27:54] Button hook complete — hooked 0 button(s)
[20:27:54] Button hook complete — hooked 0 button(s)
[20:27:54] Button hook complete — hooked 0 button(s)
[20:27:54] Button hook complete — hooked 0 button(s)
[20:27:54] Button hook complete — hooked 0 button(s)
[20:27:55] Button hook complete — hooked 0 button(s)
[20:27:55] Button hook complete — hooked 0 button(s)
[20:27:55] Button hook complete — hooked 0 button(s)
[20:27:55] Button hook complete — hooked 0 button(s)
[20:27:55] Button hook complete — hooked 0 button(s)
[20:27:55] Button hook complete — hooked 0 button(s)
[20:27:56] Button hook complete — hooked 0 button(s)
[20:27:56] Button hook complete — hooked 0 button(s)
[20:27:56] Button hook complete — hooked 0 button(s)
[20:27:56] Button hook complete — hooked 0 button(s)
[20:27:56] Button hook complete — hooked 0 button(s)
[20:27:56] Button hook complete — hooked 0 button(s)
[20:27:57] Button hook complete — hooked 0 button(s)
[20:27:57] Button hook complete — hooked 0 button(s)
[20:27:57] Button hook complete — hooked 0 button(s)
[20:27:57] Button hook complete — hooked 0 button(s)
[20:27:57] Button hook complete — hooked 0 button(s)
[20:27:57] Button hook complete — hooked 0 button(s)
[20:27:58] Button hook complete — hooked 0 button(s)
[20:27:58] Button hook complete — hooked 0 button(s)
[20:27:58] Button hook complete — hooked 0 button(s)
[20:27:58] Button hook complete — hooked 0 button(s)
[20:27:58] Button hook complete — hooked 0 button(s)
[20:27:58] Button hook complete — hooked 0 button(s)
[20:27:59] Button hook complete — hooked 0 button(s)
[20:27:59] Button hook complete — hooked 0 button(s)
[20:27:59] Button hook complete — hooked 0 button(s)
[20:27:59] Button hook complete — hooked 0 button(s)
[20:27:59] Button hook complete — hooked 0 button(s)
[20:27:59] Button hook complete — hooked 0 button(s)
[20:28:00] Button hook complete — hooked 0 button(s)
[20:28:00] Button hook complete — hooked 0 button(s)
[20:28:00] Button hook complete — hooked 0 button(s)
[20:28:00] Button hook complete — hooked 0 button(s)
[20:28:00] Button hook complete — hooked 0 button(s)
[20:28:00] Button hook complete — hooked 0 button(s)
[20:28:01] Button hook complete — hooked 0 button(s)
[20:28:01] Button hook complete — hooked 0 button(s)
[20:28:01] Button hook complete — hooked 0 button(s)
[20:28:01] Button hook complete — hooked 0 button(s)
[20:28:01] Button hook complete — hooked 0 button(s)
[20:28:01] Button hook complete — hooked 0 button(s)
[20:28:02] Button hook complete — hooked 0 button(s)
[20:28:02] Button hook complete — hooked 0 button(s)
[20:28:02] Button hook complete — hooked 0 button(s)
[20:28:02] Button hook complete — hooked 0 button(s)
[20:28:02] Button hook complete — hooked 0 button(s)
[20:28:02] Button hook complete — hooked 0 button(s)
[20:28:03] Button hook complete — hooked 0 button(s)
[20:28:03] Button hook complete — hooked 0 button(s)
[20:28:03] Button hook complete — hooked 0 button(s)
[20:28:03] Button hook complete — hooked 0 button(s)
[20:28:03] Button hook complete — hooked 0 button(s)
[20:28:03] Button hook complete — hooked 0 button(s)
[20:28:04] Button hook complete — hooked 0 button(s)
[20:28:04] Button hook complete — hooked 0 button(s)
[20:28:04] Button hook complete — hooked 0 button(s)
[20:28:04] Button hook complete — hooked 0 button(s)
[20:28:04] Button hook complete — hooked 0 button(s)
[20:28:04] Button hook complete — hooked 0 button(s)
[20:28:05] Button hook complete — hooked 0 button(s)
[20:28:05] Button hook complete — hooked 0 button(s)
[20:28:05] Button hook complete — hooked 0 button(s)
[20:28:05] Button hook complete — hooked 0 button(s)
[20:28:05] Button hook complete — hooked 0 button(s)
[20:28:05] Button hook complete — hooked 0 button(s)
[20:28:06] Button hook complete — hooked 0 button(s)
[20:28:06] Button hook complete — hooked 0 button(s)
[20:28:06] Button hook complete — hooked 0 button(s)
[20:28:06] Button hook complete — hooked 0 button(s)
[20:28:06] Button hook complete — hooked 0 button(s)
[20:28:06] Button hook complete — hooked 0 button(s)
[20:28:07] Button hook complete — hooked 0 button(s)
[20:28:07] Button hook complete — hooked 0 button(s)
[20:28:07] Button hook complete — hooked 0 button(s)
[20:28:07] Button hook complete — hooked 0 button(s)
[20:28:07] Button hook complete — hooked 0 button(s)
[20:28:07] Button hook complete — hooked 0 button(s)
[20:28:08] Button hook complete — hooked 0 button(s)
[20:28:08] Button hook complete — hooked 0 button(s)
[20:28:08] Button hook complete — hooked 0 button(s)
[20:28:08] Button hook complete — hooked 0 button(s)
[20:28:08] Button hook complete — hooked 0 button(s)
[20:28:08] Button hook complete — hooked 0 button(s)
[20:28:09] Button hook complete — hooked 0 button(s)
[20:28:09] Button hook complete — hooked 0 button(s)
[20:28:09] Button hook complete — hooked 0 button(s)
[20:28:09] Button hook complete — hooked 0 button(s)
[20:28:09] Button hook complete — hooked 0 button(s)
[20:28:09] Button hook complete — hooked 0 button(s)
[20:28:10] Button hook complete — hooked 0 button(s)
[20:28:10] Button hook complete — hooked 0 button(s)
[20:28:10] Button hook complete — hooked 0 button(s)
[20:28:10] Button hook complete — hooked 0 button(s)
[20:28:10] Button hook complete — hooked 0 button(s)
[20:28:10] Button hook complete — hooked 0 button(s)
[20:28:11] Button hook complete — hooked 0 button(s)
[20:28:11] Button hook complete — hooked 0 button(s)
[20:28:11] Button hook complete — hooked 0 button(s)
[20:28:11] Button hook complete — hooked 0 button(s)
[20:28:11] Button hook complete — hooked 0 button(s)
[20:28:11] Button hook complete — hooked 0 button(s)
[20:28:12] Button hook complete — hooked 0 button(s)
[20:28:12] Button hook complete — hooked 0 button(s)
[20:28:12] Button hook complete — hooked 0 button(s)
[20:28:12] Button hook complete — hooked 0 button(s)
[20:28:12] Button hook complete — hooked 0 button(s)
[20:28:12] Button hook complete — hooked 0 button(s)
[20:28:12] Button hook complete — hooked 0 button(s)
[20:28:13] Button hook complete — hooked 0 button(s)
[20:28:13] Button hook complete — hooked 0 button(s)
[20:28:13] Button hook complete — hooked 0 button(s)
[20:28:13] Button hook complete — hooked 0 button(s)
[20:28:13] Button hook complete — hooked 0 button(s)
[20:28:13] Button hook complete — hooked 0 button(s)
[20:28:14] Button hook complete — hooked 0 button(s)
[20:28:14] Button hook complete — hooked 0 button(s)
[20:28:14] Button hook complete — hooked 0 button(s)
[20:28:14] Button hook complete — hooked 0 button(s)
[20:28:14] Button hook complete — hooked 0 button(s)
[20:28:14] Button hook complete — hooked 0 button(s)
[20:28:15] Button hook complete — hooked 0 button(s)
[20:28:15] Button hook complete — hooked 0 button(s)
[20:28:15] Button hook complete — hooked 0 button(s)
[20:28:15] Button hook complete — hooked 0 button(s)
[20:28:15] Button hook complete — hooked 0 button(s)
[20:28:15] Button hook complete — hooked 0 button(s)
[20:28:16] Button hook complete — hooked 0 button(s)
[20:28:16] Button hook complete — hooked 0 button(s)
[20:28:16] Button hook complete — hooked 0 button(s)
[20:28:16] Button hook complete — hooked 0 button(s)
[20:28:16] Button hook complete — hooked 0 button(s)
[20:28:16] Button hook complete — hooked 0 button(s)
[20:28:17] Button hook complete — hooked 0 button(s)
[20:28:17] Button hook complete — hooked 0 button(s)
[20:28:17] Button hook complete — hooked 0 button(s)
[20:28:17] Button hook complete — hooked 0 button(s)
[20:28:17] Button hook complete — hooked 0 button(s)
[20:28:17] Button hook complete — hooked 0 button(s)
[20:28:18] Button hook complete — hooked 0 button(s)
[20:28:18] Button hook complete — hooked 0 button(s)
[20:28:18] Button hook complete — hooked 0 button(s)
[20:28:18] Button hook complete — hooked 0 button(s)
[20:28:18] Button hook complete — hooked 0 button(s)
[20:28:18] Button hook complete — hooked 0 button(s)
[20:28:19] Button hook complete — hooked 0 button(s)
[20:28:19] Button hook complete — hooked 0 button(s)
[20:28:19] Button hook complete — hooked 0 button(s)
[20:28:19] Button hook complete — hooked 0 button(s)
[20:28:19] Button hook complete — hooked 0 button(s)
[20:28:19] Button hook complete — hooked 0 button(s)
[20:28:20] Button hook complete — hooked 0 button(s)
[20:28:20] Button hook complete — hooked 0 button(s)
[20:28:20] Button hook complete — hooked 0 button(s)
[20:28:20] Button hook complete — hooked 0 button(s)
[20:28:20] Button hook complete — hooked 0 button(s)
[20:28:20] Button hook complete — hooked 0 button(s)
[20:28:21] Button hook complete — hooked 0 button(s)
[20:28:21] Button hook complete — hooked 0 button(s)
[20:28:21] Button hook complete — hooked 0 button(s)
[20:28:21] Button hook complete — hooked 0 button(s)
[20:28:21] Button hook complete — hooked 0 button(s)
[20:28:21] Button hook complete — hooked 0 button(s)
[20:28:22] Button hook complete — hooked 0 button(s)
[20:28:22] Button hook complete — hooked 0 button(s)
[20:28:22] Button hook complete — hooked 0 button(s)
[20:28:22] Button hook complete — hooked 0 button(s)
[20:28:22] Button hook complete — hooked 0 button(s)
[20:28:22] Button hook complete — hooked 0 button(s)
[20:28:22] Button hook complete — hooked 0 button(s)
[20:28:23] Button hook complete — hooked 0 button(s)
[20:28:23] Button hook complete — hooked 0 button(s)
[20:28:23] Button hook complete — hooked 0 button(s)
[20:28:23] Button hook complete — hooked 0 button(s)
[20:28:23] Button hook complete — hooked 0 button(s)
[20:28:23] Button hook complete — hooked 0 button(s)
[20:28:24] Button hook complete — hooked 0 button(s)
[20:28:24] Button hook complete — hooked 0 button(s)
[20:28:24] Button hook complete — hooked 0 button(s)
[20:28:24] Button hook complete — hooked 0 button(s)
[20:28:24] Button hook complete — hooked 0 button(s)
[20:28:24] Button hook complete — hooked 0 button(s)
[20:28:25] Button hook complete — hooked 0 button(s)
[20:28:25] Button hook complete — hooked 0 button(s)
[20:28:25] Button hook complete — hooked 0 button(s)
[20:28:25] Button hook complete — hooked 0 button(s)
[20:28:25] Button hook complete — hooked 0 button(s)
[20:28:25] Button hook complete — hooked 0 button(s)
[20:28:26] Button hook complete — hooked 0 button(s)
[20:28:26] Button hook complete — hooked 0 button(s)
[20:28:26] Button hook complete — hooked 0 button(s)
[20:28:26] Button hook complete — hooked 0 button(s)
[20:28:26] Button hook complete — hooked 0 button(s)
[20:28:26] Button hook complete — hooked 0 button(s)
[20:28:27] Button hook complete — hooked 0 button(s)
[20:28:27] Button hook complete — hooked 0 button(s)
[20:28:27] Button hook complete — hooked 0 button(s)
[20:28:27] Button hook complete — hooked 0 button(s)
[20:28:27] Button hook complete — hooked 0 button(s)
[20:28:27] Button hook complete — hooked 0 button(s)
[20:28:28] Button hook complete — hooked 0 button(s)
[20:28:28] Button hook complete — hooked 0 button(s)
[20:28:28] Button hook complete — hooked 0 button(s)
[20:28:28] Button hook complete — hooked 0 button(s)
[20:28:28] Button hook complete — hooked 0 button(s)
[20:28:28] Button hook complete — hooked 0 button(s)
[20:28:29] Button hook complete — hooked 0 button(s)
[20:28:29] Button hook complete — hooked 0 button(s)
[20:28:29] Button hook complete — hooked 0 button(s)
[20:28:29] Button hook complete — hooked 0 button(s)
[20:28:29] Button hook complete — hooked 0 button(s)
[20:28:29] Button hook complete — hooked 0 button(s)
[20:28:30] Button hook complete — hooked 0 button(s)
[20:28:30] Button hook complete — hooked 0 button(s)
[20:28:30] Button hook complete — hooked 0 button(s)
[20:28:30] Button hook complete — hooked 0 button(s)
[20:28:30] Button hook complete — hooked 0 button(s)
[20:28:30] Button hook complete — hooked 0 button(s)
[20:28:31] Button hook complete — hooked 0 button(s)
[20:28:31] Button hook complete — hooked 0 button(s)
[20:28:31] Button hook complete — hooked 0 button(s)
[20:28:31] Button hook complete — hooked 0 button(s)
[20:28:31] Button hook complete — hooked 0 button(s)
[20:28:31] Button hook complete — hooked 0 button(s)
[20:28:32] Button hook complete — hooked 0 button(s)
[20:28:32] Button hook complete — hooked 0 button(s)
[20:28:32] Button hook complete — hooked 0 button(s)
[20:28:32] Button hook complete — hooked 0 button(s)
[20:28:32] Button hook complete — hooked 0 button(s)
[20:28:32] Button hook complete — hooked 0 button(s)
[20:28:33] Button hook complete — hooked 0 button(s)
[20:28:33] Button hook complete — hooked 0 button(s)
[20:28:33] Button hook complete — hooked 0 button(s)
[20:28:33] Button hook complete — hooked 0 button(s)
[20:28:33] Button hook complete — hooked 0 button(s)
[20:28:33] Button hook complete — hooked 0 button(s)
[20:28:34] Button hook complete — hooked 0 button(s)
[20:28:34] Button hook complete — hooked 0 button(s)
[20:28:34] Button hook complete — hooked 0 button(s)
[20:28:34] Button hook complete — hooked 0 button(s)
[20:28:34] Button hook complete — hooked 0 button(s)
[20:28:34] Button hook complete — hooked 0 button(s)
[20:28:34] Button hook complete — hooked 0 button(s)
[20:28:35] Button hook complete — hooked 0 button(s)
[20:28:35] Button hook complete — hooked 0 button(s)
[20:28:35] Button hook complete — hooked 0 button(s)
[20:28:35] Button hook complete — hooked 0 button(s)
[20:28:35] Button hook complete — hooked 0 button(s)
[20:28:35] Button hook complete — hooked 0 button(s)
[20:28:36] Button hook complete — hooked 0 button(s)
[20:28:36] Button hook complete — hooked 0 button(s)
[20:28:36] Button hook complete — hooked 0 button(s)
[20:28:36] Button hook complete — hooked 0 button(s)
[20:28:36] Button hook complete — hooked 0 button(s)
[20:28:36] Button hook complete — hooked 0 button(s)
[20:28:37] Button hook complete — hooked 0 button(s)
[20:28:37] Button hook complete — hooked 0 button(s)
[20:28:37] Button hook complete — hooked 0 button(s)
[20:28:37] Button hook complete — hooked 0 button(s)
[20:28:37] Button hook complete — hooked 0 button(s)
[20:28:37] Button hook complete — hooked 0 button(s)
[20:28:38] Button hook complete — hooked 0 button(s)
[20:28:38] Button hook complete — hooked 0 button(s)
[20:28:38] Button hook complete — hooked 0 button(s)
[20:28:38] Button hook complete — hooked 0 button(s)
[20:28:38] Button hook complete — hooked 0 button(s)
[20:28:38] Button hook complete — hooked 0 button(s)
[20:28:39] Button hook complete — hooked 0 button(s)
[20:28:39] Button hook complete — hooked 0 button(s)
[20:28:39] Button hook complete — hooked 0 button(s)
[20:28:39] Button hook complete — hooked 0 button(s)
[20:28:39] Button hook complete — hooked 0 button(s)
[20:28:39] Button hook complete — hooked 0 button(s)
[20:28:40] Button hook complete — hooked 0 button(s)
[20:28:40] Button hook complete — hooked 0 button(s)
[20:28:40] Button hook complete — hooked 0 button(s)
[20:28:40] Button hook complete — hooked 0 button(s)
[20:28:40] Button hook complete — hooked 0 button(s)
[20:28:40] Button hook complete — hooked 0 button(s)
[20:28:41] Button hook complete — hooked 0 button(s)
[20:28:41] Button hook complete — hooked 0 button(s)
[20:28:41] Button hook complete — hooked 0 button(s)
[20:28:41] Button hook complete — hooked 0 button(s)
[20:28:41] Button hook complete — hooked 0 button(s)
[20:28:41] Button hook complete — hooked 0 button(s)
[20:28:42] Button hook complete — hooked 0 button(s)
[20:28:42] Button hook complete — hooked 0 button(s)
[20:28:42] Button hook complete — hooked 0 button(s)
[20:28:42] Button hook complete — hooked 0 button(s)
[20:28:42] Button hook complete — hooked 0 button(s)
[20:28:42] Button hook complete — hooked 0 button(s)
[20:28:43] Button hook complete — hooked 0 button(s)
[20:28:43] Button hook complete — hooked 0 button(s)
[20:28:43] Button hook complete — hooked 0 button(s)
[20:28:43] Button hook complete — hooked 0 button(s)
[20:28:43] Button hook complete — hooked 0 button(s)
[20:28:43] Button hook complete — hooked 0 button(s)
[20:28:44] Button hook complete — hooked 0 button(s)
[20:28:44] Button hook complete — hooked 0 button(s)
[20:28:44] Button hook complete — hooked 0 button(s)
[20:28:44] Button hook complete — hooked 0 button(s)
[20:28:44] Button hook complete — hooked 0 button(s)
[20:28:44] Button hook complete — hooked 0 button(s)
[20:28:45] Button hook complete — hooked 0 button(s)
[20:28:45] Button hook complete — hooked 0 button(s)
[20:28:45] Button hook complete — hooked 0 button(s)
[20:28:45] Button hook complete — hooked 0 button(s)
[20:28:45] Button hook complete — hooked 0 button(s)
[20:28:45] Button hook complete — hooked 0 button(s)
[20:28:46] Button hook complete — hooked 0 button(s)
[20:28:46] Button hook complete — hooked 0 button(s)
[20:28:46] Button hook complete — hooked 0 button(s)
[20:28:46] Button hook complete — hooked 0 button(s)
[20:28:46] Button hook complete — hooked 0 button(s)
[20:28:46] Button hook complete — hooked 0 button(s)
[20:28:47] Button hook complete — hooked 0 button(s)
[20:28:47] Button hook complete — hooked 0 button(s)
[20:28:47] Button hook complete — hooked 0 button(s)
[20:28:47] Button hook complete — hooked 0 button(s)
[20:28:47] Button hook complete — hooked 0 button(s)
[20:28:47] Button hook complete — hooked 0 button(s)
[20:28:48] Button hook complete — hooked 0 button(s)
[20:28:48] Button hook complete — hooked 0 button(s)
[20:28:48] Button hook complete — hooked 0 button(s)
[20:28:48] Button hook complete — hooked 0 button(s)
[20:28:48] Button hook complete — hooked 0 button(s)
[20:28:48] Button hook complete — hooked 0 button(s)
[20:28:49] Button hook complete — hooked 0 button(s)
[20:28:49] Button hook complete — hooked 0 button(s)
[20:28:49] Button hook complete — hooked 0 button(s)
[20:28:49] Button hook complete — hooked 0 button(s)
[20:28:49] Button hook complete — hooked 0 button(s)
[20:28:49] Button hook complete — hooked 0 button(s)
[20:28:50] Button hook complete — hooked 0 button(s)
[20:28:50] Button hook complete — hooked 0 button(s)
[20:28:50] Button hook complete — hooked 0 button(s)
[20:28:50] Button hook complete — hooked 0 button(s)
[20:28:50] Button hook complete — hooked 0 button(s)
[20:28:50] Button hook complete — hooked 0 button(s)
[20:28:51] Button hook complete — hooked 0 button(s)
[20:28:51] Button hook complete — hooked 0 button(s)
[20:28:51] Button hook complete — hooked 0 button(s)
[20:28:51] Button hook complete — hooked 0 button(s)
[20:28:51] Button hook complete — hooked 0 button(s)
[20:28:51] Button hook complete — hooked 0 button(s)
[20:28:52] Button hook complete — hooked 0 button(s)
[20:28:52] Button hook complete — hooked 0 button(s)
[20:28:52] Button hook complete — hooked 0 button(s)
[20:28:52] Button hook complete — hooked 0 button(s)
[20:28:52] Button hook complete — hooked 0 button(s)
[20:28:52] Button hook complete — hooked 0 button(s)
[20:28:53] Button hook complete — hooked 0 button(s)
[20:28:53] Button hook complete — hooked 0 button(s)
[20:28:53] Button hook complete — hooked 0 button(s)
[20:28:53] Button hook complete — hooked 0 button(s)
[20:28:53] Button hook complete — hooked 0 button(s)
[20:28:53] Button hook complete — hooked 0 button(s)
[20:28:54] Button hook complete — hooked 0 button(s)
[20:28:54] Button hook complete — hooked 0 button(s)
[20:28:54] Button hook complete — hooked 0 button(s)
[20:28:54] Button hook complete — hooked 0 button(s)
[20:28:54] Button hook complete — hooked 0 button(s)
[20:28:54] Button hook complete — hooked 0 button(s)
[20:28:54] Button hook complete — hooked 0 button(s)
[20:28:55] Button hook complete — hooked 0 button(s)
[20:28:55] Button hook complete — hooked 0 button(s)
[20:28:55] Button hook complete — hooked 0 button(s)
[20:28:55] Button hook complete — hooked 0 button(s)
[20:28:55] Button hook complete — hooked 0 button(s)
[20:28:55] Button hook complete — hooked 0 button(s)
[20:28:56] Button hook complete — hooked 0 button(s)
[20:28:56] Button hook complete — hooked 0 button(s)
[20:28:56] Button hook complete — hooked 0 button(s)
[20:28:56] Button hook complete — hooked 0 button(s)
[20:28:56] Button hook complete — hooked 0 button(s)
[20:28:56] Button hook complete — hooked 0 button(s)
[20:28:57] Button hook complete — hooked 0 button(s)
[20:28:57] Button hook complete — hooked 0 button(s)
[20:28:57] Button hook complete — hooked 0 button(s)
[20:28:57] Button hook complete — hooked 0 button(s)
[20:28:57] Button hook complete — hooked 0 button(s)
[20:28:57] Button hook complete — hooked 0 button(s)
[20:28:58] Button hook complete — hooked 0 button(s)
[20:28:58] Button hook complete — hooked 0 button(s)
[20:28:58] Button hook complete — hooked 0 button(s)
[20:28:58] Button hook complete — hooked 0 button(s)
[20:28:58] Button hook complete — hooked 0 button(s)
[20:28:58] Button hook complete — hooked 0 button(s)
[20:28:59] Button hook complete — hooked 0 button(s)
[20:28:59] Button hook complete — hooked 0 button(s)
[20:28:59] Button hook complete — hooked 0 button(s)
[20:28:59] Button hook complete — hooked 0 button(s)
[20:28:59] Button hook complete — hooked 0 button(s)
[20:28:59] Button hook complete — hooked 0 button(s)
[20:29:00] Button hook complete — hooked 0 button(s)
[20:29:00] Button hook complete — hooked 0 button(s)
[20:29:00] Button hook complete — hooked 0 button(s)
[20:29:00] Button hook complete — hooked 0 button(s)
[20:29:00] Button hook complete — hooked 0 button(s)
[20:29:00] Button hook complete — hooked 0 button(s)
[20:29:01] Button hook complete — hooked 0 button(s)
[20:29:01] Button hook complete — hooked 0 button(s)
[20:29:01] Button hook complete — hooked 0 button(s)
[20:29:01] Button hook complete — hooked 0 button(s)
[20:29:01] Button hook complete — hooked 0 button(s)
[20:29:01] Button hook complete — hooked 0 button(s)
[20:29:02] Button hook complete — hooked 0 button(s)
[20:29:02] Button hook complete — hooked 0 button(s)
[20:29:02] Button hook complete — hooked 0 button(s)
[20:29:02] Button hook complete — hooked 0 button(s)
[20:29:02] Button hook complete — hooked 0 button(s)
[20:29:02] Button hook complete — hooked 0 button(s)
[20:29:03] Button hook complete — hooked 0 button(s)
[20:29:03] Button hook complete — hooked 0 button(s)
[20:29:03] Button hook complete — hooked 0 button(s)
[20:29:03] Button hook complete — hooked 0 button(s)
[20:29:03] Button hook complete — hooked 0 button(s)
[20:29:03] Button hook complete — hooked 0 button(s)
[20:29:04] Button hook complete — hooked 0 button(s)
[20:29:04] Button hook complete — hooked 0 button(s)
[20:29:04] Button hook complete — hooked 0 button(s)
[20:29:04] Button hook complete — hooked 0 button(s)
[20:29:04] Button hook complete — hooked 0 button(s)
[20:29:04] Button hook complete — hooked 0 button(s)
[20:29:05] Button hook complete — hooked 0 button(s)
[20:29:05] Button hook complete — hooked 0 button(s)
[20:29:05] Button hook complete — hooked 0 button(s)
[20:29:05] Button hook complete — hooked 0 button(s)
[20:29:05] Button hook complete — hooked 0 button(s)
[20:29:05] Button hook complete — hooked 0 button(s)
[20:29:06] Button hook complete — hooked 0 button(s)
[20:29:06] Button hook complete — hooked 0 button(s)
[20:29:06] Button hook complete — hooked 0 button(s)
[20:29:06] Button hook complete — hooked 0 button(s)
[20:29:06] Button hook complete — hooked 0 button(s)
[20:29:06] Button hook complete — hooked 0 button(s)
[20:29:07] Button hook complete — hooked 0 button(s)
[20:29:07] Button hook complete — hooked 0 button(s)
[20:29:07] Button hook complete — hooked 0 button(s)
[20:29:07] Button hook complete — hooked 0 button(s)
[20:29:07] Button hook complete — hooked 0 button(s)
[20:29:07] Button hook complete — hooked 0 button(s)
[20:29:08] Button hook complete — hooked 0 button(s)
[20:29:08] Button hook complete — hooked 0 button(s)
[20:29:08] Button hook complete — hooked 0 button(s)
[20:29:08] Button hook complete — hooked 0 button(s)
[20:29:08] Button hook complete — hooked 0 button(s)
[20:29:08] Button hook complete — hooked 0 button(s)
[20:29:09] Button hook complete — hooked 0 button(s)
[20:29:09] Button hook complete — hooked 0 button(s)
[20:29:09] Button hook complete — hooked 0 button(s)
[20:29:09] Button hook complete — hooked 0 button(s)
[20:29:09] Button hook complete — hooked 0 button(s)
[20:29:09] Button hook complete — hooked 0 button(s)
[20:29:10] Button hook complete — hooked 0 button(s)
[20:29:10] Button hook complete — hooked 0 button(s)
[20:29:10] Button hook complete — hooked 0 button(s)
[20:29:10] Button hook complete — hooked 0 button(s)
[20:29:10] Button hook complete — hooked 0 button(s)
[20:29:10] Button hook complete — hooked 0 button(s)
[20:29:11] Button hook complete — hooked 0 button(s)
[20:29:11] Button hook complete — hooked 0 button(s)
[20:29:11] Button hook complete — hooked 0 button(s)
[20:29:11] Button hook complete — hooked 0 button(s)
[20:29:11] Button hook complete — hooked 0 button(s)
[20:29:11] Button hook complete — hooked 0 button(s)
[20:29:12] Button hook complete — hooked 0 button(s)
[20:29:12] Button hook complete — hooked 0 button(s)
[20:29:12] Button hook complete — hooked 0 button(s)
[20:29:12] Button hook complete — hooked 0 button(s)
[20:29:12] Button hook complete — hooked 0 button(s)
[20:29:12] Button hook complete — hooked 0 button(s)
[20:29:13] Button hook complete — hooked 0 button(s)
[20:29:13] Button hook complete — hooked 0 button(s)
[20:29:13] Button hook complete — hooked 0 button(s)
[20:29:13] Button hook complete — hooked 0 button(s)
[20:29:13] Button hook complete — hooked 0 button(s)
[20:29:13] Button hook complete — hooked 0 button(s)
[20:29:14] Button hook complete — hooked 0 button(s)
[20:29:14] Button hook complete — hooked 0 button(s)
[20:29:14] Button hook complete — hooked 0 button(s)
[20:29:14] Button hook complete — hooked 0 button(s)
[20:29:14] Button hook complete — hooked 0 button(s)
[20:29:14] Button hook complete — hooked 0 button(s)
[20:29:15] Button hook complete — hooked 0 button(s)
[20:29:15] Button hook complete — hooked 0 button(s)
[20:29:15] Button hook complete — hooked 0 button(s)
[20:29:15] Button hook complete — hooked 0 button(s)
[20:29:15] Button hook complete — hooked 0 button(s)
[20:29:15] Button hook complete — hooked 0 button(s)
[20:29:16] Button hook complete — hooked 0 button(s)
[20:29:16] Button hook complete — hooked 0 button(s)
[20:29:16] Button hook complete — hooked 0 button(s)
[20:29:16] Button hook complete — hooked 0 button(s)
[20:29:16] Button hook complete — hooked 0 button(s)
[20:29:16] Button hook complete — hooked 0 button(s)
[20:29:16] Button hook complete — hooked 0 button(s)
[20:29:17] Button hook complete — hooked 0 button(s)
[20:29:17] Button hook complete — hooked 0 button(s)
[20:29:17] Button hook complete — hooked 0 button(s)
[20:29:17] Button hook complete — hooked 0 button(s)
[20:29:17] Button hook complete — hooked 0 button(s)
[20:29:17] Button hook complete — hooked 0 button(s)
[20:29:18] Button hook complete — hooked 0 button(s)
[20:29:18] Button hook complete — hooked 0 button(s)
[20:29:18] Button hook complete — hooked 0 button(s)
[20:29:18] Button hook complete — hooked 0 button(s)
[20:29:18] Button hook complete — hooked 0 button(s)
[20:29:18] Button hook complete — hooked 0 button(s)
[20:29:19] Button hook complete — hooked 0 button(s)
[20:29:19] Button hook complete — hooked 0 button(s)
[20:29:19] Button hook complete — hooked 0 button(s)
[20:29:19] Button hook complete — hooked 0 button(s)
[20:29:19] Button hook complete — hooked 0 button(s)
[20:29:19] Button hook complete — hooked 0 button(s)
[20:29:20] Button hook complete — hooked 0 button(s)
[20:29:20] Button hook complete — hooked 0 button(s)
[20:29:20] Button hook complete — hooked 0 button(s)
[20:29:20] Button hook complete — hooked 0 button(s)
[20:29:20] Button hook complete — hooked 0 button(s)
[20:29:20] Button hook complete — hooked 0 button(s)
[20:29:21] Button hook complete — hooked 0 button(s)
[20:29:21] Button hook complete — hooked 0 button(s)
[20:29:21] Button hook complete — hooked 0 button(s)
[20:29:21] Button hook complete — hooked 0 button(s)
[20:29:21] Button hook complete — hooked 0 button(s)
[20:29:21] Button hook complete — hooked 0 button(s)
[20:29:21] Button hook complete — hooked 0 button(s)
[20:29:22] Button hook complete — hooked 0 button(s)
[20:29:22] Button hook complete — hooked 0 button(s)
[20:29:22] Button hook complete — hooked 0 button(s)
[20:29:22] Button hook complete — hooked 0 button(s)
[20:29:22] Button hook complete — hooked 0 button(s)
[20:29:22] Button hook complete — hooked 0 button(s)
[20:29:23] Button hook complete — hooked 0 button(s)
[20:29:23] Button hook complete — hooked 0 button(s)
[20:29:23] Button hook complete — hooked 0 button(s)
[20:29:23] Button hook complete — hooked 0 button(s)
[20:29:23] Button hook complete — hooked 0 button(s)
[20:29:23] Button hook complete — hooked 0 button(s)
[20:29:24] Button hook complete — hooked 0 button(s)
[20:29:24] Button hook complete — hooked 0 button(s)
[20:29:24] Button hook complete — hooked 0 button(s)
[20:29:24] Button hook complete — hooked 0 button(s)
[20:29:24] Button hook complete — hooked 0 button(s)
[20:29:24] Button hook complete — hooked 0 button(s)
[20:29:25] Button hook complete — hooked 0 button(s)
[20:29:25] Button hook complete — hooked 0 button(s)
[20:29:25] Button hook complete — hooked 0 button(s)
[20:29:25] Button hook complete — hooked 0 button(s)
[20:29:25] Button hook complete — hooked 0 button(s)
[20:29:25] Button hook complete — hooked 0 button(s)
[20:29:26] Button hook complete — hooked 0 button(s)
[20:29:26] Button hook complete — hooked 0 button(s)
[20:29:26] Button hook complete — hooked 0 button(s)
[20:29:26] Button hook complete — hooked 0 button(s)
[20:29:26] Button hook complete — hooked 0 button(s)
[20:29:26] Button hook complete — hooked 0 button(s)
[20:29:27] Button hook complete — hooked 0 button(s)
[20:29:27] Button hook complete — hooked 0 button(s)
[20:29:27] Button hook complete — hooked 0 button(s)
[20:29:27] Button hook complete — hooked 0 button(s)
[20:29:27] Button hook complete — hooked 0 button(s)
[20:29:27] Button hook complete — hooked 0 button(s)
[20:29:28] Button hook complete — hooked 0 button(s)
[20:29:28] Button hook complete — hooked 0 button(s)
[20:29:28] Button hook complete — hooked 0 button(s)
[20:29:28] Button hook complete — hooked 0 button(s)
[20:29:28] Button hook complete — hooked 0 button(s)
[20:29:28] Button hook complete — hooked 0 button(s)
[20:29:29] Button hook complete — hooked 0 button(s)
[20:29:29] Button hook complete — hooked 0 button(s)
[20:29:29] Button hook complete — hooked 0 button(s)
[20:29:29] Button hook complete — hooked 0 button(s)
[20:29:29] Button hook complete — hooked 0 button(s)
[20:29:29] Button hook complete — hooked 0 button(s)
[20:29:30] Button hook complete — hooked 0 button(s)
[20:29:30] Button hook complete — hooked 0 button(s)
[20:29:30] Button hook complete — hooked 0 button(s)
[20:29:30] Button hook complete — hooked 0 button(s)
[20:29:30] Button hook complete — hooked 0 button(s)
[20:29:30] Button hook complete — hooked 0 button(s)
[20:29:31] Button hook complete — hooked 0 button(s)
[20:29:31] Button hook complete — hooked 0 button(s)
[20:29:31] Button hook complete — hooked 0 button(s)
[20:29:31] Button hook complete — hooked 0 button(s)
[20:29:31] Button hook complete — hooked 0 button(s)
[20:29:31] Button hook complete — hooked 0 button(s)
[20:29:32] Button hook complete — hooked 0 button(s)
[20:29:32] Button hook complete — hooked 0 button(s)
[20:29:32] Button hook complete — hooked 0 button(s)
[20:29:32] Button hook complete — hooked 0 button(s)
[20:29:32] Button hook complete — hooked 0 button(s)
[20:29:32] Button hook complete — hooked 0 button(s)
[20:29:32] Button hook complete — hooked 0 button(s)
[20:29:33] Button hook complete — hooked 0 button(s)
[20:29:33] Button hook complete — hooked 0 button(s)
[20:29:33] Button hook complete — hooked 0 button(s)
[20:29:33] Button hook complete — hooked 0 button(s)
[20:29:33] Button hook complete — hooked 0 button(s)
[20:29:33] Button hook complete — hooked 0 button(s)
[20:29:34] Button hook complete — hooked 0 button(s)
[20:29:34] Button hook complete — hooked 0 button(s)
[20:29:34] Button hook complete — hooked 0 button(s)
[20:29:34] Button hook complete — hooked 0 button(s)
[20:29:34] Button hook complete — hooked 0 button(s)
[20:29:34] Button hook complete — hooked 0 button(s)
[20:29:35] Button hook complete — hooked 0 button(s)
[20:29:35] Button hook complete — hooked 0 button(s)
[20:29:35] Button hook complete — hooked 0 button(s)
[20:29:35] Button hook complete — hooked 0 button(s)
[20:29:35] Button hook complete — hooked 0 button(s)
[20:29:35] Button hook complete — hooked 0 button(s)
[20:29:36] Button hook complete — hooked 0 button(s)
[20:29:36] Button hook complete — hooked 0 button(s)
[20:29:36] Button hook complete — hooked 0 button(s)
[20:29:36] Button hook complete — hooked 0 button(s)
[20:29:36] Button hook complete — hooked 0 button(s)
[20:29:36] Button hook complete — hooked 0 button(s)
[20:29:37] Button hook complete — hooked 0 button(s)
[20:29:37] Button hook complete — hooked 0 button(s)
[20:29:37] Button hook complete — hooked 0 button(s)
[20:29:37] Button hook complete — hooked 0 button(s)
[20:29:37] Button hook complete — hooked 0 button(s)
[20:29:37] Button hook complete — hooked 0 button(s)
[20:29:38] Button hook complete — hooked 0 button(s)
[20:29:38] Button hook complete — hooked 0 button(s)
[20:29:38] Button hook complete — hooked 0 button(s)
[20:29:38] Button hook complete — hooked 0 button(s)
[20:29:38] Button hook complete — hooked 0 button(s)
[20:29:38] Button hook complete — hooked 0 button(s)
[20:29:39] Button hook complete — hooked 0 button(s)
[20:29:39] Button hook complete — hooked 0 button(s)
[20:29:39] Button hook complete — hooked 0 button(s)
[20:29:39] Button hook complete — hooked 0 button(s)
[20:29:39] Button hook complete — hooked 0 button(s)
[20:29:39] Button hook complete — hooked 0 button(s)
[20:29:40] Button hook complete — hooked 0 button(s)
[20:29:40] Button hook complete — hooked 0 button(s)
[20:29:40] Button hook complete — hooked 0 button(s)
[20:29:40] Button hook complete — hooked 0 button(s)
[20:29:40] Button hook complete — hooked 0 button(s)
[20:29:40] Button hook complete — hooked 0 button(s)
[20:29:41] Button hook complete — hooked 0 button(s)
[20:29:41] Button hook complete — hooked 0 button(s)
[20:29:41] Button hook complete — hooked 0 button(s)
[20:29:41] Button hook complete — hooked 0 button(s)
[20:29:41] Button hook complete — hooked 0 button(s)
[20:29:41] Button hook complete — hooked 0 button(s)
[20:29:42] Button hook complete — hooked 0 button(s)
[20:29:42] Button hook complete — hooked 0 button(s)
[20:29:42] Button hook complete — hooked 0 button(s)
[20:29:42] Button hook complete — hooked 0 button(s)
[20:29:42] Button hook complete — hooked 0 button(s)
[20:29:42] Button hook complete — hooked 0 button(s)
[20:29:43] Button hook complete — hooked 0 button(s)
[20:29:43] Button hook complete — hooked 0 button(s)
[20:29:43] Button hook complete — hooked 0 button(s)
[20:29:43] Button hook complete — hooked 0 button(s)
[20:29:43] Button hook complete — hooked 0 button(s)
[20:29:43] Button hook complete — hooked 0 button(s)
[20:29:44] Button hook complete — hooked 0 button(s)
[20:29:44] Button hook complete — hooked 0 button(s)
[20:29:44] Button hook complete — hooked 0 button(s)
[20:29:44] Button hook complete — hooked 0 button(s)
[20:29:44] Button hook complete — hooked 0 button(s)
[20:29:44] Button hook complete — hooked 0 button(s)
[20:29:45] Button hook complete — hooked 0 button(s)
[20:29:45] Button hook complete — hooked 0 button(s)
[20:29:45] Button hook complete — hooked 0 button(s)
[20:29:45] Button hook complete — hooked 0 button(s)
[20:29:45] Button hook complete — hooked 0 button(s)
[20:29:45] Button hook complete — hooked 0 button(s)
[20:29:46] Button hook complete — hooked 0 button(s)
[20:29:46] Button hook complete — hooked 0 button(s)
[20:29:46] Button hook complete — hooked 0 button(s)
[20:29:46] Button hook complete — hooked 0 button(s)
[20:29:46] Button hook complete — hooked 0 button(s)
[20:29:46] Button hook complete — hooked 0 button(s)
[20:29:47] Button hook complete — hooked 0 button(s)
[20:29:47] Button hook complete — hooked 0 button(s)
[20:29:47] Button hook complete — hooked 0 button(s)
[20:29:47] Button hook complete — hooked 0 button(s)
[20:29:47] Button hook complete — hooked 0 button(s)
[20:29:47] Button hook complete — hooked 0 button(s)
[20:29:47] Button hook complete — hooked 0 button(s)
[20:29:48] Button hook complete — hooked 0 button(s)
[20:29:48] Button hook complete — hooked 0 button(s)
[20:29:48] Button hook complete — hooked 0 button(s)
[20:29:48] Button hook complete — hooked 0 button(s)
[20:29:48] Button hook complete — hooked 0 button(s)
[20:29:48] Button hook complete — hooked 0 button(s)
[20:29:49] Button hook complete — hooked 0 button(s)
[20:29:49] Button hook complete — hooked 0 button(s)
[20:29:49] Button hook complete — hooked 0 button(s)
[20:29:49] Button hook complete — hooked 0 button(s)
[20:29:49] Button hook complete — hooked 0 button(s)
[20:29:49] Button hook complete — hooked 0 button(s)
[20:29:50] Button hook complete — hooked 0 button(s)
[20:29:50] Button hook complete — hooked 0 button(s)
[20:29:50] Button hook complete — hooked 0 button(s)
[20:29:50] Button hook complete — hooked 0 button(s)
[20:29:50] Button hook complete — hooked 0 button(s)
[20:29:50] Button hook complete — hooked 0 button(s)
[20:29:51] Button hook complete — hooked 0 button(s)
[20:29:51] Button hook complete — hooked 0 button(s)
[20:29:51] Button hook complete — hooked 0 button(s)
[20:29:51] Button hook complete — hooked 0 button(s)
[20:29:51] Button hook complete — hooked 0 button(s)
[20:29:51] Button hook complete — hooked 0 button(s)
[20:29:52] Button hook complete — hooked 0 button(s)
[20:29:52] Button hook complete — hooked 0 button(s)
[20:29:52] Button hook complete — hooked 0 button(s)
[20:29:52] Button hook complete — hooked 0 button(s)
[20:29:52] Button hook complete — hooked 0 button(s)
[20:29:52] Button hook complete — hooked 0 button(s)
[20:29:53] Button hook complete — hooked 0 button(s)
[20:29:53] Button hook complete — hooked 0 button(s)
[20:29:53] Button hook complete — hooked 0 button(s)
[20:29:53] Button hook complete — hooked 0 button(s)
[20:29:53] Button hook complete — hooked 0 button(s)
[20:29:53] Button hook complete — hooked 0 button(s)
[20:29:54] Button hook complete — hooked 0 button(s)
[20:29:54] Button hook complete — hooked 0 button(s)
[20:29:54] Button hook complete — hooked 0 button(s)
[20:29:54] Button hook complete — hooked 0 button(s)
[20:29:54] Button hook complete — hooked 0 button(s)
[20:29:54] Button hook complete — hooked 0 button(s)
[20:29:55] Button hook complete — hooked 0 button(s)
[20:29:55] Button hook complete — hooked 0 button(s)
[20:29:55] Button hook complete — hooked 0 button(s)
[20:29:55] Button hook complete — hooked 0 button(s)
[20:29:55] Button hook complete — hooked 0 button(s)
[20:29:55] Button hook complete — hooked 0 button(s)
[20:29:56] Button hook complete — hooked 0 button(s)
[20:29:56] Button hook complete — hooked 0 button(s)
[20:29:56] Button hook complete — hooked 0 button(s)
[20:29:56] Button hook complete — hooked 0 button(s)
[20:29:56] Button hook complete — hooked 0 button(s)
[20:29:56] Button hook complete — hooked 0 button(s)
[20:29:57] Button hook complete — hooked 0 button(s)
[20:29:57] Button hook complete — hooked 0 button(s)
[20:29:57] Button hook complete — hooked 0 button(s)
[20:29:57] Button hook complete — hooked 0 button(s)
[20:29:57] Button hook complete — hooked 0 button(s)
[20:29:57] Button hook complete — hooked 0 button(s)
[20:29:58] Button hook complete — hooked 0 button(s)
[20:29:58] Button hook complete — hooked 0 button(s)
[20:29:58] Button hook complete — hooked 0 button(s)
[20:29:58] Button hook complete — hooked 0 button(s)
[20:29:58] Button hook complete — hooked 0 button(s)
[20:29:58] Button hook complete — hooked 0 button(s)
[20:29:59] Button hook complete — hooked 0 button(s)
[20:29:59] Button hook complete — hooked 0 button(s)
[20:29:59] Button hook complete — hooked 0 button(s)
[20:29:59] Button hook complete — hooked 0 button(s)
[20:29:59] Button hook complete — hooked 0 button(s)
[20:29:59] Button hook complete — hooked 0 button(s)
[20:30:00] Button hook complete — hooked 0 button(s)
[20:30:00] Button hook complete — hooked 0 button(s)
[20:30:00] Button hook complete — hooked 0 button(s)
[20:30:00] Button hook complete — hooked 0 button(s)
[20:30:00] Button hook complete — hooked 0 button(s)
[20:30:00] Button hook complete — hooked 0 button(s)
[20:30:01] Button hook complete — hooked 0 button(s)
[20:30:01] Button hook complete — hooked 0 button(s)
[20:30:01] Button hook complete — hooked 0 button(s)
[20:30:01] Button hook complete — hooked 0 button(s)
[20:30:01] Button hook complete — hooked 0 button(s)
[20:30:01] Button hook complete — hooked 0 button(s)
[20:30:01] Button hook complete — hooked 0 button(s)
[20:30:02] Button hook complete — hooked 0 button(s)
[20:30:02] Button hook complete — hooked 0 button(s)
[20:30:02] Button hook complete — hooked 0 button(s)
[20:30:02] Button hook complete — hooked 0 button(s)
[20:30:02] Button hook complete — hooked 0 button(s)
[20:30:02] Button hook complete — hooked 0 button(s)
[20:30:03] Button hook complete — hooked 0 button(s)
[20:30:03] Button hook complete — hooked 0 button(s)
[20:30:03] Button hook complete — hooked 0 button(s)
[20:30:03] Button hook complete — hooked 0 button(s)
[20:30:03] Button hook complete — hooked 0 button(s)
[20:30:03] Button hook complete — hooked 0 button(s)
[20:30:04] Button hook complete — hooked 0 button(s)
[20:30:04] Button hook complete — hooked 0 button(s)
[20:30:04] Button hook complete — hooked 0 button(s)
[20:30:04] Button hook complete — hooked 0 button(s)
[20:30:04] Button hook complete — hooked 0 button(s)
[20:30:04] Button hook complete — hooked 0 button(s)
[20:30:05] Button hook complete — hooked 0 button(s)
[20:30:05] Button hook complete — hooked 0 button(s)
[20:30:05] Button hook complete — hooked 0 button(s)
[20:30:05] Button hook complete — hooked 0 button(s)
[20:30:05] Button hook complete — hooked 0 button(s)
[20:30:05] Button hook complete — hooked 0 button(s)
[20:30:06] Button hook complete — hooked 0 button(s)
[20:30:06] Button hook complete — hooked 0 button(s)
[20:30:06] Button hook complete — hooked 0 button(s)
[20:30:06] Button hook complete — hooked 0 button(s)
[20:30:06] Button hook complete — hooked 0 button(s)
[20:30:06] Button hook complete — hooked 0 button(s)
[20:30:07] Button hook complete — hooked 0 button(s)
[20:30:07] Button hook complete — hooked 0 button(s)
[20:30:07] Button hook complete — hooked 0 button(s)
[20:30:07] Button hook complete — hooked 0 button(s)
[20:30:07] Button hook complete — hooked 0 button(s)
[20:30:07] Button hook complete — hooked 0 button(s)
[20:30:08] Button hook complete — hooked 0 button(s)
[20:30:08] Button hook complete — hooked 0 button(s)
[20:30:08] Button hook complete — hooked 0 button(s)
[20:30:08] Button hook complete — hooked 0 button(s)
[20:30:08] Button hook complete — hooked 0 button(s)
[20:30:08] Button hook complete — hooked 0 button(s)
[20:30:09] Button hook complete — hooked 0 button(s)
[20:30:09] Button hook complete — hooked 0 button(s)
[20:30:09] Button hook complete — hooked 0 button(s)
[20:30:09] Button hook complete — hooked 0 button(s)
[20:30:09] Button hook complete — hooked 0 button(s)
[20:30:09] Button hook complete — hooked 0 button(s)
[20:30:10] Button hook complete — hooked 0 button(s)
[20:30:10] Button hook complete — hooked 0 button(s)
[20:30:10] Button hook complete — hooked 0 button(s)
[20:30:10] Button hook complete — hooked 0 button(s)
[20:30:10] Button hook complete — hooked 0 button(s)
[20:30:10] Button hook complete — hooked 0 button(s)
[20:30:11] Button hook complete — hooked 0 button(s)
[20:30:11] Button hook complete — hooked 0 button(s)
[20:30:11] Button hook complete — hooked 0 button(s)
[20:30:11] Button hook complete — hooked 0 button(s)
[20:30:11] Button hook complete — hooked 0 button(s)
[20:30:11] Button hook complete — hooked 0 button(s)
[20:30:12] Button hook complete — hooked 0 button(s)
[20:30:12] Button hook complete — hooked 0 button(s)
[20:30:12] Button hook complete — hooked 0 button(s)
[20:30:12] Button hook complete — hooked 0 button(s)
[20:30:12] Button hook complete — hooked 0 button(s)
[20:30:12] Button hook complete — hooked 0 button(s)
[20:30:12] Button hook complete — hooked 0 button(s)
[20:30:13] Button hook complete — hooked 0 button(s)
[20:30:13] Button hook complete — hooked 0 button(s)
[20:30:13] Button hook complete — hooked 0 button(s)
[20:30:13] Button hook complete — hooked 0 button(s)
[20:30:13] Button hook complete — hooked 0 button(s)
[20:30:13] Button hook complete — hooked 0 button(s)
[20:30:14] Button hook complete — hooked 0 button(s)
[20:30:14] Button hook complete — hooked 0 button(s)
[20:30:14] Button hook complete — hooked 0 button(s)
[20:30:14] Button hook complete — hooked 0 button(s)
[20:30:14] Button hook complete — hooked 0 button(s)
[20:30:14] Button hook complete — hooked 0 button(s)
[20:30:15] Button hook complete — hooked 0 button(s)
[20:30:15] Button hook complete — hooked 0 button(s)
[20:30:15] Button hook complete — hooked 0 button(s)
[20:30:15] Button hook complete — hooked 0 button(s)
[20:30:15] Button hook complete — hooked 0 button(s)
[20:30:15] Button hook complete — hooked 0 button(s)
[20:30:16] Button hook complete — hooked 0 button(s)
[20:30:16] Button hook complete — hooked 0 button(s)
[20:30:16] Button hook complete — hooked 0 button(s)
[20:30:16] Button hook complete — hooked 0 button(s)
[20:30:16] Button hook complete — hooked 0 button(s)
[20:30:16] Button hook complete — hooked 0 button(s)
[20:30:17] Button hook complete — hooked 0 button(s)
[20:30:17] Button hook complete — hooked 0 button(s)
[20:30:17] Button hook complete — hooked 0 button(s)
[20:30:17] Button hook complete — hooked 0 button(s)
[20:30:17] Button hook complete — hooked 0 button(s)
[20:30:17] Button hook complete — hooked 0 button(s)
[20:30:18] Button hook complete — hooked 0 button(s)
[20:30:18] Button hook complete — hooked 0 button(s)
[20:30:18] Button hook complete — hooked 0 button(s)
[20:30:18] Button hook complete — hooked 0 button(s)
[20:30:18] Button hook complete — hooked 0 button(s)
[20:30:18] Button hook complete — hooked 0 button(s)
[20:30:19] Button hook complete — hooked 0 button(s)
[20:30:19] Button hook complete — hooked 0 button(s)
[20:30:19] Button hook complete — hooked 0 button(s)
[20:30:19] Button hook complete — hooked 0 button(s)
[20:30:19] Button hook complete — hooked 0 button(s)
[20:30:19] Button hook complete — hooked 0 button(s)
[20:30:20] Button hook complete — hooked 0 button(s)
[20:30:20] Button hook complete — hooked 0 button(s)
[20:30:20] Button hook complete — hooked 0 button(s)
[20:30:20] Button hook complete — hooked 0 button(s)
[20:30:20] Button hook complete — hooked 0 button(s)
[20:30:20] Button hook complete — hooked 0 button(s)
[20:30:21] Button hook complete — hooked 0 button(s)
[20:30:21] Button hook complete — hooked 0 button(s)
[20:30:21] Button hook complete — hooked 0 button(s)
[20:30:21] Button hook complete — hooked 0 button(s)
[20:30:21] Button hook complete — hooked 0 button(s)
[20:30:21] Button hook complete — hooked 0 button(s)
[20:30:22] Button hook complete — hooked 0 button(s)
[20:30:22] Button hook complete — hooked 0 button(s)
[20:30:22] Button hook complete — hooked 0 button(s)
[20:30:22] Button hook complete — hooked 0 button(s)
[20:30:22] Button hook complete — hooked 0 button(s)
[20:30:22] Button hook complete — hooked 0 button(s)
[20:30:22] Button hook complete — hooked 0 button(s)
[20:30:23] Button hook complete — hooked 0 button(s)
[20:30:23] Button hook complete — hooked 0 button(s)
[20:30:23] Button hook complete — hooked 0 button(s)
[20:30:23] Button hook complete — hooked 0 button(s)
[20:30:23] Button hook complete — hooked 0 button(s)
[20:30:23] Button hook complete — hooked 0 button(s)
[20:30:24] Button hook complete — hooked 0 button(s)
[20:30:24] Button hook complete — hooked 0 button(s)
[20:30:24] Button hook complete — hooked 0 button(s)
[20:30:24] Button hook complete — hooked 0 button(s)
[20:30:24] Button hook complete — hooked 0 button(s)
[20:30:24] Button hook complete — hooked 0 button(s)
[20:30:25] Button hook complete — hooked 0 button(s)
[20:30:25] Button hook complete — hooked 0 button(s)
[20:30:25] Button hook complete — hooked 0 button(s)
[20:30:25] Button hook complete — hooked 0 button(s)
[20:30:25] Button hook complete — hooked 0 button(s)
[20:30:25] Button hook complete — hooked 0 button(s)
[20:30:26] Button hook complete — hooked 0 button(s)
[20:30:26] Button hook complete — hooked 0 button(s)
[20:30:26] Button hook complete — hooked 0 button(s)
[20:30:26] Button hook complete — hooked 0 button(s)
[20:30:26] Button hook complete — hooked 0 button(s)
[20:30:26] Button hook complete — hooked 0 button(s)
[20:30:27] Button hook complete — hooked 0 button(s)
[20:30:27] Button hook complete — hooked 0 button(s)
[20:30:27] Button hook complete — hooked 0 button(s)
[20:30:27] Button hook complete — hooked 0 button(s)
[20:30:27] Button hook complete — hooked 0 button(s)
[20:30:27] Button hook complete — hooked 0 button(s)
[20:30:28] Button hook complete — hooked 0 button(s)
[20:30:28] Button hook complete — hooked 0 button(s)
[20:30:28] Button hook complete — hooked 0 button(s)
[20:30:28] Button hook complete — hooked 0 button(s)
[20:30:28] Button hook complete — hooked 0 button(s)
[20:30:28] Button hook complete — hooked 0 button(s)
[20:30:29] Button hook complete — hooked 0 button(s)
[20:30:29] Button hook complete — hooked 0 button(s)
[20:30:29] Button hook complete — hooked 0 button(s)
[20:30:29] Button hook complete — hooked 0 button(s)
[20:30:29] Button hook complete — hooked 0 button(s)
[20:30:29] Button hook complete — hooked 0 button(s)
[20:30:30] Button hook complete — hooked 0 button(s)
[20:30:30] Button hook complete — hooked 0 button(s)
[20:30:30] Button hook complete — hooked 0 button(s)
[20:30:30] Button hook complete — hooked 0 button(s)
[20:30:30] Button hook complete — hooked 0 button(s)
[20:30:30] Button hook complete — hooked 0 button(s)
[20:30:31] Button hook complete — hooked 0 button(s)
[20:30:31] Button hook complete — hooked 0 button(s)
[20:30:31] Button hook complete — hooked 0 button(s)
[20:30:31] Button hook complete — hooked 0 button(s)
[20:30:31] Button hook complete — hooked 0 button(s)
[20:30:31] Button hook complete — hooked 0 button(s)
[20:30:32] Button hook complete — hooked 0 button(s)
[20:30:32] Button hook complete — hooked 0 button(s)
[20:30:32] Button hook complete — hooked 0 button(s)
[20:30:32] Button hook complete — hooked 0 button(s)
[20:30:32] Button hook complete — hooked 0 button(s)
[20:30:32] Button hook complete — hooked 0 button(s)
[20:30:33] Button hook complete — hooked 0 button(s)
[20:30:33] Button hook complete — hooked 0 button(s)
[20:30:33] Button hook complete — hooked 0 button(s)
[20:30:33] Button hook complete — hooked 0 button(s)
[20:30:33] Button hook complete — hooked 0 button(s)
[20:30:33] Button hook complete — hooked 0 button(s)
[20:30:33] Button hook complete — hooked 0 button(s)
[20:30:34] Button hook complete — hooked 0 button(s)
[20:30:34] Button hook complete — hooked 0 button(s)
[20:30:34] Button hook complete — hooked 0 button(s)
[20:30:34] Button hook complete — hooked 0 button(s)
[20:30:34] Button hook complete — hooked 0 button(s)
[20:30:34] Button hook complete — hooked 0 button(s)
[20:30:35] Button hook complete — hooked 0 button(s)
[20:30:35] Button hook complete — hooked 0 button(s)
[20:30:35] Button hook complete — hooked 0 button(s)
[20:30:35] Button hook complete — hooked 0 button(s)
[20:30:35] Button hook complete — hooked 0 button(s)
[20:30:35] Button hook complete — hooked 0 button(s)
[20:30:36] Button hook complete — hooked 0 button(s)
[20:30:36] Button hook complete — hooked 0 button(s)
[20:30:36] Button hook complete — hooked 0 button(s)
[20:30:36] Button hook complete — hooked 0 button(s)
[20:30:36] Button hook complete — hooked 0 button(s)
[20:30:36] Button hook complete — hooked 0 button(s)
[20:30:37] Button hook complete — hooked 0 button(s)
[20:30:37] Button hook complete — hooked 0 button(s)
[20:30:37] Button hook complete — hooked 0 button(s)
[20:30:37] Button hook complete — hooked 0 button(s)
[20:30:37] Button hook complete — hooked 0 button(s)
[20:30:37] Button hook complete — hooked 0 button(s)
[20:30:38] Button hook complete — hooked 0 button(s)
[20:30:38] Button hook complete — hooked 0 button(s)
[20:30:38] Button hook complete — hooked 0 button(s)
[20:30:38] Button hook complete — hooked 0 button(s)
[20:30:38] Button hook complete — hooked 0 button(s)
[20:30:38] Button hook complete — hooked 0 button(s)
[20:30:39] Button hook complete — hooked 0 button(s)
[20:30:39] Button hook complete — hooked 0 button(s)
[20:30:39] Button hook complete — hooked 0 button(s)
[20:30:39] Button hook complete — hooked 0 button(s)
[20:30:39] Button hook complete — hooked 0 button(s)
[20:30:39] Button hook complete — hooked 0 button(s)
[20:30:40] Button hook complete — hooked 0 button(s)
[20:30:40] Button hook complete — hooked 0 button(s)
[20:30:40] Button hook complete — hooked 0 button(s)
[20:30:40] Button hook complete — hooked 0 button(s)
[20:30:40] Button hook complete — hooked 0 button(s)
[20:30:40] Button hook complete — hooked 0 button(s)
[20:30:41] Button hook complete — hooked 0 button(s)
[20:30:41] Button hook complete — hooked 0 button(s)
[20:30:41] Button hook complete — hooked 0 button(s)
[20:30:41] Button hook complete — hooked 0 button(s)
[20:30:41] Button hook complete — hooked 0 button(s)
[20:30:41] Button hook complete — hooked 0 button(s)
[20:30:41] Button hook complete — hooked 0 button(s)
[20:30:42] Button hook complete — hooked 0 button(s)
[20:30:42] Button hook complete — hooked 0 button(s)
[20:30:42] Button hook complete — hooked 0 button(s)
[20:30:42] Button hook complete — hooked 0 button(s)
[20:30:42] Button hook complete — hooked 0 button(s)
[20:30:42] Button hook complete — hooked 0 button(s)
[20:30:43] Button hook complete — hooked 0 button(s)
[20:30:43] Button hook complete — hooked 0 button(s)
[20:30:43] Button hook complete — hooked 0 button(s)
[20:30:43] Button hook complete — hooked 0 button(s)
[20:30:43] Button hook complete — hooked 0 button(s)
[20:30:43] Button hook complete — hooked 0 button(s)
[20:30:44] Button hook complete — hooked 0 button(s)
[20:30:44] Button hook complete — hooked 0 button(s)
[20:30:44] Button hook complete — hooked 0 button(s)
[20:30:44] Button hook complete — hooked 0 button(s)
[20:30:44] Button hook complete — hooked 0 button(s)
[20:30:44] Button hook complete — hooked 0 button(s)
[20:30:45] Button hook complete — hooked 0 button(s)
[20:30:45] Button hook complete — hooked 0 button(s)
[20:30:45] Button hook complete — hooked 0 button(s)
[20:30:45] Button hook complete — hooked 0 button(s)
[20:30:45] Button hook complete — hooked 0 button(s)
[20:30:45] Button hook complete — hooked 0 button(s)
[20:30:46] Button hook complete — hooked 0 button(s)
[20:30:46] Button hook complete — hooked 0 button(s)
[20:30:46] Button hook complete — hooked 0 button(s)
[20:30:46] Button hook complete — hooked 0 button(s)
[20:30:46] Button hook complete — hooked 0 button(s)
[20:30:46] Button hook complete — hooked 0 button(s)
[20:30:47] Button hook complete — hooked 0 button(s)
[20:30:47] Button hook complete — hooked 0 button(s)
[20:30:47] Button hook complete — hooked 0 button(s)
[20:30:47] Button hook complete — hooked 0 button(s)
[20:30:47] Button hook complete — hooked 0 button(s)
[20:30:47] Button hook complete — hooked 0 button(s)
[20:30:48] Button hook complete — hooked 0 button(s)
[20:30:48] Button hook complete — hooked 0 button(s)
[20:30:48] Button hook complete — hooked 0 button(s)
[20:30:48] Button hook complete — hooked 0 button(s)
[20:30:48] Button hook complete — hooked 0 button(s)
[20:30:48] Button hook complete — hooked 0 button(s)
[20:30:49] Button hook complete — hooked 0 button(s)
[20:30:49] Button hook complete — hooked 0 button(s)
[20:30:49] Button hook complete — hooked 0 button(s)
[20:30:49] Button hook complete — hooked 0 button(s)
[20:30:49] Button hook complete — hooked 0 button(s)
[20:30:49] Button hook complete — hooked 0 button(s)
[20:30:50] Button hook complete — hooked 0 button(s)
[20:30:50] Button hook complete — hooked 0 button(s)
[20:30:50] Button hook complete — hooked 0 button(s)
[20:30:50] Button hook complete — hooked 0 button(s)
[20:30:50] Button hook complete — hooked 0 button(s)
[20:30:50] Button hook complete — hooked 0 button(s)
[20:30:51] Button hook complete — hooked 0 button(s)
[20:30:51] Button hook complete — hooked 0 button(s)
[20:30:51] Button hook complete — hooked 0 button(s)
[20:30:51] Button hook complete — hooked 0 button(s)
[20:30:51] Button hook complete — hooked 0 button(s)
[20:30:51] Button hook complete — hooked 0 button(s)
[20:30:52] Button hook complete — hooked 0 button(s)
[20:30:52] Button hook complete — hooked 0 button(s)
[20:30:52] Button hook complete — hooked 0 button(s)
[20:30:52] Button hook complete — hooked 0 button(s)
[20:30:52] Button hook complete — hooked 0 button(s)
[20:30:52] Button hook complete — hooked 0 button(s)
[20:30:52] Button hook complete — hooked 0 button(s)
[20:30:53] Button hook complete — hooked 0 button(s)
[20:30:53] Button hook complete — hooked 0 button(s)
[20:30:53] Button hook complete — hooked 0 button(s)
[20:30:53] Button hook complete — hooked 0 button(s)
[20:30:53] Button hook complete — hooked 0 button(s)
[20:30:53] Button hook complete — hooked 0 button(s)
[20:30:54] Button hook complete — hooked 0 button(s)
[20:30:54] Button hook complete — hooked 0 button(s)
[20:30:54] Button hook complete — hooked 0 button(s)
[20:30:54] Button hook complete — hooked 0 button(s)
[20:30:54] Button hook complete — hooked 0 button(s)
[20:30:54] Button hook complete — hooked 0 button(s)
[20:30:55] Button hook complete — hooked 0 button(s)
[20:30:55] Button hook complete — hooked 0 button(s)
[20:30:55] Button hook complete — hooked 0 button(s)
[20:30:55] Button hook complete — hooked 0 button(s)
[20:30:55] Button hook complete — hooked 0 button(s)
[20:30:55] Button hook complete — hooked 0 button(s)
[20:30:56] Button hook complete — hooked 0 button(s)
[20:30:56] Button hook complete — hooked 0 button(s)
[20:30:56] Button hook complete — hooked 0 button(s)
[20:30:56] Button hook complete — hooked 0 button(s)
[20:30:56] Button hook complete — hooked 0 button(s)
[20:30:56] Button hook complete — hooked 0 button(s)
[20:30:57] Button hook complete — hooked 0 button(s)
[20:30:57] Button hook complete — hooked 0 button(s)
[20:30:57] Button hook complete — hooked 0 button(s)
[20:30:57] Button hook complete — hooked 0 button(s)
[20:30:57] Button hook complete — hooked 0 button(s)
[20:30:57] Button hook complete — hooked 0 button(s)
[20:30:58] Button hook complete — hooked 0 button(s)
[20:30:58] Button hook complete — hooked 0 button(s)
[20:30:58] Button hook complete — hooked 0 button(s)
[20:30:58] Button hook complete — hooked 0 button(s)
[20:30:58] Button hook complete — hooked 0 button(s)
[20:30:58] Button hook complete — hooked 0 button(s)
[20:30:59] Button hook complete — hooked 0 button(s)
[20:30:59] Button hook complete — hooked 0 button(s)
[20:30:59] Button hook complete — hooked 0 button(s)
[20:30:59] Button hook complete — hooked 0 button(s)
[20:30:59] Button hook complete — hooked 0 button(s)
[20:30:59] Button hook complete — hooked 0 button(s)
[20:31:00] Button hook complete — hooked 0 button(s)
[20:31:00] Button hook complete — hooked 0 button(s)
[20:31:00] Button hook complete — hooked 0 button(s)
[20:31:00] Button hook complete — hooked 0 button(s)
[20:31:00] Button hook complete — hooked 0 button(s)
[20:31:00] Button hook complete — hooked 0 button(s)
[20:31:01] Button hook complete — hooked 0 button(s)
[20:31:01] Button hook complete — hooked 0 button(s)
[20:31:01] Button hook complete — hooked 0 button(s)
[20:31:01] Button hook complete — hooked 0 button(s)
[20:31:01] Button hook complete — hooked 0 button(s)
[20:31:01] Button hook complete — hooked 0 button(s)
[20:31:02] Button hook complete — hooked 0 button(s)
[20:31:02] Button hook complete — hooked 0 button(s)
[20:31:02] Button hook complete — hooked 0 button(s)
[20:31:02] Button hook complete — hooked 0 button(s)
[20:31:02] Button hook complete — hooked 0 button(s)
[20:31:02] Button hook complete — hooked 0 button(s)
[20:31:02] Button hook complete — hooked 0 button(s)
[20:31:03] Button hook complete — hooked 0 button(s)
[20:31:03] Button hook complete — hooked 0 button(s)
[20:31:03] Button hook complete — hooked 0 button(s)
[20:31:03] Button hook complete — hooked 0 button(s)
[20:31:03] Button hook complete — hooked 0 button(s)
[20:31:03] Button hook complete — hooked 0 button(s)
[20:31:04] Button hook complete — hooked 0 button(s)
[20:31:04] Button hook complete — hooked 0 button(s)
[20:31:04] Button hook complete — hooked 0 button(s)
[20:31:04] Button hook complete — hooked 0 button(s)
[20:31:04] Button hook complete — hooked 0 button(s)
[20:31:04] Button hook complete — hooked 0 button(s)
[20:31:05] Button hook complete — hooked 0 button(s)
[20:31:05] Button hook complete — hooked 0 button(s)
[20:31:05] Button hook complete — hooked 0 button(s)
[20:31:05] Button hook complete — hooked 0 button(s)
[20:31:05] Button hook complete — hooked 0 button(s)
[20:31:05] Button hook complete — hooked 0 button(s)
[20:31:06] Button hook complete — hooked 0 button(s)
[20:31:06] Button hook complete — hooked 0 button(s)
[20:31:06] Button hook complete — hooked 0 button(s)
[20:31:06] Button hook complete — hooked 0 button(s)
[20:31:06] Button hook complete — hooked 0 button(s)
[20:31:06] Button hook complete — hooked 0 button(s)
[20:31:07] Button hook complete — hooked 0 button(s)
[20:31:07] Button hook complete — hooked 0 button(s)
[20:31:07] Button hook complete — hooked 0 button(s)
[20:31:07] Button hook complete — hooked 0 button(s)
[20:31:07] Button hook complete — hooked 0 button(s)
[20:31:07] Button hook complete — hooked 0 button(s)
[20:31:08] Button hook complete — hooked 0 button(s)
[20:31:08] Button hook complete — hooked 0 button(s)
[20:31:08] Button hook complete — hooked 0 button(s)
[20:31:08] Button hook complete — hooked 0 button(s)
[20:31:08] Button hook complete — hooked 0 button(s)
[20:31:08] Button hook complete — hooked 0 button(s)
[20:31:09] Button hook complete — hooked 0 button(s)
[20:31:09] Button hook complete — hooked 0 button(s)
[20:31:09] Button hook complete — hooked 0 button(s)
[20:31:09] Button hook complete — hooked 0 button(s)
[20:31:09] Button hook complete — hooked 0 button(s)
[20:31:09] Button hook complete — hooked 0 button(s)
[20:31:10] Button hook complete — hooked 0 button(s)
[20:31:10] Button hook complete — hooked 0 button(s)
[20:31:10] Button hook complete — hooked 0 button(s)
[20:31:10] Button hook complete — hooked 0 button(s)
[20:31:10] Button hook complete — hooked 0 button(s)
[20:31:10] Button hook complete — hooked 0 button(s)
[20:31:11] Button hook complete — hooked 0 button(s)
[20:31:11] Button hook complete — hooked 0 button(s)
[20:31:11] Button hook complete — hooked 0 button(s)
[20:31:11] Button hook complete — hooked 0 button(s)
[20:31:11] Button hook complete — hooked 0 button(s)
[20:31:11] Button hook complete — hooked 0 button(s)
[20:31:12] Button hook complete — hooked 0 button(s)
[20:31:12] Button hook complete — hooked 0 button(s)
[20:31:12] Button hook complete — hooked 0 button(s)
[20:31:12] Button hook complete — hooked 0 button(s)
[20:31:12] Button hook complete — hooked 0 button(s)
[20:31:12] Button hook complete — hooked 0 button(s)
[20:31:13] Button hook complete — hooked 0 button(s)
[20:31:13] Button hook complete — hooked 0 button(s)
[20:31:13] Button hook complete — hooked 0 button(s)
[20:31:13] Button hook complete — hooked 0 button(s)
[20:31:13] Button hook complete — hooked 0 button(s)
[20:31:13] Button hook complete — hooked 0 button(s)
[20:31:14] Button hook complete — hooked 0 button(s)
[20:31:14] Button hook complete — hooked 0 button(s)
[20:31:14] Button hook complete — hooked 0 button(s)
[20:31:14] Button hook complete — hooked 0 button(s)
[20:31:14] Button hook complete — hooked 0 button(s)
[20:31:14] Button hook complete — hooked 0 button(s)
[20:31:14] Button hook complete — hooked 0 button(s)
[20:31:15] Button hook complete — hooked 0 button(s)
[20:31:15] Button hook complete — hooked 0 button(s)
[20:31:15] Button hook complete — hooked 0 button(s)
[20:31:15] Button hook complete — hooked 0 button(s)
[20:31:15] Button hook complete — hooked 0 button(s)
[20:31:15] Button hook complete — hooked 0 button(s)
[20:31:16] Button hook complete — hooked 0 button(s)
[20:31:16] Button hook complete — hooked 0 button(s)
[20:31:16] Button hook complete — hooked 0 button(s)
[20:31:16] Button hook complete — hooked 0 button(s)
[20:31:16] Button hook complete — hooked 0 button(s)
[20:31:16] Button hook complete — hooked 0 button(s)
[20:31:17] Button hook complete — hooked 0 button(s)
[20:31:17] Button hook complete — hooked 0 button(s)
[20:31:17] Button hook complete — hooked 0 button(s)
[20:31:17] Button hook complete — hooked 0 button(s)
[20:31:17] Button hook complete — hooked 0 button(s)
[20:31:17] Button hook complete — hooked 0 button(s)
[20:31:18] Button hook complete — hooked 0 button(s)
[20:31:18] Button hook complete — hooked 0 button(s)
[20:31:18] Button hook complete — hooked 0 button(s)
[20:31:18] Button hook complete — hooked 0 button(s)
[20:31:18] Button hook complete — hooked 0 button(s)
[20:31:18] Button hook complete — hooked 0 button(s)
[20:31:19] Button hook complete — hooked 0 button(s)
[20:31:19] Button hook complete — hooked 0 button(s)
[20:31:19] Button hook complete — hooked 0 button(s)
[20:31:19] Button hook complete — hooked 0 button(s)
[20:31:19] Button hook complete — hooked 0 button(s)
[20:31:19] Button hook complete — hooked 0 button(s)
[20:31:20] Button hook complete — hooked 0 button(s)
[20:31:20] Button hook complete — hooked 0 button(s)
[20:31:20] Button hook complete — hooked 0 button(s)
[20:31:20] Button hook complete — hooked 0 button(s)
[20:31:20] Button hook complete — hooked 0 button(s)
[20:31:20] Button hook complete — hooked 0 button(s)
[20:31:21] Button hook complete — hooked 0 button(s)
[20:31:21] Button hook complete — hooked 0 button(s)
[20:31:21] Button hook complete — hooked 0 button(s)
[20:31:21] Button hook complete — hooked 0 button(s)
[20:31:21] Button hook complete — hooked 0 button(s)
[20:31:21] Button hook complete — hooked 0 button(s)
[20:31:22] Button hook complete — hooked 0 button(s)
[20:31:22] Button hook complete — hooked 0 button(s)
[20:31:22] Button hook complete — hooked 0 button(s)
[20:31:22] Button hook complete — hooked 0 button(s)
[20:31:22] Button hook complete — hooked 0 button(s)
[20:31:22] Button hook complete — hooked 0 button(s)
[20:31:23] Button hook complete — hooked 0 button(s)
[20:31:23] Button hook complete — hooked 0 button(s)
[20:31:23] Button hook complete — hooked 0 button(s)
[20:31:23] Button hook complete — hooked 0 button(s)
[20:31:23] Button hook complete — hooked 0 button(s)
[20:31:23] Button hook complete — hooked 0 button(s)
[20:31:24] Button hook complete — hooked 0 button(s)
[20:31:24] Button hook complete — hooked 0 button(s)
[20:31:24] Button hook complete — hooked 0 button(s)
[20:31:24] Button hook complete — hooked 0 button(s)
[20:31:24] Button hook complete — hooked 0 button(s)
[20:31:24] Button hook complete — hooked 0 button(s)
[20:31:25] Button hook complete — hooked 0 button(s)
[20:31:25] Button hook complete — hooked 0 button(s)
[20:31:25] Button hook complete — hooked 0 button(s)
[20:31:25] Button hook complete — hooked 0 button(s)
[20:31:25] Button hook complete — hooked 0 button(s)
[20:31:25] Button hook complete — hooked 0 button(s)
[20:31:26] Button hook complete — hooked 0 button(s)
[20:31:26] Button hook complete — hooked 0 button(s)
[20:31:26] Button hook complete — hooked 0 button(s)
[20:31:26] Button hook complete — hooked 0 button(s)
[20:31:26] Button hook complete — hooked 0 button(s)
[20:31:26] Button hook complete — hooked 0 button(s)
[20:31:26] Button hook complete — hooked 0 button(s)
[20:31:27] Button hook complete — hooked 0 button(s)
[20:31:27] Button hook complete — hooked 0 button(s)
[20:31:27] Button hook complete — hooked 0 button(s)
[20:31:27] Button hook complete — hooked 0 button(s)
[20:31:27] Button hook complete — hooked 0 button(s)
[20:31:27] Button hook complete — hooked 0 button(s)
[20:31:28] Button hook complete — hooked 0 button(s)
[20:31:28] Button hook complete — hooked 0 button(s)
[20:31:28] Button hook complete — hooked 0 button(s)
[20:31:28] Button hook complete — hooked 0 button(s)
[20:31:28] Button hook complete — hooked 0 button(s)
[20:31:28] Button hook complete — hooked 0 button(s)
[20:31:29] Button hook complete — hooked 0 button(s)
[20:31:29] Button hook complete — hooked 0 button(s)
[20:31:29] Button hook complete — hooked 0 button(s)
[20:31:29] Button hook complete — hooked 0 button(s)
[20:31:29] Button hook complete — hooked 0 button(s)
[20:31:29] Button hook complete — hooked 0 button(s)
[20:31:30] Button hook complete — hooked 0 button(s)
[20:31:30] Button hook complete — hooked 0 button(s)
[20:31:30] Button hook complete — hooked 0 button(s)
[20:31:30] Button hook complete — hooked 0 button(s)
[20:31:30] Button hook complete — hooked 0 button(s)
[20:31:30] Button hook complete — hooked 0 button(s)
[20:31:31] Button hook complete — hooked 0 button(s)
[20:31:31] Button hook complete — hooked 0 button(s)
[20:31:31] Button hook complete — hooked 0 button(s)
[20:31:31] Button hook complete — hooked 0 button(s)
[20:31:31] Button hook complete — hooked 0 button(s)
[20:31:31] Button hook complete — hooked 0 button(s)
[20:31:32] Button hook complete — hooked 0 button(s)
[20:31:32] Button hook complete — hooked 0 button(s)
[20:31:32] Button hook complete — hooked 0 button(s)
[20:31:32] Button hook complete — hooked 0 button(s)
[20:31:32] Button hook complete — hooked 0 button(s)
[20:31:32] Button hook complete — hooked 0 button(s)
[20:31:33] Button hook complete — hooked 0 button(s)
[20:31:33] Button hook complete — hooked 0 button(s)
[20:31:33] Button hook complete — hooked 0 button(s)
[20:31:33] Button hook complete — hooked 0 button(s)
[20:31:33] Button hook complete — hooked 0 button(s)
[20:31:33] Button hook complete — hooked 0 button(s)
[20:31:34] Button hook complete — hooked 0 button(s)
[20:31:34] Button hook complete — hooked 0 button(s)
[20:31:34] Button hook complete — hooked 0 button(s)
[20:31:34] Button hook complete — hooked 0 button(s)
[20:31:34] Button hook complete — hooked 0 button(s)
[20:31:34] Button hook complete — hooked 0 button(s)
[20:31:35] Button hook complete — hooked 0 button(s)
[20:31:35] Button hook complete — hooked 0 button(s)
[20:31:35] Button hook complete — hooked 0 button(s)
[20:31:35] Button hook complete — hooked 0 button(s)
[20:31:35] Button hook complete — hooked 0 button(s)
[20:31:35] Button hook complete — hooked 0 button(s)
[20:31:36] Button hook complete — hooked 0 button(s)
[20:31:36] Button hook complete — hooked 0 button(s)
[20:31:36] Button hook complete — hooked 0 button(s)
[20:31:36] Button hook complete — hooked 0 button(s)
[20:31:36] Button hook complete — hooked 0 button(s)
[20:31:36] Button hook complete — hooked 0 button(s)
[20:31:37] Button hook complete — hooked 0 button(s)
[20:31:37] Button hook complete — hooked 0 button(s)
[20:31:37] Button hook complete — hooked 0 button(s)
[20:31:37] Button hook complete — hooked 0 button(s)
[20:31:37] Button hook complete — hooked 0 button(s)
[20:31:37] Button hook complete — hooked 0 button(s)
[20:31:38] Button hook complete — hooked 0 button(s)
[20:31:38] Button hook complete — hooked 0 button(s)
[20:31:38] Button hook complete — hooked 0 button(s)
[20:31:38] Button hook complete — hooked 0 button(s)
[20:31:38] Button hook complete — hooked 0 button(s)
[20:31:38] Button hook complete — hooked 0 button(s)
[20:31:39] Button hook complete — hooked 0 button(s)
[20:31:39] Button hook complete — hooked 0 button(s)
[20:31:39] Button hook complete — hooked 0 button(s)
[20:31:39] Button hook complete — hooked 0 button(s)
[20:31:39] Button hook complete — hooked 0 button(s)
[20:31:39] Button hook complete — hooked 0 button(s)
[20:31:40] Button hook complete — hooked 0 button(s)
[20:31:40] Button hook complete — hooked 0 button(s)
[20:31:40] Button hook complete — hooked 0 button(s)
[20:31:40] Button hook complete — hooked 0 button(s)
[20:31:40] Button hook complete — hooked 0 button(s)
[20:31:40] Button hook complete — hooked 0 button(s)
[20:31:41] Button hook complete — hooked 0 button(s)
[20:31:41] Button hook complete — hooked 0 button(s)
[20:31:41] Button hook complete — hooked 0 button(s)
[20:31:41] Button hook complete — hooked 0 button(s)
[20:31:41] Button hook complete — hooked 0 button(s)
[20:31:41] Button hook complete — hooked 0 button(s)
[20:31:42] Button hook complete — hooked 0 button(s)
[20:31:42] Button hook complete — hooked 0 button(s)
[20:31:42] Button hook complete — hooked 0 button(s)
[20:31:42] Button hook complete — hooked 0 button(s)
[20:31:42] Button hook complete — hooked 0 button(s)
[20:31:42] Button hook complete — hooked 0 button(s)
[20:31:42] Button hook complete — hooked 0 button(s)
[20:31:43] Button hook complete — hooked 0 button(s)
[20:31:43] Button hook complete — hooked 0 button(s)
[20:31:43] Button hook complete — hooked 0 button(s)
[20:31:43] Button hook complete — hooked 0 button(s)
[20:31:43] Button hook complete — hooked 0 button(s)
[20:31:43] Button hook complete — hooked 0 button(s)
[20:31:44] Button hook complete — hooked 0 button(s)
[20:31:44] Button hook complete — hooked 0 button(s)
[20:31:44] Button hook complete — hooked 0 button(s)
[20:31:44] Button hook complete — hooked 0 button(s)
[20:31:44] Button hook complete — hooked 0 button(s)
[20:31:44] Button hook complete — hooked 0 button(s)
[20:31:45] Button hook complete — hooked 0 button(s)
[20:31:45] Button hook complete — hooked 0 button(s)
[20:31:45] Button hook complete — hooked 0 button(s)
[20:31:45] Button hook complete — hooked 0 button(s)
[20:31:45] Button hook complete — hooked 0 button(s)
[20:31:45] Button hook complete — hooked 0 button(s)
[20:31:46] Button hook complete — hooked 0 button(s)
[20:31:46] Button hook complete — hooked 0 button(s)
[20:31:46] Button hook complete — hooked 0 button(s)
[20:31:46] Button hook complete — hooked 0 button(s)
[20:31:46] Button hook complete — hooked 0 button(s)
[20:31:46] Button hook complete — hooked 0 button(s)
[20:31:47] Button hook complete — hooked 0 button(s)
[20:31:47] Button hook complete — hooked 0 button(s)
[20:31:47] Button hook complete — hooked 0 button(s)
[20:31:47] Button hook complete — hooked 0 button(s)
[20:31:47] Button hook complete — hooked 0 button(s)
[20:31:47] Button hook complete — hooked 0 button(s)
[20:31:48] Button hook complete — hooked 0 button(s)
[20:31:48] Button hook complete — hooked 0 button(s)
[20:31:48] Button hook complete — hooked 0 button(s)
[20:31:48] Button hook complete — hooked 0 button(s)
[20:31:48] Button hook complete — hooked 0 button(s)
[20:31:48] Button hook complete — hooked 0 button(s)
[20:31:48] Button hook complete — hooked 0 button(s)
[20:31:49] Button hook complete — hooked 0 button(s)
[20:31:49] Button hook complete — hooked 0 button(s)
[20:31:49] Button hook complete — hooked 0 button(s)
[20:31:49] Button hook complete — hooked 0 button(s)
[20:31:49] Button hook complete — hooked 0 button(s)
[20:31:49] Button hook complete — hooked 0 button(s)
[20:31:50] Button hook complete — hooked 0 button(s)
[20:31:50] Button hook complete — hooked 0 button(s)
[20:31:50] Button hook complete — hooked 0 button(s)
[20:31:50] Button hook complete — hooked 0 button(s)
[20:31:50] Button hook complete — hooked 0 button(s)
[20:31:50] Button hook complete — hooked 0 button(s)
[20:31:51] Button hook complete — hooked 0 button(s)
[20:31:51] Button hook complete — hooked 0 button(s)
[20:31:51] Button hook complete — hooked 0 button(s)
[20:31:51] Button hook complete — hooked 0 button(s)
[20:31:51] Button hook complete — hooked 0 button(s)
[20:31:51] Button hook complete — hooked 0 button(s)
[20:31:52] Button hook complete — hooked 0 button(s)
[20:31:52] Button hook complete — hooked 0 button(s)
[20:31:52] Button hook complete — hooked 0 button(s)
[20:31:52] Button hook complete — hooked 0 button(s)
[20:31:52] Button hook complete — hooked 0 button(s)
[20:31:52] Button hook complete — hooked 0 button(s)
[20:31:53] Button hook complete — hooked 0 button(s)
[20:31:53] Button hook complete — hooked 0 button(s)
[20:31:53] Button hook complete — hooked 0 button(s)
[20:31:53] Button hook complete — hooked 0 button(s)
[20:31:53] Button hook complete — hooked 0 button(s)
[20:31:53] Button hook complete — hooked 0 button(s)
[20:31:54] Button hook complete — hooked 0 button(s)
[20:31:54] Button hook complete — hooked 0 button(s)
[20:31:54] Button hook complete — hooked 0 button(s)
[20:31:54] Button hook complete — hooked 0 button(s)
[20:31:54] Button hook complete — hooked 0 button(s)
[20:31:54] Button hook complete — hooked 0 button(s)
[20:31:55] Button hook complete — hooked 0 button(s)
[20:31:55] Button hook complete — hooked 0 button(s)
[20:31:55] Button hook complete — hooked 0 button(s)
[20:31:55] Button hook complete — hooked 0 button(s)
[20:31:55] Button hook complete — hooked 0 button(s)
[20:31:55] Button hook complete — hooked 0 button(s)
[20:31:56] Button hook complete — hooked 0 button(s)
[20:31:56] Button hook complete — hooked 0 button(s)
[20:31:56] Button hook complete — hooked 0 button(s)
[20:31:56] Button hook complete — hooked 0 button(s)
[20:31:56] Button hook complete — hooked 0 button(s)
[20:31:56] Button hook complete — hooked 0 button(s)
[20:31:57] Button hook complete — hooked 0 button(s)
[20:31:57] Button hook complete — hooked 0 button(s)
[20:31:57] Button hook complete — hooked 0 button(s)
[20:31:57] Button hook complete — hooked 0 button(s)
[20:31:57] Button hook complete — hooked 0 button(s)
[20:31:57] Button hook complete — hooked 0 button(s)
[20:31:58] Button hook complete — hooked 0 button(s)
[20:31:58] Button hook complete — hooked 0 button(s)
[20:31:58] Button hook complete — hooked 0 button(s)
[20:31:58] Button hook complete — hooked 0 button(s)
[20:31:58] Button hook complete — hooked 0 button(s)
[20:31:58] Button hook complete — hooked 0 button(s)
[20:31:59] Button hook complete — hooked 0 button(s)
[20:31:59] Button hook complete — hooked 0 button(s)
[20:31:59] Button hook complete — hooked 0 button(s)
[20:31:59] Button hook complete — hooked 0 button(s)
[20:31:59] Button hook complete — hooked 0 button(s)
[20:31:59] Button hook complete — hooked 0 button(s)
[20:32:00] Button hook complete — hooked 0 button(s)
[20:32:00] Button hook complete — hooked 0 button(s)
[20:32:00] Button hook complete — hooked 0 button(s)
[20:32:00] Button hook complete — hooked 0 button(s)
[20:32:00] Button hook complete — hooked 0 button(s)
[20:32:00] Button hook complete — hooked 0 button(s)
[20:32:01] Button hook complete — hooked 0 button(s)
[20:32:01] Button hook complete — hooked 0 button(s)
[20:32:01] Button hook complete — hooked 0 button(s)
[20:32:01] Button hook complete — hooked 0 button(s)
[20:32:01] Button hook complete — hooked 0 button(s)
[20:32:01] Button hook complete — hooked 0 button(s)
[20:32:02] Button hook complete — hooked 0 button(s)
[20:32:02] Button hook complete — hooked 0 button(s)
[20:32:02] Button hook complete — hooked 0 button(s)
[20:32:02] Button hook complete — hooked 0 button(s)
[20:32:02] Button hook complete — hooked 0 button(s)
[20:32:02] Button hook complete — hooked 0 button(s)
[20:32:03] Button hook complete — hooked 0 button(s)
[20:32:03] Button hook complete — hooked 0 button(s)
[20:32:03] Button hook complete — hooked 0 button(s)
[20:32:03] Button hook complete — hooked 0 button(s)
[20:32:03] Button hook complete — hooked 0 button(s)
[20:32:03] Button hook complete — hooked 0 button(s)
[20:32:04] Button hook complete — hooked 0 button(s)
[20:32:04] Button hook complete — hooked 0 button(s)
[20:32:04] Button hook complete — hooked 0 button(s)
[20:32:04] Button hook complete — hooked 0 button(s)
[20:32:04] Button hook complete — hooked 0 button(s)
[20:32:04] Button hook complete — hooked 0 button(s)
[20:32:05] Button hook complete — hooked 0 button(s)
[20:32:05] Button hook complete — hooked 0 button(s)
[20:32:05] Button hook complete — hooked 0 button(s)
[20:32:05] Button hook complete — hooked 0 button(s)
[20:32:05] Button hook complete — hooked 0 button(s)
[20:32:05] Button hook complete — hooked 0 button(s)
[20:32:06] Button hook complete — hooked 0 button(s)
[20:32:06] Button hook complete — hooked 0 button(s)
[20:32:06] Button hook complete — hooked 0 button(s)
[20:32:06] Button hook complete — hooked 0 button(s)
[20:32:06] Button hook complete — hooked 0 button(s)
[20:32:06] Button hook complete — hooked 0 button(s)
[20:32:07] Button hook complete — hooked 0 button(s)
[20:32:07] Button hook complete — hooked 0 button(s)
[20:32:07] Button hook complete — hooked 0 button(s)
[20:32:07] Button hook complete — hooked 0 button(s)
[20:32:07] Button hook complete — hooked 0 button(s)
[20:32:07] Button hook complete — hooked 0 button(s)
[20:32:07] Button hook complete — hooked 0 button(s)
[20:32:08] Button hook complete — hooked 0 button(s)
[20:32:08] Button hook complete — hooked 0 button(s)
[20:32:08] Button hook complete — hooked 0 button(s)
[20:32:08] Button hook complete — hooked 0 button(s)
[20:32:08] Button hook complete — hooked 0 button(s)
[20:32:08] Button hook complete — hooked 0 button(s)
[20:32:09] Button hook complete — hooked 0 button(s)
[20:32:09] Button hook complete — hooked 0 button(s)
[20:32:09] Button hook complete — hooked 0 button(s)
[20:32:09] Button hook complete — hooked 0 button(s)
[20:32:09] Button hook complete — hooked 0 button(s)
[20:32:09] Button hook complete — hooked 0 button(s)
[20:32:10] Button hook complete — hooked 0 button(s)
[20:32:10] Button hook complete — hooked 0 button(s)
[20:32:10] Button hook complete — hooked 0 button(s)
[20:32:10] Button hook complete — hooked 0 button(s)
[20:32:10] Button hook complete — hooked 0 button(s)
[20:32:10] Button hook complete — hooked 0 button(s)
[20:32:11] Button hook complete — hooked 0 button(s)
[20:32:11] Button hook complete — hooked 0 button(s)
[20:32:11] Button hook complete — hooked 0 button(s)
[20:32:11] Button hook complete — hooked 0 button(s)
[20:32:11] Button hook complete — hooked 0 button(s)
[20:32:11] Button hook complete — hooked 0 button(s)
[20:32:12] Button hook complete — hooked 0 button(s)
[20:32:12] Button hook complete — hooked 0 button(s)
[20:32:12] Button hook complete — hooked 0 button(s)
[20:32:12] Button hook complete — hooked 0 button(s)
[20:32:12] Button hook complete — hooked 0 button(s)
[20:32:12] Button hook complete — hooked 0 button(s)
[20:32:13] Button hook complete — hooked 0 button(s)
[20:32:13] Button hook complete — hooked 0 button(s)
[20:32:13] Button hook complete — hooked 0 button(s)
[20:32:13] Button hook complete — hooked 0 button(s)
[20:32:13] Button hook complete — hooked 0 button(s)
[20:32:13] Button hook complete — hooked 0 button(s)
[20:32:14] Button hook complete — hooked 0 button(s)
[20:32:14] Button hook complete — hooked 0 button(s)
[20:32:14] Button hook complete — hooked 0 button(s)
[20:32:14] Button hook complete — hooked 0 button(s)
[20:32:14] Button hook complete — hooked 0 button(s)
[20:32:14] Button hook complete — hooked 0 button(s)
[20:32:15] Button hook complete — hooked 0 button(s)
[20:32:15] Button hook complete — hooked 0 button(s)
[20:32:15] Button hook complete — hooked 0 button(s)
[20:32:15] Button hook complete — hooked 0 button(s)
[20:32:15] Button hook complete — hooked 0 button(s)
[20:32:15] Button hook complete — hooked 0 button(s)
[20:32:16] Button hook complete — hooked 0 button(s)
[20:32:16] Button hook complete — hooked 0 button(s)
[20:32:16] Button hook complete — hooked 0 button(s)
[20:32:16] Button hook complete — hooked 0 button(s)
[20:32:16] Button hook complete — hooked 0 button(s)
[20:32:16] Button hook complete — hooked 0 button(s)
[20:32:17] Button hook complete — hooked 0 button(s)
[20:32:17] Button hook complete — hooked 0 button(s)
[20:32:17] Button hook complete — hooked 0 button(s)
[20:32:17] Button hook complete — hooked 0 button(s)
[20:32:17] Button hook complete — hooked 0 button(s)
[20:32:17] Button hook complete — hooked 0 button(s)
[20:32:18] Button hook complete — hooked 0 button(s)
[20:32:18] Button hook complete — hooked 0 button(s)
[20:32:18] Button hook complete — hooked 0 button(s)
[20:32:18] Button hook complete — hooked 0 button(s)
[20:32:18] Button hook complete — hooked 0 button(s)
[20:32:18] Button hook complete — hooked 0 button(s)
[20:32:18] Button hook complete — hooked 0 button(s)
[20:32:19] Button hook complete — hooked 0 button(s)
[20:32:19] Button hook complete — hooked 0 button(s)
[20:32:19] Button hook complete — hooked 0 button(s)
[20:32:19] Button hook complete — hooked 0 button(s)
[20:32:19] Button hook complete — hooked 0 button(s)
[20:32:19] Button hook complete — hooked 0 button(s)
[20:32:20] Button hook complete — hooked 0 button(s)
[20:32:20] Button hook complete — hooked 0 button(s)
[20:32:20] Button hook complete — hooked 0 button(s)
[20:32:20] Button hook complete — hooked 0 button(s)
[20:32:20] Button hook complete — hooked 0 button(s)
[20:32:20] Button hook complete — hooked 0 button(s)
[20:32:21] Button hook complete — hooked 0 button(s)
[20:32:21] Button hook complete — hooked 0 button(s)
[20:32:21] Button hook complete — hooked 0 button(s)
[20:32:21] Button hook complete — hooked 0 button(s)
[20:32:21] Button hook complete — hooked 0 button(s)
[20:32:21] Button hook complete — hooked 0 button(s)
[20:32:22] Button hook complete — hooked 0 button(s)
[20:32:22] Button hook complete — hooked 0 button(s)
[20:32:22] Button hook complete — hooked 0 button(s)
[20:32:22] Button hook complete — hooked 0 button(s)
[20:32:22] Button hook complete — hooked 0 button(s)
[20:32:22] Button hook complete — hooked 0 button(s)
[20:32:23] Button hook complete — hooked 0 button(s)
[20:32:23] Button hook complete — hooked 0 button(s)
[20:32:23] Button hook complete — hooked 0 button(s)
[20:32:23] Button hook complete — hooked 0 button(s)
[20:32:23] Button hook complete — hooked 0 button(s)
[20:32:23] Button hook complete — hooked 0 button(s)
[20:32:24] Button hook complete — hooked 0 button(s)
[20:32:24] Button hook complete — hooked 0 button(s)
[20:32:24] Button hook complete — hooked 0 button(s)
[20:32:24] Button hook complete — hooked 0 button(s)
[20:32:24] Button hook complete — hooked 0 button(s)
[20:32:24] Button hook complete — hooked 0 button(s)
[20:32:25] Button hook complete — hooked 0 button(s)
[20:32:25] Button hook complete — hooked 0 button(s)
[20:32:25] Button hook complete — hooked 0 button(s)
[20:32:25] Button hook complete — hooked 0 button(s)
[20:32:25] Button hook complete — hooked 0 button(s)
[20:32:25] Button hook complete — hooked 0 button(s)
[20:32:26] Button hook complete — hooked 0 button(s)
[20:32:26] Button hook complete — hooked 0 button(s)
[20:32:26] Button hook complete — hooked 0 button(s)
[20:32:26] Button hook complete — hooked 0 button(s)
[20:32:26] Button hook complete — hooked 0 button(s)
[20:32:26] Button hook complete — hooked 0 button(s)
[20:32:27] Button hook complete — hooked 0 button(s)
[20:32:27] Button hook complete — hooked 0 button(s)
[20:32:27] Button hook complete — hooked 0 button(s)
[20:32:27] Button hook complete — hooked 0 button(s)
[20:32:27] Button hook complete — hooked 0 button(s)
[20:32:27] Button hook complete — hooked 0 button(s)
[20:32:28] Button hook complete — hooked 0 button(s)
[20:32:28] Button hook complete — hooked 0 button(s)
[20:32:28] Button hook complete — hooked 0 button(s)
[20:32:28] Button hook complete — hooked 0 button(s)
[20:32:28] Button hook complete — hooked 0 button(s)
[20:32:28] Button hook complete — hooked 0 button(s)
[20:32:28] Button hook complete — hooked 0 button(s)
[20:32:29] Button hook complete — hooked 0 button(s)
[20:32:29] Button hook complete — hooked 0 button(s)
[20:32:29] Button hook complete — hooked 0 button(s)
[20:32:29] Button hook complete — hooked 0 button(s)
[20:32:29] Button hook complete — hooked 0 button(s)
[20:32:29] Button hook complete — hooked 0 button(s)
[20:32:30] Button hook complete — hooked 0 button(s)
[20:32:30] Button hook complete — hooked 0 button(s)
[20:32:30] Button hook complete — hooked 0 button(s)
[20:32:30] Button hook complete — hooked 0 button(s)
[20:32:30] Button hook complete — hooked 0 button(s)
[20:32:30] Button hook complete — hooked 0 button(s)
[20:32:31] Button hook complete — hooked 0 button(s)
[20:32:31] Button hook complete — hooked 0 button(s)
[20:32:31] Button hook complete — hooked 0 button(s)
[20:32:31] Button hook complete — hooked 0 button(s)
[20:32:31] Button hook complete — hooked 0 button(s)
[20:32:31] Button hook complete — hooked 0 button(s)
[20:32:32] Button hook complete — hooked 0 button(s)
[20:32:32] Button hook complete — hooked 0 button(s)
[20:32:32] Button hook complete — hooked 0 button(s)
[20:32:32] Button hook complete — hooked 0 button(s)
[20:32:32] Button hook complete — hooked 0 button(s)
[20:32:32] Button hook complete — hooked 0 button(s)
[20:32:33] Button hook complete — hooked 0 button(s)
[20:32:33] Button hook complete — hooked 0 button(s)
[20:32:33] Button hook complete — hooked 0 button(s)
[20:32:33] Button hook complete — hooked 0 button(s)
[20:32:33] Button hook complete — hooked 0 button(s)
[20:32:33] Button hook complete — hooked 0 button(s)
[20:32:34] Button hook complete — hooked 0 button(s)
[20:32:34] Button hook complete — hooked 0 button(s)
[20:32:34] Button hook complete — hooked 0 button(s)
[20:32:34] Button hook complete — hooked 0 button(s)
[20:32:34] Button hook complete — hooked 0 button(s)
[20:32:34] Button hook complete — hooked 0 button(s)
[20:32:35] Button hook complete — hooked 0 button(s)
[20:32:35] Button hook complete — hooked 0 button(s)
[20:32:35] Button hook complete — hooked 0 button(s)
[20:32:35] Button hook complete — hooked 0 button(s)
[20:32:35] Button hook complete — hooked 0 button(s)
[20:32:35] Button hook complete — hooked 0 button(s)
[20:32:35] Button hook complete — hooked 0 button(s)
[20:32:36] Button hook complete — hooked 0 button(s)
[20:32:36] Button hook complete — hooked 0 button(s)
[20:32:36] Button hook complete — hooked 0 button(s)
[20:32:36] Button hook complete — hooked 0 button(s)
[20:32:36] Button hook complete — hooked 0 button(s)
[20:32:36] Button hook complete — hooked 0 button(s)
[20:32:37] Button hook complete — hooked 0 button(s)
[20:32:37] Button hook complete — hooked 0 button(s)
[20:32:37] Button hook complete — hooked 0 button(s)
[20:32:37] Button hook complete — hooked 0 button(s)
[20:32:37] Button hook complete — hooked 0 button(s)
[20:32:37] Button hook complete — hooked 0 button(s)
[20:32:38] Button hook complete — hooked 0 button(s)
[20:32:38] Button hook complete — hooked 0 button(s)
[20:32:38] Button hook complete — hooked 0 button(s)
[20:32:38] Button hook complete — hooked 0 button(s)
[20:32:38] Button hook complete — hooked 0 button(s)
[20:32:38] Button hook complete — hooked 0 button(s)
[20:32:39] Button hook complete — hooked 0 button(s)
[20:32:39] Button hook complete — hooked 0 button(s)
[20:32:39] Button hook complete — hooked 0 button(s)
[20:32:39] Button hook complete — hooked 0 button(s)
[20:32:39] OnDestroy — MonoBehaviour destroyed
[20:32:43] === IPRedirectMod Load() ===
[20:32:43] Creating redirect MonoBehaviour for IP: 172.28.48.1
[20:32:43] CustomMaps mod initialized
[20:32:43] Start() — scene=MainMenu
[20:32:46] [Update tick 1] deltaTime=0.0332 unscaled=0.0332 realTime=3.1 timescale=1.00
[20:32:48] OnLevelWasLoaded: scene=MultiplayerSelect level=5
[20:32:48] Entered connect scene — starting LAN connection
[20:32:48]   ServerAddress = 172.28.48.1
[20:32:48]   ServerPort = 5055
[20:32:48]   AppID = CNRLan
[20:32:48]   HostType = SelfHosted
[20:32:48] Override applied → 172.28.48.1:5055  AppID=CNRLan
[20:32:48] Disconnect() called
[20:32:48] Photon disconnected, swapping to TCP then reconnecting
[20:32:48] SwapToTcp: current peerBase is EnetPeer
[20:32:48] SwapToTcp: usedProtocol = Tcp
[20:32:48] SwapToTcp: Listener set via property setter = NetworkingPeer
[20:32:48] SwapToTcp: peerBase swapped to TPeer - client will connect via TCP
[20:32:48] requestSecurity = false → will use direct OpAuthenticate (no DH)
[20:32:48] About to call ConnectUsingSettings...
[20:32:48] ConnectUsingSettings() returned OK → connecting to 172.28.48.1:5055
[20:32:48] Monitoring connection state (30s timeout)...
[20:32:48] connState=1  detailState=2  (0.0s elapsed)  runInBg=True
[20:32:48] [heartbeat] connState=1  detailState=2  (0.0s elapsed)  runInBg=True  dt=0.0332
[20:32:48] CustomMaps Update: mCurWWSubScene=RoomChoice
[20:32:48] connState=2  detailState=3  (0.0s elapsed)  runInBg=True
[20:32:48] connState=2  detailState=5  (0.4s elapsed)  runInBg=True
[20:32:48] connState=2  detailState=6  (0.5s elapsed)  runInBg=True
[20:32:48] Connected to lobby! detailState=6 after 0.5s
[20:32:49] [Update tick 2] deltaTime=0.0332 unscaled=0.0332 realTime=6.1 timescale=1.00
[20:32:52] [Update tick 3] deltaTime=0.0332 unscaled=0.0332 realTime=9.1 timescale=1.00
[20:32:52] CustomMaps Update: mCurWWSubScene=RoomCreate
[20:32:53] HookButtons: found 0 UIButtonMessage(s) in scene
[20:32:53] Button hook complete — hooked 0 button(s)
[20:32:53] HookButtons: found 0 UIButtonMessage(s) in scene
[20:32:53] Button hook complete — hooked 0 button(s)
[20:32:53] HookButtons: found 0 UIButtonMessage(s) in scene
[20:32:53] Button hook complete — hooked 0 button(s)
[20:32:53] HookButtons: found 0 UIButtonMessage(s) in scene
[20:32:53] Button hook complete — hooked 0 button(s)
[20:32:53] HookButtons: found 0 UIButtonMessage(s) in scene
[20:32:53] Button hook complete — hooked 0 button(s)
[20:32:53] HookButtons: found 0 UIButtonMessage(s) in scene
[20:32:53] Button hook complete — hooked 0 button(s)
[20:32:54] HookButtons: found 0 UIButtonMessage(s) in scene
[20:32:54] Button hook complete — hooked 0 button(s)
[20:32:54] HookButtons: found 0 UIButtonMessage(s) in scene
[20:32:54] Button hook complete — hooked 0 button(s)
[20:32:54] HookButtons: found 0 UIButtonMessage(s) in scene
[20:32:54] Button hook complete — hooked 0 button(s)
[20:32:54] HookButtons: found 0 UIButtonMessage(s) in scene
[20:32:54] Button hook complete — hooked 0 button(s)
[20:32:54] HookButtons: found 0 UIButtonMessage(s) in scene
[20:32:54] Button hook complete — hooked 0 button(s)
[20:32:54] HookButtons: found 0 UIButtonMessage(s) in scene
[20:32:54] Button hook complete — hooked 0 button(s)
[20:32:54] HookButtons: found 0 UIButtonMessage(s) in scene
[20:32:54] Button hook complete — hooked 0 button(s)
[20:32:55] HookButtons: found 0 UIButtonMessage(s) in scene
[20:32:55] Button hook complete — hooked 0 button(s)
[20:32:55] [Update tick 4] deltaTime=0.0333 unscaled=0.0333 realTime=12.1 timescale=1.00
[20:32:55] HookButtons: found 0 UIButtonMessage(s) in scene
[20:32:55] Button hook complete — hooked 0 button(s)
[20:32:55] HookButtons: found 0 UIButtonMessage(s) in scene
[20:32:55] Button hook complete — hooked 0 button(s)
[20:32:55] HookButtons: found 0 UIButtonMessage(s) in scene
[20:32:55] Button hook complete — hooked 0 button(s)
[20:32:55] HookButtons: found 0 UIButtonMessage(s) in scene
[20:32:55] Button hook complete — hooked 0 button(s)
[20:32:55] HookButtons: found 0 UIButtonMessage(s) in scene
[20:32:55] Button hook complete — hooked 0 button(s)
[20:32:56] HookButtons: found 0 UIButtonMessage(s) in scene
[20:32:56] Button hook complete — hooked 0 button(s)
[20:32:56] HookButtons: found 0 UIButtonMessage(s) in scene
[20:32:56] Button hook complete — hooked 0 button(s)
[20:32:56] HookButtons: found 0 UIButtonMessage(s) in scene
[20:32:56] Button hook complete — hooked 0 button(s)
[20:32:56] HookButtons: found 0 UIButtonMessage(s) in scene
[20:32:56] Button hook complete — hooked 0 button(s)
[20:32:56] HookButtons: found 0 UIButtonMessage(s) in scene
[20:32:56] Button hook complete — hooked 0 button(s)
[20:32:56] HookButtons: found 0 UIButtonMessage(s) in scene
[20:32:56] Button hook complete — hooked 0 button(s)
[20:32:57] HookButtons: found 0 UIButtonMessage(s) in scene
[20:32:57] Button hook complete — hooked 0 button(s)
[20:32:57] HookButtons: found 0 UIButtonMessage(s) in scene
[20:32:57] Button hook complete — hooked 0 button(s)
[20:32:57] HookButtons: found 0 UIButtonMessage(s) in scene
[20:32:57] Button hook complete — hooked 0 button(s)
[20:32:57] HookButtons: found 0 UIButtonMessage(s) in scene
[20:32:57] Button hook complete — hooked 0 button(s)
[20:32:57] HookButtons: found 0 UIButtonMessage(s) in scene
[20:32:57] Button hook complete — hooked 0 button(s)
[20:32:57] HookButtons: found 0 UIButtonMessage(s) in scene
[20:32:57] Button hook complete — hooked 0 button(s)
[20:32:58] HookButtons: found 0 UIButtonMessage(s) in scene
[20:32:58] Button hook complete — hooked 0 button(s)
[20:32:58] [Update tick 5] deltaTime=0.0332 unscaled=0.0332 realTime=15.1 timescale=1.00
[20:32:58] HookButtons: found 0 UIButtonMessage(s) in scene
[20:32:58] Button hook complete — hooked 0 button(s)
[20:32:58] HookButtons: found 0 UIButtonMessage(s) in scene
[20:32:58] Button hook complete — hooked 0 button(s)
[20:32:58] HookButtons: found 0 UIButtonMessage(s) in scene
[20:32:58] Button hook complete — hooked 0 button(s)
[20:32:58] HookButtons: found 0 UIButtonMessage(s) in scene
[20:32:58] Button hook complete — hooked 0 button(s)
[20:32:58] HookButtons: found 0 UIButtonMessage(s) in scene
[20:32:58] Button hook complete — hooked 0 button(s)
[20:32:59] HookButtons: found 0 UIButtonMessage(s) in scene
[20:32:59] Button hook complete — hooked 0 button(s)
[20:32:59] HookButtons: found 0 UIButtonMessage(s) in scene
[20:32:59] Button hook complete — hooked 0 button(s)
[20:32:59] HookButtons: found 0 UIButtonMessage(s) in scene
[20:32:59] Button hook complete — hooked 0 button(s)
[20:32:59] HookButtons: found 0 UIButtonMessage(s) in scene
[20:32:59] Button hook complete — hooked 0 button(s)
[20:32:59] HookButtons: found 0 UIButtonMessage(s) in scene
[20:32:59] Button hook complete — hooked 0 button(s)
[20:32:59] === IPRedirectMod Load() ===
[20:32:59] Creating redirect MonoBehaviour for IP: 172.28.48.1
[20:32:59] CustomMaps mod initialized
[20:32:59] Start() — scene=MultiplayerSelect
[20:32:59] CustomMaps Update: mCurWWSubScene=RoomCreate
[20:32:59] HookButtons: found 0 UIButtonMessage(s) in scene
[20:32:59] Button hook complete — hooked 0 button(s)
[20:32:59] HookButtons: found 0 UIButtonMessage(s) in scene
[20:32:59] Button hook complete — hooked 0 button(s)
[20:33:00] HookButtons: found 0 UIButtonMessage(s) in scene
[20:33:00] Button hook complete — hooked 0 button(s)
[20:33:00] OnLevelWasLoaded: scene=FreeRun12_1 level=25
[20:33:00] Scene 'FreeRun12_1' is not a connect scene and not MainMenu — leaving connection untouched
[20:33:00] OnLevelWasLoaded: scene=FreeRun12_1 level=25
[20:33:00] Scene 'FreeRun12_1' is not a connect scene and not MainMenu — leaving connection untouched
[20:33:00] HookButtons: found 0 UIButtonMessage(s) in scene
[20:33:00] Button hook complete — hooked 0 button(s)
[20:33:02] [Update tick 1] deltaTime=0.0332 unscaled=0.0332 realTime=19.7 timescale=1.00
[20:33:05] [Update tick 2] deltaTime=0.0332 unscaled=0.0332 realTime=22.7 timescale=1.00
[20:33:08] [Update tick 3] deltaTime=0.0332 unscaled=0.0332 realTime=25.7 timescale=1.00
[20:33:11] [Update tick 4] deltaTime=0.0332 unscaled=0.0332 realTime=28.7 timescale=1.00
[20:33:14] [Update tick 5] deltaTime=0.0333 unscaled=0.0333 realTime=31.8 timescale=1.00
[20:34:01] OnDestroy — MonoBehaviour destroyed
[20:34:01] OnDestroy — MonoBehaviour destroyed
[20:41:15] === IPRedirectMod Load() ===
[20:41:15] Creating redirect MonoBehaviour for IP: 172.28.48.1
[20:41:15] CustomMaps mod initialized
[20:41:15] Start() — scene=MainMenu
[20:41:17] OnLevelWasLoaded: scene=MultiplayerSelect level=5
[20:41:17] Entered connect scene — starting LAN connection
[20:41:17]   ServerAddress = 172.28.48.1
[20:41:17]   ServerPort = 5055
[20:41:17]   AppID = CNRLan
[20:41:17]   HostType = SelfHosted
[20:41:17] Override applied → 172.28.48.1:5055  AppID=CNRLan
[20:41:17] Disconnect() called
[20:41:17] Photon disconnected, swapping to TCP then reconnecting
[20:41:17] SwapToTcp: current peerBase is EnetPeer
[20:41:17] SwapToTcp: usedProtocol = Tcp
[20:41:17] SwapToTcp: Listener set via property setter = NetworkingPeer
[20:41:17] SwapToTcp: peerBase swapped to TPeer - client will connect via TCP
[20:41:17] requestSecurity = false → will use direct OpAuthenticate (no DH)
[20:41:17] About to call ConnectUsingSettings...
[20:41:17] ConnectUsingSettings() returned OK → connecting to 172.28.48.1:5055
[20:41:17] Monitoring connection state (30s timeout)...
[20:41:17] connState=1  detailState=2  (0.0s elapsed)  runInBg=True
[20:41:17] [heartbeat] connState=1  detailState=2  (0.0s elapsed)  runInBg=True  dt=0.0333
[20:41:17] CustomMaps Update: mCurWWSubScene=RoomChoice
[20:41:17] connState=2  detailState=3  (0.0s elapsed)  runInBg=True
[20:41:17] connState=2  detailState=5  (0.4s elapsed)  runInBg=True
[20:41:17] connState=2  detailState=6  (0.5s elapsed)  runInBg=True
[20:41:17] Connected to lobby! detailState=6 after 0.5s
[20:41:18] [Update tick 1] deltaTime=0.0332 unscaled=0.0332 realTime=3.0 timescale=1.00
[20:41:21] [Update tick 2] deltaTime=0.0333 unscaled=0.0333 realTime=6.1 timescale=1.00
[20:41:23] CustomMaps Update: mCurWWSubScene=RoomCreate
[20:41:23] HookButtons: scanning 81 behaviours
[20:41:23]   MapSelectButtonEvent: WWMaxNumSub on WWMaxNumSubButton
[20:41:23]   MapSelectButtonEvent: WWMaxNumAdd on WWMaxNumAddButton
[20:41:23]   MapSelectButtonEvent: WWRoomCreateBack on WWRoomCreateBackButton
[20:41:23]   MapSelectButtonEvent: WWMapNext on WWMapNextButton
[20:41:23]   -> HOOKED as Next
[20:41:23]   MapSelectButtonEvent: WWMapPre on WWMapPreButton
[20:41:23]   -> HOOKED as Pre
[20:41:23]   MapSelectButtonEvent: WWStart on WWRoomStartButton
[20:41:23] Button hook complete — hooked 2 button(s)
[20:41:24] [Update tick 3] deltaTime=0.0333 unscaled=0.0333 realTime=9.1 timescale=1.00
[20:41:24] Map changed to: FreeRun15_1
[20:41:25] Map changed to: FreeRun14_1
[20:41:26] Map changed to: FreeRun13_1
[20:41:27] Map changed to: FreeRun12_1
[20:41:27] [Update tick 4] deltaTime=0.0332 unscaled=0.0332 realTime=12.1 timescale=1.00
[20:41:28] Map changed to: FreeRun11_1
[20:41:28] Map changed to: FreeRun10_1
[20:41:29] Map changed to: FreeRun11_1
[20:41:30] Map changed to: FreeRun12_1
[20:41:30] [Update tick 5] deltaTime=0.0332 unscaled=0.0332 realTime=15.1 timescale=1.00
[20:41:30] Map changed to: FreeRun13_1
[20:41:37] Map changed to: FreeRun14_1
[20:41:38] Map changed to: FreeRun15_1
[20:41:39] Map changed to: FreeRun14_1
[20:41:41] === IPRedirectMod Load() ===
[20:41:41] Creating redirect MonoBehaviour for IP: 172.28.48.1
[20:41:41] CustomMaps mod initialized
[20:41:41] Start() — scene=MultiplayerSelect
[20:41:41] CustomMaps Update: mCurWWSubScene=RoomCreate
[20:41:41] HookButtons: scanning 28 behaviours
[20:41:41] Button hook complete — hooked 0 button(s)
[20:41:42] HookButtons: scanning 28 behaviours
[20:41:42] Button hook complete — hooked 0 button(s)
[20:41:42] HookButtons: scanning 28 behaviours
[20:41:42] Button hook complete — hooked 0 button(s)
[20:41:42] HookButtons: scanning 28 behaviours
[20:41:42] Button hook complete — hooked 0 button(s)
[20:41:42] HookButtons: scanning 28 behaviours
[20:41:42] Button hook complete — hooked 0 button(s)
[20:41:42] HookButtons: scanning 28 behaviours
[20:41:42] Button hook complete — hooked 0 button(s)
[20:41:42] HookButtons: scanning 28 behaviours
[20:41:42] Button hook complete — hooked 0 button(s)
[20:41:43] HookButtons: scanning 28 behaviours
[20:41:43] Button hook complete — hooked 0 button(s)
[20:41:43] HookButtons: scanning 28 behaviours
[20:41:43] Button hook complete — hooked 0 button(s)
[20:41:43] HookButtons: scanning 28 behaviours
[20:41:43] Button hook complete — hooked 0 button(s)
[20:41:43] HookButtons: scanning 28 behaviours
[20:41:43] Button hook complete — hooked 0 button(s)
[20:41:43] HookButtons: scanning 28 behaviours
[20:41:43] Button hook complete — hooked 0 button(s)
[20:41:43] HookButtons: scanning 28 behaviours
[20:41:43] Button hook complete — hooked 0 button(s)
[20:41:44] HookButtons: scanning 28 behaviours
[20:41:44] Button hook complete — hooked 0 button(s)
[20:41:44] HookButtons: scanning 28 behaviours
[20:41:44] Button hook complete — hooked 0 button(s)
[20:41:44] HookButtons: scanning 28 behaviours
[20:41:44] Button hook complete — hooked 0 button(s)
[20:41:44] HookButtons: scanning 28 behaviours
[20:41:44] Button hook complete — hooked 0 button(s)
[20:41:44] HookButtons: scanning 28 behaviours
[20:41:44] Button hook complete — hooked 0 button(s)
[20:41:44] [Update tick 1] deltaTime=0.0333 unscaled=0.0333 realTime=29.4 timescale=1.00
[20:41:44] HookButtons: scanning 28 behaviours
[20:41:44] Button hook complete — hooked 0 button(s)
[20:41:45] HookButtons: scanning 28 behaviours
[20:41:45] Button hook complete — hooked 0 button(s)
[20:41:45] HookButtons: scanning 28 behaviours
[20:41:45] Button hook complete — hooked 0 button(s)
[20:41:45] HookButtons: scanning 28 behaviours
[20:41:45] Button hook complete — hooked 0 button(s)
[20:41:45] HookButtons: scanning 28 behaviours
[20:41:45] Button hook complete — hooked 0 button(s)
[20:41:45] HookButtons: scanning 28 behaviours
[20:41:45] Button hook complete — hooked 0 button(s)
[20:41:45] HookButtons: scanning 28 behaviours
[20:41:45] Button hook complete — hooked 0 button(s)
[20:41:46] HookButtons: scanning 28 behaviours
[20:41:46] Button hook complete — hooked 0 button(s)
[20:41:46] HookButtons: scanning 28 behaviours
[20:41:46] Button hook complete — hooked 0 button(s)
[20:41:46] HookButtons: scanning 28 behaviours
[20:41:46] Button hook complete — hooked 0 button(s)
[20:41:46] HookButtons: scanning 28 behaviours
[20:41:46] Button hook complete — hooked 0 button(s)
[20:41:46] HookButtons: scanning 28 behaviours
[20:41:46] Button hook complete — hooked 0 button(s)
[20:41:46] HookButtons: scanning 28 behaviours
[20:41:46] Button hook complete — hooked 0 button(s)
[20:41:47] HookButtons: scanning 28 behaviours
[20:41:47] Button hook complete — hooked 0 button(s)
[20:41:47] HookButtons: scanning 28 behaviours
[20:41:47] Button hook complete — hooked 0 button(s)
[20:41:47] HookButtons: scanning 28 behaviours
[20:41:47] Button hook complete — hooked 0 button(s)
[20:41:47] HookButtons: scanning 28 behaviours
[20:41:47] Button hook complete — hooked 0 button(s)
[20:41:47] HookButtons: scanning 28 behaviours
[20:41:47] Button hook complete — hooked 0 button(s)
[20:41:47] [Update tick 2] deltaTime=0.0333 unscaled=0.0333 realTime=32.4 timescale=1.00
[20:41:47] HookButtons: scanning 28 behaviours
[20:41:47] Button hook complete — hooked 0 button(s)
[20:41:48] HookButtons: scanning 28 behaviours
[20:41:48] Button hook complete — hooked 0 button(s)
[20:41:48] HookButtons: scanning 28 behaviours
[20:41:48] Button hook complete — hooked 0 button(s)
[20:41:48] HookButtons: scanning 28 behaviours
[20:41:48] Button hook complete — hooked 0 button(s)
[20:41:48] HookButtons: scanning 28 behaviours
[20:41:48] Button hook complete — hooked 0 button(s)
[20:41:48] HookButtons: scanning 28 behaviours
[20:41:48] Button hook complete — hooked 0 button(s)
[20:41:48] HookButtons: scanning 28 behaviours
[20:41:48] Button hook complete — hooked 0 button(s)
[20:41:48] HookButtons: scanning 28 behaviours
[20:41:48] Button hook complete — hooked 0 button(s)
[20:41:49] HookButtons: scanning 28 behaviours
[20:41:49] Button hook complete — hooked 0 button(s)
[20:41:49] HookButtons: scanning 28 behaviours
[20:41:49] Button hook complete — hooked 0 button(s)
[20:41:49] HookButtons: scanning 28 behaviours
[20:41:49] Button hook complete — hooked 0 button(s)
[20:41:49] HookButtons: scanning 28 behaviours
[20:41:49] Button hook complete — hooked 0 button(s)
[20:41:49] HookButtons: scanning 28 behaviours
[20:41:49] Button hook complete — hooked 0 button(s)
[20:41:49] HookButtons: scanning 28 behaviours
[20:41:49] Button hook complete — hooked 0 button(s)
[20:41:50] HookButtons: scanning 28 behaviours
[20:41:50] Button hook complete — hooked 0 button(s)
[20:41:50] HookButtons: scanning 28 behaviours
[20:41:50] Button hook complete — hooked 0 button(s)
[20:41:50] HookButtons: scanning 28 behaviours
[20:41:50] Button hook complete — hooked 0 button(s)
[20:41:50] HookButtons: scanning 28 behaviours
[20:41:50] Button hook complete — hooked 0 button(s)
[20:41:50] HookButtons: scanning 28 behaviours
[20:41:50] Button hook complete — hooked 0 button(s)
[20:41:50] [Update tick 3] deltaTime=0.0332 unscaled=0.0332 realTime=35.5 timescale=1.00
[20:41:50] HookButtons: scanning 28 behaviours
[20:41:50] Button hook complete — hooked 0 button(s)
[20:41:51] HookButtons: scanning 28 behaviours
[20:41:51] Button hook complete — hooked 0 button(s)
[20:41:51] HookButtons: scanning 28 behaviours
[20:41:51] Button hook complete — hooked 0 button(s)
[20:41:51] HookButtons: scanning 28 behaviours
[20:41:51] Button hook complete — hooked 0 button(s)
[20:41:51] HookButtons: scanning 28 behaviours
[20:41:51] Button hook complete — hooked 0 button(s)
[20:41:51] HookButtons: scanning 28 behaviours
[20:41:51] Button hook complete — hooked 0 button(s)
[20:41:51] HookButtons: scanning 28 behaviours
[20:41:51] Button hook complete — hooked 0 button(s)
[20:41:52] HookButtons: scanning 28 behaviours
[20:41:52] Button hook complete — hooked 0 button(s)
[20:41:52] HookButtons: scanning 28 behaviours
[20:41:52] Button hook complete — hooked 0 button(s)
[20:41:52] HookButtons: scanning 28 behaviours
[20:41:52] Button hook complete — hooked 0 button(s)
[20:41:52] HookButtons: scanning 28 behaviours
[20:41:52] Button hook complete — hooked 0 button(s)
[20:41:52] HookButtons: scanning 28 behaviours
[20:41:52] Button hook complete — hooked 0 button(s)
[20:41:52] HookButtons: scanning 28 behaviours
[20:41:52] Button hook complete — hooked 0 button(s)
[20:41:53] HookButtons: scanning 28 behaviours
[20:41:53] Button hook complete — hooked 0 button(s)
[20:41:53] HookButtons: scanning 28 behaviours
[20:41:53] Button hook complete — hooked 0 button(s)
[20:41:53] HookButtons: scanning 28 behaviours
[20:41:53] Button hook complete — hooked 0 button(s)
[20:41:53] HookButtons: scanning 28 behaviours
[20:41:53] Button hook complete — hooked 0 button(s)
[20:41:53] HookButtons: scanning 28 behaviours
[20:41:53] Button hook complete — hooked 0 button(s)
[20:41:53] [Update tick 4] deltaTime=0.0332 unscaled=0.0332 realTime=38.5 timescale=1.00
[20:41:53] HookButtons: scanning 28 behaviours
[20:41:53] Button hook complete — hooked 0 button(s)
[20:41:54] HookButtons: scanning 28 behaviours
[20:41:54] Button hook complete — hooked 0 button(s)
[20:41:54] HookButtons: scanning 28 behaviours
[20:41:54] Button hook complete — hooked 0 button(s)
[20:41:54] HookButtons: scanning 28 behaviours
[20:41:54] Button hook complete — hooked 0 button(s)
[20:41:54] HookButtons: scanning 28 behaviours
[20:41:54] Button hook complete — hooked 0 button(s)
[20:41:54] HookButtons: scanning 28 behaviours
[20:41:54] Button hook complete — hooked 0 button(s)
[20:41:54] HookButtons: scanning 28 behaviours
[20:41:54] Button hook complete — hooked 0 button(s)
[20:41:55] HookButtons: scanning 28 behaviours
[20:41:55] Button hook complete — hooked 0 button(s)
[20:41:55] HookButtons: scanning 28 behaviours
[20:41:55] Button hook complete — hooked 0 button(s)
[20:41:55] HookButtons: scanning 28 behaviours
[20:41:55] Button hook complete — hooked 0 button(s)
[20:41:55] HookButtons: scanning 28 behaviours
[20:41:55] Button hook complete — hooked 0 button(s)
[20:41:55] HookButtons: scanning 28 behaviours
[20:41:55] Button hook complete — hooked 0 button(s)
[20:41:55] HookButtons: scanning 28 behaviours
[20:41:55] Button hook complete — hooked 0 button(s)
[20:41:56] HookButtons: scanning 28 behaviours
[20:41:56] Button hook complete — hooked 0 button(s)
[20:41:56] HookButtons: scanning 28 behaviours
[20:41:56] Button hook complete — hooked 0 button(s)
[20:41:56] HookButtons: scanning 28 behaviours
[20:41:56] Button hook complete — hooked 0 button(s)
[20:41:56] HookButtons: scanning 28 behaviours
[20:41:56] Button hook complete — hooked 0 button(s)
[20:41:56] HookButtons: scanning 28 behaviours
[20:41:56] Button hook complete — hooked 0 button(s)
[20:41:56] HookButtons: scanning 28 behaviours
[20:41:56] Button hook complete — hooked 0 button(s)
[20:41:56] [Update tick 5] deltaTime=0.0332 unscaled=0.0332 realTime=41.5 timescale=1.00
[20:41:57] HookButtons: scanning 28 behaviours
[20:41:57] Button hook complete — hooked 0 button(s)
[20:41:57] HookButtons: scanning 28 behaviours
[20:41:57] Button hook complete — hooked 0 button(s)
[20:41:57] HookButtons: scanning 28 behaviours
[20:41:57] Button hook complete — hooked 0 button(s)
[20:41:57] HookButtons: scanning 28 behaviours
[20:41:57] Button hook complete — hooked 0 button(s)
[20:41:57] HookButtons: scanning 28 behaviours
[20:41:57] Button hook complete — hooked 0 button(s)
[20:41:57] HookButtons: scanning 28 behaviours
[20:41:57] Button hook complete — hooked 0 button(s)
[20:41:58] HookButtons: scanning 28 behaviours
[20:41:58] Button hook complete — hooked 0 button(s)
[20:41:58] HookButtons: scanning 28 behaviours
[20:41:58] Button hook complete — hooked 0 button(s)
[20:41:58] HookButtons: scanning 28 behaviours
[20:41:58] Button hook complete — hooked 0 button(s)
[20:41:58] HookButtons: scanning 28 behaviours
[20:41:58] Button hook complete — hooked 0 button(s)
[20:41:58] HookButtons: scanning 28 behaviours
[20:41:58] Button hook complete — hooked 0 button(s)
[20:41:58] HookButtons: scanning 28 behaviours
[20:41:58] Button hook complete — hooked 0 button(s)
[20:41:59] HookButtons: scanning 28 behaviours
[20:41:59] Button hook complete — hooked 0 button(s)
[20:41:59] HookButtons: scanning 28 behaviours
[20:41:59] Button hook complete — hooked 0 button(s)
[20:41:59] HookButtons: scanning 28 behaviours
[20:41:59] Button hook complete — hooked 0 button(s)
[20:41:59] HookButtons: scanning 28 behaviours
[20:41:59] Button hook complete — hooked 0 button(s)
[20:41:59] HookButtons: scanning 28 behaviours
[20:41:59] Button hook complete — hooked 0 button(s)
[20:41:59] HookButtons: scanning 28 behaviours
[20:41:59] Button hook complete — hooked 0 button(s)
[20:41:59] HookButtons: scanning 28 behaviours
[20:41:59] Button hook complete — hooked 0 button(s)
[20:42:00] HookButtons: scanning 28 behaviours
[20:42:00] Button hook complete — hooked 0 button(s)
[20:42:00] HookButtons: scanning 28 behaviours
[20:42:00] Button hook complete — hooked 0 button(s)
[20:42:00] HookButtons: scanning 28 behaviours
[20:42:00] Button hook complete — hooked 0 button(s)
[20:42:00] HookButtons: scanning 28 behaviours
[20:42:00] Button hook complete — hooked 0 button(s)
[20:42:00] HookButtons: scanning 28 behaviours
[20:42:00] Button hook complete — hooked 0 button(s)
[20:42:00] HookButtons: scanning 28 behaviours
[20:42:00] Button hook complete — hooked 0 button(s)
[20:42:01] HookButtons: scanning 28 behaviours
[20:42:01] Button hook complete — hooked 0 button(s)
[20:42:01] HookButtons: scanning 28 behaviours
[20:42:01] Button hook complete — hooked 0 button(s)
[20:42:01] HookButtons: scanning 28 behaviours
[20:42:01] Button hook complete — hooked 0 button(s)
[20:42:01] HookButtons: scanning 28 behaviours
[20:42:01] Button hook complete — hooked 0 button(s)
[20:42:01] HookButtons: scanning 28 behaviours
[20:42:01] Button hook complete — hooked 0 button(s)
[20:42:01] HookButtons: scanning 28 behaviours
[20:42:01] Button hook complete — hooked 0 button(s)
[20:42:02] HookButtons: scanning 28 behaviours
[20:42:02] Button hook complete — hooked 0 button(s)
[20:42:02] HookButtons: scanning 28 behaviours
[20:42:02] Button hook complete — hooked 0 button(s)
[20:42:02] HookButtons: scanning 28 behaviours
[20:42:02] Button hook complete — hooked 0 button(s)
[20:42:02] HookButtons: scanning 28 behaviours
[20:42:02] Button hook complete — hooked 0 button(s)
[20:42:02] HookButtons: scanning 28 behaviours
[20:42:02] Button hook complete — hooked 0 button(s)
[20:42:02] HookButtons: scanning 28 behaviours
[20:42:02] Button hook complete — hooked 0 button(s)
[20:42:03] HookButtons: scanning 28 behaviours
[20:42:03] Button hook complete — hooked 0 button(s)
[20:42:03] HookButtons: scanning 28 behaviours
[20:42:03] Button hook complete — hooked 0 button(s)
[20:42:03] HookButtons: scanning 28 behaviours
[20:42:03] Button hook complete — hooked 0 button(s)
[20:42:03] HookButtons: scanning 28 behaviours
[20:42:03] Button hook complete — hooked 0 button(s)
[20:42:03] HookButtons: scanning 28 behaviours
[20:42:03] Button hook complete — hooked 0 button(s)
[20:42:03] HookButtons: scanning 28 behaviours
[20:42:03] Button hook complete — hooked 0 button(s)
[20:42:04] HookButtons: scanning 28 behaviours
[20:42:04] Button hook complete — hooked 0 button(s)
[20:42:04] HookButtons: scanning 28 behaviours
[20:42:04] Button hook complete — hooked 0 button(s)
[20:42:04] HookButtons: scanning 28 behaviours
[20:42:04] Button hook complete — hooked 0 button(s)
[20:42:04] HookButtons: scanning 28 behaviours
[20:42:04] Button hook complete — hooked 0 button(s)
[20:42:04] HookButtons: scanning 28 behaviours
[20:42:04] Button hook complete — hooked 0 button(s)
[20:42:04] HookButtons: scanning 28 behaviours
[20:42:04] Button hook complete — hooked 0 button(s)
[20:42:05] HookButtons: scanning 28 behaviours
[20:42:05] Button hook complete — hooked 0 button(s)
[20:42:05] HookButtons: scanning 28 behaviours
[20:42:05] Button hook complete — hooked 0 button(s)
[20:42:05] HookButtons: scanning 28 behaviours
[20:42:05] Button hook complete — hooked 0 button(s)
[20:42:05] HookButtons: scanning 28 behaviours
[20:42:05] Button hook complete — hooked 0 button(s)
[20:42:05] HookButtons: scanning 28 behaviours
[20:42:05] Button hook complete — hooked 0 button(s)
[20:42:05] HookButtons: scanning 28 behaviours
[20:42:05] Button hook complete — hooked 0 button(s)
[20:42:06] HookButtons: scanning 28 behaviours
[20:42:06] Button hook complete — hooked 0 button(s)
[20:42:06] HookButtons: scanning 28 behaviours
[20:42:06] Button hook complete — hooked 0 button(s)
[20:42:06] HookButtons: scanning 28 behaviours
[20:42:06] Button hook complete — hooked 0 button(s)
[20:42:06] HookButtons: scanning 28 behaviours
[20:42:06] Button hook complete — hooked 0 button(s)
[20:42:06] HookButtons: scanning 28 behaviours
[20:42:06] Button hook complete — hooked 0 button(s)
[20:42:06] HookButtons: scanning 28 behaviours
[20:42:06] Button hook complete — hooked 0 button(s)
[20:42:07] HookButtons: scanning 28 behaviours
[20:42:07] Button hook complete — hooked 0 button(s)
[20:42:07] HookButtons: scanning 28 behaviours
[20:42:07] Button hook complete — hooked 0 button(s)
[20:42:07] HookButtons: scanning 28 behaviours
[20:42:07] Button hook complete — hooked 0 button(s)
[20:42:07] HookButtons: scanning 28 behaviours
[20:42:07] Button hook complete — hooked 0 button(s)
[20:42:07] HookButtons: scanning 28 behaviours
[20:42:07] Button hook complete — hooked 0 button(s)
[20:42:07] HookButtons: scanning 28 behaviours
[20:42:07] Button hook complete — hooked 0 button(s)
[20:42:08] HookButtons: scanning 28 behaviours
[20:42:08] Button hook complete — hooked 0 button(s)
[20:42:08] HookButtons: scanning 28 behaviours
[20:42:08] Button hook complete — hooked 0 button(s)
[20:42:08] HookButtons: scanning 28 behaviours
[20:42:08] Button hook complete — hooked 0 button(s)
[20:42:08] HookButtons: scanning 28 behaviours
[20:42:08] Button hook complete — hooked 0 button(s)
[20:42:08] HookButtons: scanning 28 behaviours
[20:42:08] Button hook complete — hooked 0 button(s)
[20:42:08] HookButtons: scanning 28 behaviours
[20:42:08] Button hook complete — hooked 0 button(s)
[20:42:09] HookButtons: scanning 28 behaviours
[20:42:09] Button hook complete — hooked 0 button(s)
[20:42:09] HookButtons: scanning 28 behaviours
[20:42:09] Button hook complete — hooked 0 button(s)
[20:42:09] HookButtons: scanning 28 behaviours
[20:42:09] Button hook complete — hooked 0 button(s)
[20:42:09] HookButtons: scanning 28 behaviours
[20:42:09] Button hook complete — hooked 0 button(s)
[20:42:09] HookButtons: scanning 28 behaviours
[20:42:09] Button hook complete — hooked 0 button(s)
[20:42:09] HookButtons: scanning 28 behaviours
[20:42:09] Button hook complete — hooked 0 button(s)
[20:42:10] HookButtons: scanning 28 behaviours
[20:42:10] Button hook complete — hooked 0 button(s)
[20:42:10] HookButtons: scanning 28 behaviours
[20:42:10] Button hook complete — hooked 0 button(s)
[20:42:10] HookButtons: scanning 28 behaviours
[20:42:10] Button hook complete — hooked 0 button(s)
[20:42:10] HookButtons: scanning 28 behaviours
[20:42:10] Button hook complete — hooked 0 button(s)
[20:42:10] HookButtons: scanning 28 behaviours
[20:42:10] Button hook complete — hooked 0 button(s)
[20:42:10] HookButtons: scanning 28 behaviours
[20:42:10] Button hook complete — hooked 0 button(s)
[20:42:11] HookButtons: scanning 28 behaviours
[20:42:11] Button hook complete — hooked 0 button(s)
[20:42:11] HookButtons: scanning 28 behaviours
[20:42:11] Button hook complete — hooked 0 button(s)
[20:42:11] HookButtons: scanning 28 behaviours
[20:42:11] Button hook complete — hooked 0 button(s)
[20:42:11] HookButtons: scanning 28 behaviours
[20:42:11] Button hook complete — hooked 0 button(s)
[20:42:11] HookButtons: scanning 28 behaviours
[20:42:11] Button hook complete — hooked 0 button(s)
[20:42:11] HookButtons: scanning 28 behaviours
[20:42:11] Button hook complete — hooked 0 button(s)
[20:42:11] HookButtons: scanning 28 behaviours
[20:42:11] Button hook complete — hooked 0 button(s)
[20:42:12] HookButtons: scanning 28 behaviours
[20:42:12] Button hook complete — hooked 0 button(s)
[20:42:12] HookButtons: scanning 28 behaviours
[20:42:12] Button hook complete — hooked 0 button(s)
[20:42:12] HookButtons: scanning 28 behaviours
[20:42:12] Button hook complete — hooked 0 button(s)
[20:42:12] HookButtons: scanning 28 behaviours
[20:42:12] Button hook complete — hooked 0 button(s)
[20:42:12] HookButtons: scanning 28 behaviours
[20:42:12] Button hook complete — hooked 0 button(s)
[20:42:12] HookButtons: scanning 28 behaviours
[20:42:12] Button hook complete — hooked 0 button(s)
[20:42:13] HookButtons: scanning 28 behaviours
[20:42:13] Button hook complete — hooked 0 button(s)
[20:42:13] HookButtons: scanning 28 behaviours
[20:42:13] Button hook complete — hooked 0 button(s)
[20:42:13] HookButtons: scanning 28 behaviours
[20:42:13] Button hook complete — hooked 0 button(s)
[20:42:13] HookButtons: scanning 28 behaviours
[20:42:13] Button hook complete — hooked 0 button(s)
[20:42:13] HookButtons: scanning 28 behaviours
[20:42:13] Button hook complete — hooked 0 button(s)
[20:42:13] HookButtons: scanning 28 behaviours
[20:42:13] Button hook complete — hooked 0 button(s)
[20:42:14] HookButtons: scanning 28 behaviours
[20:42:14] Button hook complete — hooked 0 button(s)
[20:42:14] HookButtons: scanning 28 behaviours
[20:42:14] Button hook complete — hooked 0 button(s)
[20:42:14] HookButtons: scanning 28 behaviours
[20:42:14] Button hook complete — hooked 0 button(s)
[20:42:14] HookButtons: scanning 28 behaviours
[20:42:14] Button hook complete — hooked 0 button(s)
[20:42:14] HookButtons: scanning 28 behaviours
[20:42:14] Button hook complete — hooked 0 button(s)
[20:42:14] HookButtons: scanning 28 behaviours
[20:42:14] Button hook complete — hooked 0 button(s)
[20:42:15] HookButtons: scanning 28 behaviours
[20:42:15] Button hook complete — hooked 0 button(s)
[20:42:15] HookButtons: scanning 28 behaviours
[20:42:15] Button hook complete — hooked 0 button(s)
[20:42:15] HookButtons: scanning 28 behaviours
[20:42:15] Button hook complete — hooked 0 button(s)
[20:42:15] HookButtons: scanning 28 behaviours
[20:42:15] Button hook complete — hooked 0 button(s)
[20:42:15] HookButtons: scanning 28 behaviours
[20:42:15] Button hook complete — hooked 0 button(s)
[20:42:15] HookButtons: scanning 28 behaviours
[20:42:15] Button hook complete — hooked 0 button(s)
[20:42:16] HookButtons: scanning 28 behaviours
[20:42:16] Button hook complete — hooked 0 button(s)
[20:42:16] HookButtons: scanning 28 behaviours
[20:42:16] Button hook complete — hooked 0 button(s)
[20:42:16] HookButtons: scanning 28 behaviours
[20:42:16] Button hook complete — hooked 0 button(s)
[20:42:16] HookButtons: scanning 28 behaviours
[20:42:16] Button hook complete — hooked 0 button(s)
[20:42:16] HookButtons: scanning 28 behaviours
[20:42:16] Button hook complete — hooked 0 button(s)
[20:42:16] HookButtons: scanning 28 behaviours
[20:42:16] Button hook complete — hooked 0 button(s)
[20:42:17] HookButtons: scanning 28 behaviours
[20:42:17] Button hook complete — hooked 0 button(s)
[20:42:17] HookButtons: scanning 28 behaviours
[20:42:17] Button hook complete — hooked 0 button(s)
[20:42:17] HookButtons: scanning 28 behaviours
[20:42:17] Button hook complete — hooked 0 button(s)
[20:42:17] HookButtons: scanning 28 behaviours
[20:42:17] Button hook complete — hooked 0 button(s)
[20:42:17] HookButtons: scanning 28 behaviours
[20:42:17] Button hook complete — hooked 0 button(s)
[20:42:17] HookButtons: scanning 28 behaviours
[20:42:17] Button hook complete — hooked 0 button(s)
[20:42:18] HookButtons: scanning 28 behaviours
[20:42:18] Button hook complete — hooked 0 button(s)
[20:42:18] HookButtons: scanning 28 behaviours
[20:42:18] Button hook complete — hooked 0 button(s)
[20:42:18] HookButtons: scanning 28 behaviours
[20:42:18] Button hook complete — hooked 0 button(s)
[20:42:18] HookButtons: scanning 28 behaviours
[20:42:18] Button hook complete — hooked 0 button(s)
[20:42:18] HookButtons: scanning 28 behaviours
[20:42:18] Button hook complete — hooked 0 button(s)
[20:42:18] HookButtons: scanning 28 behaviours
[20:42:18] Button hook complete — hooked 0 button(s)
[20:42:19] HookButtons: scanning 28 behaviours
[20:42:19] Button hook complete — hooked 0 button(s)
[20:42:19] HookButtons: scanning 28 behaviours
[20:42:19] Button hook complete — hooked 0 button(s)
[20:42:19] HookButtons: scanning 28 behaviours
[20:42:19] Button hook complete — hooked 0 button(s)
[20:42:19] HookButtons: scanning 28 behaviours
[20:42:19] Button hook complete — hooked 0 button(s)
[20:42:19] HookButtons: scanning 28 behaviours
[20:42:19] Button hook complete — hooked 0 button(s)
[20:42:19] HookButtons: scanning 28 behaviours
[20:42:19] Button hook complete — hooked 0 button(s)
[20:42:20] HookButtons: scanning 28 behaviours
[20:42:20] Button hook complete — hooked 0 button(s)
[20:42:20] HookButtons: scanning 28 behaviours
[20:42:20] Button hook complete — hooked 0 button(s)
[20:42:20] HookButtons: scanning 28 behaviours
[20:42:20] Button hook complete — hooked 0 button(s)
[20:42:20] HookButtons: scanning 28 behaviours
[20:42:20] Button hook complete — hooked 0 button(s)
[20:42:20] HookButtons: scanning 28 behaviours
[20:42:20] Button hook complete — hooked 0 button(s)
[20:42:20] HookButtons: scanning 28 behaviours
[20:42:20] Button hook complete — hooked 0 button(s)
[20:42:21] HookButtons: scanning 28 behaviours
[20:42:21] Button hook complete — hooked 0 button(s)
[20:42:21] HookButtons: scanning 28 behaviours
[20:42:21] Button hook complete — hooked 0 button(s)
[20:42:21] HookButtons: scanning 28 behaviours
[20:42:21] Button hook complete — hooked 0 button(s)
[20:42:21] HookButtons: scanning 28 behaviours
[20:42:21] Button hook complete — hooked 0 button(s)
[20:42:21] HookButtons: scanning 28 behaviours
[20:42:21] Button hook complete — hooked 0 button(s)
[20:42:21] HookButtons: scanning 28 behaviours
[20:42:21] Button hook complete — hooked 0 button(s)
[20:42:22] HookButtons: scanning 28 behaviours
[20:42:22] Button hook complete — hooked 0 button(s)
[20:42:22] HookButtons: scanning 28 behaviours
[20:42:22] Button hook complete — hooked 0 button(s)
[20:42:22] HookButtons: scanning 28 behaviours
[20:42:22] Button hook complete — hooked 0 button(s)
[20:42:22] HookButtons: scanning 28 behaviours
[20:42:22] Button hook complete — hooked 0 button(s)
[20:42:22] HookButtons: scanning 28 behaviours
[20:42:22] Button hook complete — hooked 0 button(s)
[20:42:22] HookButtons: scanning 28 behaviours
[20:42:22] Button hook complete — hooked 0 button(s)
[20:42:23] HookButtons: scanning 28 behaviours
[20:42:23] Button hook complete — hooked 0 button(s)
[20:42:23] HookButtons: scanning 28 behaviours
[20:42:23] Button hook complete — hooked 0 button(s)
[20:42:23] HookButtons: scanning 28 behaviours
[20:42:23] Button hook complete — hooked 0 button(s)
[20:42:23] HookButtons: scanning 28 behaviours
[20:42:23] Button hook complete — hooked 0 button(s)
[20:42:23] HookButtons: scanning 28 behaviours
[20:42:23] Button hook complete — hooked 0 button(s)
[20:42:23] HookButtons: scanning 28 behaviours
[20:42:23] Button hook complete — hooked 0 button(s)
[20:42:24] HookButtons: scanning 28 behaviours
[20:42:24] Button hook complete — hooked 0 button(s)
[20:42:24] HookButtons: scanning 28 behaviours
[20:42:24] Button hook complete — hooked 0 button(s)
[20:42:24] HookButtons: scanning 28 behaviours
[20:42:24] Button hook complete — hooked 0 button(s)
[20:42:24] HookButtons: scanning 28 behaviours
[20:42:24] Button hook complete — hooked 0 button(s)
[20:42:24] HookButtons: scanning 28 behaviours
[20:42:24] Button hook complete — hooked 0 button(s)
[20:42:24] HookButtons: scanning 28 behaviours
[20:42:24] Button hook complete — hooked 0 button(s)
[20:42:25] HookButtons: scanning 28 behaviours
[20:42:25] Button hook complete — hooked 0 button(s)
[20:42:25] HookButtons: scanning 28 behaviours
[20:42:25] Button hook complete — hooked 0 button(s)
[20:42:25] HookButtons: scanning 28 behaviours
[20:42:25] Button hook complete — hooked 0 button(s)
[20:42:25] HookButtons: scanning 28 behaviours
[20:42:25] Button hook complete — hooked 0 button(s)
[20:42:25] HookButtons: scanning 28 behaviours
[20:42:25] Button hook complete — hooked 0 button(s)
[20:42:25] HookButtons: scanning 28 behaviours
[20:42:25] Button hook complete — hooked 0 button(s)
[20:42:26] HookButtons: scanning 28 behaviours
[20:42:26] Button hook complete — hooked 0 button(s)
[20:42:26] HookButtons: scanning 28 behaviours
[20:42:26] Button hook complete — hooked 0 button(s)
[20:42:26] HookButtons: scanning 28 behaviours
[20:42:26] Button hook complete — hooked 0 button(s)
[20:42:26] HookButtons: scanning 28 behaviours
[20:42:26] Button hook complete — hooked 0 button(s)
[20:42:26] HookButtons: scanning 28 behaviours
[20:42:26] Button hook complete — hooked 0 button(s)
[20:42:26] HookButtons: scanning 28 behaviours
[20:42:26] Button hook complete — hooked 0 button(s)
[20:42:27] HookButtons: scanning 28 behaviours
[20:42:27] Button hook complete — hooked 0 button(s)
[20:42:27] HookButtons: scanning 28 behaviours
[20:42:27] Button hook complete — hooked 0 button(s)
[20:42:27] HookButtons: scanning 28 behaviours
[20:42:27] Button hook complete — hooked 0 button(s)
[20:42:27] HookButtons: scanning 28 behaviours
[20:42:27] Button hook complete — hooked 0 button(s)
[20:42:27] HookButtons: scanning 28 behaviours
[20:42:27] Button hook complete — hooked 0 button(s)
[20:42:27] HookButtons: scanning 28 behaviours
[20:42:27] Button hook complete — hooked 0 button(s)
[20:42:28] HookButtons: scanning 28 behaviours
[20:42:28] Button hook complete — hooked 0 button(s)
[20:42:28] HookButtons: scanning 28 behaviours
[20:42:28] Button hook complete — hooked 0 button(s)
[20:42:28] HookButtons: scanning 28 behaviours
[20:42:28] Button hook complete — hooked 0 button(s)
[20:42:28] HookButtons: scanning 28 behaviours
[20:42:28] Button hook complete — hooked 0 button(s)
[20:42:28] HookButtons: scanning 28 behaviours
[20:42:28] Button hook complete — hooked 0 button(s)
[20:42:28] HookButtons: scanning 28 behaviours
[20:42:28] Button hook complete — hooked 0 button(s)
[20:42:29] HookButtons: scanning 28 behaviours
[20:42:29] Button hook complete — hooked 0 button(s)
[20:42:29] HookButtons: scanning 28 behaviours
[20:42:29] Button hook complete — hooked 0 button(s)
[20:42:29] HookButtons: scanning 28 behaviours
[20:42:29] Button hook complete — hooked 0 button(s)
[20:42:29] HookButtons: scanning 28 behaviours
[20:42:29] Button hook complete — hooked 0 button(s)
[20:42:29] HookButtons: scanning 28 behaviours
[20:42:29] Button hook complete — hooked 0 button(s)
[20:42:29] HookButtons: scanning 28 behaviours
[20:42:29] Button hook complete — hooked 0 button(s)
[20:42:30] HookButtons: scanning 28 behaviours
[20:42:30] Button hook complete — hooked 0 button(s)
[20:42:30] HookButtons: scanning 28 behaviours
[20:42:30] Button hook complete — hooked 0 button(s)
[20:42:30] HookButtons: scanning 28 behaviours
[20:42:30] Button hook complete — hooked 0 button(s)
[20:42:30] HookButtons: scanning 28 behaviours
[20:42:30] Button hook complete — hooked 0 button(s)
[20:42:30] HookButtons: scanning 28 behaviours
[20:42:30] Button hook complete — hooked 0 button(s)
[20:42:30] HookButtons: scanning 28 behaviours
[20:42:30] Button hook complete — hooked 0 button(s)
[20:42:31] HookButtons: scanning 28 behaviours
[20:42:31] Button hook complete — hooked 0 button(s)
[20:42:31] HookButtons: scanning 28 behaviours
[20:42:31] Button hook complete — hooked 0 button(s)
[20:42:31] HookButtons: scanning 28 behaviours
[20:42:31] Button hook complete — hooked 0 button(s)
[20:42:31] HookButtons: scanning 28 behaviours
[20:42:31] Button hook complete — hooked 0 button(s)
[20:42:31] HookButtons: scanning 28 behaviours
[20:42:31] Button hook complete — hooked 0 button(s)
[20:42:31] HookButtons: scanning 28 behaviours
[20:42:31] Button hook complete — hooked 0 button(s)
[20:42:32] HookButtons: scanning 28 behaviours
[20:42:32] Button hook complete — hooked 0 button(s)
[20:42:32] HookButtons: scanning 28 behaviours
[20:42:32] Button hook complete — hooked 0 button(s)
[20:42:32] HookButtons: scanning 28 behaviours
[20:42:32] Button hook complete — hooked 0 button(s)
[20:42:32] HookButtons: scanning 28 behaviours
[20:42:32] Button hook complete — hooked 0 button(s)
[20:42:32] HookButtons: scanning 28 behaviours
[20:42:32] Button hook complete — hooked 0 button(s)
[20:42:32] HookButtons: scanning 28 behaviours
[20:42:32] Button hook complete — hooked 0 button(s)
[20:42:33] HookButtons: scanning 28 behaviours
[20:42:33] Button hook complete — hooked 0 button(s)
[20:42:33] HookButtons: scanning 28 behaviours
[20:42:33] Button hook complete — hooked 0 button(s)
[20:42:33] HookButtons: scanning 28 behaviours
[20:42:33] Button hook complete — hooked 0 button(s)
[20:42:33] HookButtons: scanning 28 behaviours
[20:42:33] Button hook complete — hooked 0 button(s)
[20:42:33] HookButtons: scanning 28 behaviours
[20:42:33] Button hook complete — hooked 0 button(s)
[20:42:33] HookButtons: scanning 28 behaviours
[20:42:33] Button hook complete — hooked 0 button(s)
[20:42:34] HookButtons: scanning 28 behaviours
[20:42:34] Button hook complete — hooked 0 button(s)
[20:42:34] HookButtons: scanning 28 behaviours
[20:42:34] Button hook complete — hooked 0 button(s)
[20:42:34] HookButtons: scanning 28 behaviours
[20:42:34] Button hook complete — hooked 0 button(s)
[20:42:34] HookButtons: scanning 28 behaviours
[20:42:34] Button hook complete — hooked 0 button(s)
[20:42:34] HookButtons: scanning 28 behaviours
[20:42:34] Button hook complete — hooked 0 button(s)
[20:42:34] HookButtons: scanning 28 behaviours
[20:42:34] Button hook complete — hooked 0 button(s)
[20:42:35] HookButtons: scanning 28 behaviours
[20:42:35] Button hook complete — hooked 0 button(s)
[20:42:35] HookButtons: scanning 28 behaviours
[20:42:35] Button hook complete — hooked 0 button(s)
[20:42:35] HookButtons: scanning 28 behaviours
[20:42:35] Button hook complete — hooked 0 button(s)
[20:42:35] HookButtons: scanning 28 behaviours
[20:42:35] Button hook complete — hooked 0 button(s)
[20:42:35] HookButtons: scanning 28 behaviours
[20:42:35] Button hook complete — hooked 0 button(s)
[20:42:35] HookButtons: scanning 28 behaviours
[20:42:35] Button hook complete — hooked 0 button(s)
[20:42:36] HookButtons: scanning 28 behaviours
[20:42:36] Button hook complete — hooked 0 button(s)
[20:42:36] HookButtons: scanning 28 behaviours
[20:42:36] Button hook complete — hooked 0 button(s)
[20:42:36] HookButtons: scanning 28 behaviours
[20:42:36] Button hook complete — hooked 0 button(s)
[20:42:36] HookButtons: scanning 28 behaviours
[20:42:36] Button hook complete — hooked 0 button(s)
[20:42:36] HookButtons: scanning 28 behaviours
[20:42:36] Button hook complete — hooked 0 button(s)
[20:42:36] HookButtons: scanning 28 behaviours
[20:42:36] Button hook complete — hooked 0 button(s)
[20:42:37] HookButtons: scanning 28 behaviours
[20:42:37] Button hook complete — hooked 0 button(s)
[20:42:37] HookButtons: scanning 28 behaviours
[20:42:37] Button hook complete — hooked 0 button(s)
[20:42:37] HookButtons: scanning 28 behaviours
[20:42:37] Button hook complete — hooked 0 button(s)
[20:42:37] HookButtons: scanning 28 behaviours
[20:42:37] Button hook complete — hooked 0 button(s)
[20:42:37] HookButtons: scanning 28 behaviours
[20:42:37] Button hook complete — hooked 0 button(s)
[20:42:37] HookButtons: scanning 28 behaviours
[20:42:37] Button hook complete — hooked 0 button(s)
[20:42:38] HookButtons: scanning 28 behaviours
[20:42:38] Button hook complete — hooked 0 button(s)
[20:42:38] HookButtons: scanning 28 behaviours
[20:42:38] Button hook complete — hooked 0 button(s)
[20:42:38] HookButtons: scanning 28 behaviours
[20:42:38] Button hook complete — hooked 0 button(s)
[20:42:38] HookButtons: scanning 28 behaviours
[20:42:38] Button hook complete — hooked 0 button(s)
[20:42:38] HookButtons: scanning 28 behaviours
[20:42:38] Button hook complete — hooked 0 button(s)
[20:42:38] HookButtons: scanning 28 behaviours
[20:42:38] Button hook complete — hooked 0 button(s)
[20:42:39] HookButtons: scanning 28 behaviours
[20:42:39] Button hook complete — hooked 0 button(s)
[20:42:39] HookButtons: scanning 28 behaviours
[20:42:39] Button hook complete — hooked 0 button(s)
[20:42:39] HookButtons: scanning 28 behaviours
[20:42:39] Button hook complete — hooked 0 button(s)
[20:42:39] HookButtons: scanning 28 behaviours
[20:42:39] Button hook complete — hooked 0 button(s)
[20:42:39] HookButtons: scanning 28 behaviours
[20:42:39] Button hook complete — hooked 0 button(s)
[20:42:39] HookButtons: scanning 28 behaviours
[20:42:39] Button hook complete — hooked 0 button(s)
[20:42:40] HookButtons: scanning 28 behaviours
[20:42:40] Button hook complete — hooked 0 button(s)
[20:42:40] HookButtons: scanning 28 behaviours
[20:42:40] Button hook complete — hooked 0 button(s)
[20:42:40] HookButtons: scanning 28 behaviours
[20:42:40] Button hook complete — hooked 0 button(s)
[20:42:40] HookButtons: scanning 28 behaviours
[20:42:40] Button hook complete — hooked 0 button(s)
[20:42:40] HookButtons: scanning 28 behaviours
[20:42:40] Button hook complete — hooked 0 button(s)
[20:42:40] HookButtons: scanning 28 behaviours
[20:42:40] Button hook complete — hooked 0 button(s)
[20:42:41] HookButtons: scanning 28 behaviours
[20:42:41] Button hook complete — hooked 0 button(s)
[20:42:41] HookButtons: scanning 28 behaviours
[20:42:41] Button hook complete — hooked 0 button(s)
[20:42:41] HookButtons: scanning 28 behaviours
[20:42:41] Button hook complete — hooked 0 button(s)
[20:42:41] HookButtons: scanning 28 behaviours
[20:42:41] Button hook complete — hooked 0 button(s)
[20:42:41] HookButtons: scanning 28 behaviours
[20:42:41] Button hook complete — hooked 0 button(s)
[20:42:41] HookButtons: scanning 28 behaviours
[20:42:41] Button hook complete — hooked 0 button(s)
[20:42:42] HookButtons: scanning 28 behaviours
[20:42:42] Button hook complete — hooked 0 button(s)
[20:42:42] HookButtons: scanning 28 behaviours
[20:42:42] Button hook complete — hooked 0 button(s)
[20:42:42] HookButtons: scanning 28 behaviours
[20:42:42] Button hook complete — hooked 0 button(s)
[20:42:42] OnDestroy — MonoBehaviour destroyed
[20:42:42] OnDestroy — MonoBehaviour destroyed
[20:42:46] === IPRedirectMod Load() ===
[20:42:46] Creating redirect MonoBehaviour for IP: 172.28.48.1
[20:42:46] CustomMaps mod initialized
[20:42:46] Start() — scene=MainMenu
[20:42:48] OnLevelWasLoaded: scene=MultiplayerSelect level=5
[20:42:48] Entered connect scene — starting LAN connection
[20:42:48]   ServerAddress = 172.28.48.1
[20:42:48]   ServerPort = 5055
[20:42:48]   AppID = CNRLan
[20:42:48]   HostType = SelfHosted
[20:42:48] Override applied → 172.28.48.1:5055  AppID=CNRLan
[20:42:48] Disconnect() called
[20:42:48] Photon disconnected, swapping to TCP then reconnecting
[20:42:48] SwapToTcp: current peerBase is EnetPeer
[20:42:48] SwapToTcp: usedProtocol = Tcp
[20:42:48] SwapToTcp: Listener set via property setter = NetworkingPeer
[20:42:48] SwapToTcp: peerBase swapped to TPeer - client will connect via TCP
[20:42:48] requestSecurity = false → will use direct OpAuthenticate (no DH)
[20:42:48] About to call ConnectUsingSettings...
[20:42:48] ConnectUsingSettings() returned OK → connecting to 172.28.48.1:5055
[20:42:48] Monitoring connection state (30s timeout)...
[20:42:48] connState=1  detailState=2  (0.0s elapsed)  runInBg=True
[20:42:48] [heartbeat] connState=1  detailState=2  (0.0s elapsed)  runInBg=True  dt=0.0332
[20:42:48] CustomMaps Update: mCurWWSubScene=RoomChoice
[20:42:48] connState=2  detailState=3  (0.0s elapsed)  runInBg=True
[20:42:48] connState=2  detailState=5  (0.4s elapsed)  runInBg=True
[20:42:48] connState=2  detailState=6  (0.5s elapsed)  runInBg=True
[20:42:48] Connected to lobby! detailState=6 after 0.5s
[20:42:49] [Update tick 1] deltaTime=0.0332 unscaled=0.0332 realTime=3.1 timescale=1.00
[20:42:51] CustomMaps Update: mCurWWSubScene=RoomCreate
[20:42:51] HookButtons: scanning 81 behaviours
[20:42:51]   MapSelectButtonEvent: WWMaxNumSub on WWMaxNumSubButton
[20:42:51]   MapSelectButtonEvent: WWMaxNumAdd on WWMaxNumAddButton
[20:42:51]   MapSelectButtonEvent: WWRoomCreateBack on WWRoomCreateBackButton
[20:42:51]   MapSelectButtonEvent: WWMapNext on WWMapNextButton
[20:42:51]   -> HOOKED as Next
[20:42:51]   MapSelectButtonEvent: WWMapPre on WWMapPreButton
[20:42:51]   -> HOOKED as Pre
[20:42:51]   MapSelectButtonEvent: WWStart on WWRoomStartButton
[20:42:51] Button hook complete — hooked 2 button(s)
[20:42:52] [Update tick 2] deltaTime=0.0332 unscaled=0.0332 realTime=6.1 timescale=1.00
[20:42:52] Map changed to: FreeRun4_1
[20:42:53] Map changed to: FreeRun5_1
[20:42:53] Map changed to: FreeRun6_1
[20:42:53] Map changed to: FreeRun7_1
[20:42:53] Map changed to: FreeRun8_1
[20:42:54] Map changed to: FreeRun9_1
[20:42:54] Map changed to: FreeRun10_1
[20:42:54] Map changed to: FreeRun11_1
[20:42:55] [Update tick 3] deltaTime=0.0332 unscaled=0.0332 realTime=9.1 timescale=1.00
[20:42:55] Map changed to: FreeRun12_1
[20:42:56] Map changed to: FreeRun11_1
[20:42:56] Map changed to: FreeRun10_1
[20:42:57] Map changed to: FreeRun9_1
[20:42:58] Map changed to: FreeRun10_1
[20:42:58] [Update tick 4] deltaTime=0.0332 unscaled=0.0332 realTime=12.1 timescale=1.00
[20:42:58] Map changed to: FreeRun11_1
[20:42:59] === IPRedirectMod Load() ===
[20:42:59] Creating redirect MonoBehaviour for IP: 172.28.48.1
[20:42:59] CustomMaps mod initialized
[20:42:59] Start() — scene=MultiplayerSelect
[20:42:59] CustomMaps Update: mCurWWSubScene=RoomCreate
[20:42:59] HookButtons: scanning 28 behaviours
[20:42:59] Button hook complete — hooked 0 button(s)
[20:43:00] OnLevelWasLoaded: scene=FreeRun11_1 level=24
[20:43:00] Scene 'FreeRun11_1' is not a connect scene and not MainMenu — leaving connection untouched
[20:43:00] OnLevelWasLoaded: scene=FreeRun11_1 level=24
[20:43:00] Scene 'FreeRun11_1' is not a connect scene and not MainMenu — leaving connection untouched
[20:43:00] HookButtons: scanning 286 behaviours
[20:43:00] Button hook complete — hooked 0 button(s)
[20:43:01] [Update tick 5] deltaTime=0.0331 unscaled=0.0331 realTime=15.1 timescale=1.00
[20:43:02] [Update tick 1] deltaTime=0.0333 unscaled=0.0333 realTime=16.3 timescale=1.00
[20:43:05] [Update tick 2] deltaTime=0.0332 unscaled=0.0332 realTime=19.3 timescale=1.00
[20:43:08] [Update tick 3] deltaTime=0.0333 unscaled=0.0333 realTime=22.3 timescale=1.00
[20:43:10] OnDestroy — MonoBehaviour destroyed
[20:43:10] OnDestroy — MonoBehaviour destroyed
[20:43:12] === IPRedirectMod Load() ===
[20:43:12] Creating redirect MonoBehaviour for IP: 172.28.48.1
[20:43:12] CustomMaps mod initialized
[20:43:12] Start() — scene=MainMenu
[20:43:15] [Update tick 1] deltaTime=0.0332 unscaled=0.0332 realTime=3.0 timescale=1.00
[20:43:19] [Update tick 2] deltaTime=0.0470 unscaled=0.0470 realTime=6.1 timescale=1.00
[20:43:20] OnLevelWasLoaded: scene=MultiplayerSelect level=5
[20:43:20] Entered connect scene — starting LAN connection
[20:43:20]   ServerAddress = 172.28.48.1
[20:43:20]   ServerPort = 5055
[20:43:20]   AppID = CNRLan
[20:43:20]   HostType = SelfHosted
[20:43:20] Override applied → 172.28.48.1:5055  AppID=CNRLan
[20:43:20] Disconnect() called
[20:43:20] Photon disconnected, swapping to TCP then reconnecting
[20:43:20] SwapToTcp: current peerBase is EnetPeer
[20:43:20] SwapToTcp: usedProtocol = Tcp
[20:43:20] SwapToTcp: Listener set via property setter = NetworkingPeer
[20:43:20] SwapToTcp: peerBase swapped to TPeer - client will connect via TCP
[20:43:20] requestSecurity = false → will use direct OpAuthenticate (no DH)
[20:43:20] About to call ConnectUsingSettings...
[20:43:20] ConnectUsingSettings() returned OK → connecting to 172.28.48.1:5055
[20:43:20] Monitoring connection state (30s timeout)...
[20:43:20] connState=1  detailState=2  (0.0s elapsed)  runInBg=True
[20:43:20] [heartbeat] connState=1  detailState=2  (0.0s elapsed)  runInBg=True  dt=0.0332
[20:43:20] CustomMaps Update: mCurWWSubScene=RoomChoice
[20:43:20] connState=2  detailState=3  (0.0s elapsed)  runInBg=True
[20:43:20] connState=2  detailState=5  (0.1s elapsed)  runInBg=True
[20:43:20] connState=2  detailState=6  (0.4s elapsed)  runInBg=True
[20:43:20] Connected to lobby! detailState=6 after 0.4s
[20:43:22] [Update tick 3] deltaTime=0.0333 unscaled=0.0333 realTime=9.1 timescale=1.00
[20:43:22] CustomMaps Update: mCurWWSubScene=RoomCreate
[20:43:22] HookButtons: scanning 81 behaviours
[20:43:22]   MapSelectButtonEvent: WWMaxNumSub on WWMaxNumSubButton
[20:43:22]   MapSelectButtonEvent: WWMaxNumAdd on WWMaxNumAddButton
[20:43:22]   MapSelectButtonEvent: WWRoomCreateBack on WWRoomCreateBackButton
[20:43:22]   MapSelectButtonEvent: WWMapNext on WWMapNextButton
[20:43:22]   -> HOOKED as Next
[20:43:22]   MapSelectButtonEvent: WWMapPre on WWMapPreButton
[20:43:22]   -> HOOKED as Pre
[20:43:22]   MapSelectButtonEvent: WWStart on WWRoomStartButton
[20:43:22] Button hook complete — hooked 2 button(s)
[20:43:23] Map changed to: FreeRun15_1
[20:43:23] Map changed to: FreeRun14_1
[20:43:24] Map changed to: FreeRun13_1
[20:43:24] Map changed to: FreeRun12_1
[20:43:25] [Update tick 4] deltaTime=0.0332 unscaled=0.0332 realTime=12.1 timescale=1.00
[20:43:25] Map changed to: FreeRun13_1
[20:43:27] === IPRedirectMod Load() ===
[20:43:27] Creating redirect MonoBehaviour for IP: 172.28.48.1
[20:43:27] CustomMaps mod initialized
[20:43:27] Start() — scene=MultiplayerSelect
[20:43:27] CustomMaps Update: mCurWWSubScene=RoomCreate
[20:43:27] HookButtons: scanning 28 behaviours
[20:43:27] Button hook complete — hooked 0 button(s)
[20:43:27] HookButtons: scanning 28 behaviours
[20:43:27] Button hook complete — hooked 0 button(s)
[20:43:27] HookButtons: scanning 28 behaviours
[20:43:27] Button hook complete — hooked 0 button(s)
[20:43:27] HookButtons: scanning 28 behaviours
[20:43:27] Button hook complete — hooked 0 button(s)
[20:43:28] [Update tick 5] deltaTime=0.0332 unscaled=0.0332 realTime=15.1 timescale=1.00
[20:43:28] HookButtons: scanning 28 behaviours
[20:43:28] Button hook complete — hooked 0 button(s)
[20:43:28] HookButtons: scanning 28 behaviours
[20:43:28] Button hook complete — hooked 0 button(s)
[20:43:28] HookButtons: scanning 28 behaviours
[20:43:28] Button hook complete — hooked 0 button(s)
[20:43:28] HookButtons: scanning 28 behaviours
[20:43:28] Button hook complete — hooked 0 button(s)
[20:43:28] HookButtons: scanning 28 behaviours
[20:43:28] Button hook complete — hooked 0 button(s)
[20:43:28] HookButtons: scanning 28 behaviours
[20:43:28] Button hook complete — hooked 0 button(s)
[20:43:29] HookButtons: scanning 28 behaviours
[20:43:29] Button hook complete — hooked 0 button(s)
[20:43:29] HookButtons: scanning 28 behaviours
[20:43:29] Button hook complete — hooked 0 button(s)
[20:43:29] HookButtons: scanning 28 behaviours
[20:43:29] Button hook complete — hooked 0 button(s)
[20:43:29] HookButtons: scanning 28 behaviours
[20:43:29] Button hook complete — hooked 0 button(s)
[20:43:29] HookButtons: scanning 28 behaviours
[20:43:29] Button hook complete — hooked 0 button(s)
[20:43:29] HookButtons: scanning 28 behaviours
[20:43:29] Button hook complete — hooked 0 button(s)
[20:43:30] HookButtons: scanning 28 behaviours
[20:43:30] Button hook complete — hooked 0 button(s)
[20:43:30] HookButtons: scanning 28 behaviours
[20:43:30] Button hook complete — hooked 0 button(s)
[20:43:30] [Update tick 1] deltaTime=0.0371 unscaled=0.0371 realTime=17.4 timescale=1.00
[20:43:30] HookButtons: scanning 28 behaviours
[20:43:30] Button hook complete — hooked 0 button(s)
[20:43:30] HookButtons: scanning 28 behaviours
[20:43:30] Button hook complete — hooked 0 button(s)
[20:43:30] HookButtons: scanning 28 behaviours
[20:43:30] Button hook complete — hooked 0 button(s)
[20:43:30] HookButtons: scanning 28 behaviours
[20:43:30] Button hook complete — hooked 0 button(s)
[20:43:31] HookButtons: scanning 28 behaviours
[20:43:31] Button hook complete — hooked 0 button(s)
[20:43:31] HookButtons: scanning 28 behaviours
[20:43:31] Button hook complete — hooked 0 button(s)
[20:43:31] HookButtons: scanning 28 behaviours
[20:43:31] Button hook complete — hooked 0 button(s)
[20:43:31] HookButtons: scanning 28 behaviours
[20:43:31] Button hook complete — hooked 0 button(s)
[20:43:31] HookButtons: scanning 28 behaviours
[20:43:31] Button hook complete — hooked 0 button(s)
[20:43:31] HookButtons: scanning 28 behaviours
[20:43:31] Button hook complete — hooked 0 button(s)
[20:43:32] HookButtons: scanning 28 behaviours
[20:43:32] Button hook complete — hooked 0 button(s)
[20:43:32] HookButtons: scanning 28 behaviours
[20:43:32] Button hook complete — hooked 0 button(s)
[20:43:32] HookButtons: scanning 28 behaviours
[20:43:32] Button hook complete — hooked 0 button(s)
[20:43:32] HookButtons: scanning 28 behaviours
[20:43:32] Button hook complete — hooked 0 button(s)
[20:43:32] HookButtons: scanning 28 behaviours
[20:43:32] Button hook complete — hooked 0 button(s)
[20:43:32] HookButtons: scanning 28 behaviours
[20:43:32] Button hook complete — hooked 0 button(s)
[20:43:33] HookButtons: scanning 28 behaviours
[20:43:33] Button hook complete — hooked 0 button(s)
[20:43:33] HookButtons: scanning 28 behaviours
[20:43:33] Button hook complete — hooked 0 button(s)
[20:43:33] [Update tick 2] deltaTime=0.0332 unscaled=0.0332 realTime=20.4 timescale=1.00
[20:43:33] HookButtons: scanning 28 behaviours
[20:43:33] Button hook complete — hooked 0 button(s)
[20:43:33] HookButtons: scanning 28 behaviours
[20:43:33] Button hook complete — hooked 0 button(s)
[20:43:33] HookButtons: scanning 28 behaviours
[20:43:33] Button hook complete — hooked 0 button(s)
[20:43:33] HookButtons: scanning 28 behaviours
[20:43:33] Button hook complete — hooked 0 button(s)
[20:43:34] HookButtons: scanning 28 behaviours
[20:43:34] Button hook complete — hooked 0 button(s)
[20:43:34] HookButtons: scanning 28 behaviours
[20:43:34] Button hook complete — hooked 0 button(s)
[20:43:34] HookButtons: scanning 28 behaviours
[20:43:34] Button hook complete — hooked 0 button(s)
[20:43:34] HookButtons: scanning 28 behaviours
[20:43:34] Button hook complete — hooked 0 button(s)
[20:43:34] HookButtons: scanning 28 behaviours
[20:43:34] Button hook complete — hooked 0 button(s)
[20:43:34] HookButtons: scanning 28 behaviours
[20:43:34] Button hook complete — hooked 0 button(s)
[20:43:35] HookButtons: scanning 28 behaviours
[20:43:35] Button hook complete — hooked 0 button(s)
[20:43:35] HookButtons: scanning 28 behaviours
[20:43:35] Button hook complete — hooked 0 button(s)
[20:43:35] HookButtons: scanning 28 behaviours
[20:43:35] Button hook complete — hooked 0 button(s)
[20:43:35] HookButtons: scanning 28 behaviours
[20:43:35] Button hook complete — hooked 0 button(s)
[20:43:35] HookButtons: scanning 28 behaviours
[20:43:35] Button hook complete — hooked 0 button(s)
[20:43:35] HookButtons: scanning 28 behaviours
[20:43:35] Button hook complete — hooked 0 button(s)
[20:43:35] HookButtons: scanning 28 behaviours
[20:43:35] Button hook complete — hooked 0 button(s)
[20:43:36] HookButtons: scanning 28 behaviours
[20:43:36] Button hook complete — hooked 0 button(s)
[20:43:36] HookButtons: scanning 28 behaviours
[20:43:36] Button hook complete — hooked 0 button(s)
[20:43:36] [Update tick 3] deltaTime=0.0332 unscaled=0.0332 realTime=23.4 timescale=1.00
[20:43:36] HookButtons: scanning 28 behaviours
[20:43:36] Button hook complete — hooked 0 button(s)
[20:43:36] HookButtons: scanning 28 behaviours
[20:43:36] Button hook complete — hooked 0 button(s)
[20:43:36] HookButtons: scanning 28 behaviours
[20:43:36] Button hook complete — hooked 0 button(s)
[20:43:36] HookButtons: scanning 28 behaviours
[20:43:36] Button hook complete — hooked 0 button(s)
[20:43:37] HookButtons: scanning 28 behaviours
[20:43:37] Button hook complete — hooked 0 button(s)
[20:43:37] HookButtons: scanning 28 behaviours
[20:43:37] Button hook complete — hooked 0 button(s)
[20:43:37] HookButtons: scanning 28 behaviours
[20:43:37] Button hook complete — hooked 0 button(s)
[20:43:37] HookButtons: scanning 28 behaviours
[20:43:37] Button hook complete — hooked 0 button(s)
[20:43:37] HookButtons: scanning 28 behaviours
[20:43:37] Button hook complete — hooked 0 button(s)
[20:43:37] HookButtons: scanning 28 behaviours
[20:43:37] Button hook complete — hooked 0 button(s)
[20:43:38] HookButtons: scanning 28 behaviours
[20:43:38] Button hook complete — hooked 0 button(s)
[20:43:38] HookButtons: scanning 28 behaviours
[20:43:38] Button hook complete — hooked 0 button(s)
[20:43:38] HookButtons: scanning 28 behaviours
[20:43:38] Button hook complete — hooked 0 button(s)
[20:43:38] HookButtons: scanning 28 behaviours
[20:43:38] Button hook complete — hooked 0 button(s)
[20:43:38] HookButtons: scanning 28 behaviours
[20:43:38] Button hook complete — hooked 0 button(s)
[20:43:38] HookButtons: scanning 28 behaviours
[20:43:38] Button hook complete — hooked 0 button(s)
[20:43:39] HookButtons: scanning 28 behaviours
[20:43:39] Button hook complete — hooked 0 button(s)
[20:43:39] HookButtons: scanning 28 behaviours
[20:43:39] Button hook complete — hooked 0 button(s)
[20:43:39] [Update tick 4] deltaTime=0.0332 unscaled=0.0332 realTime=26.5 timescale=1.00
[20:43:39] HookButtons: scanning 28 behaviours
[20:43:39] Button hook complete — hooked 0 button(s)
[20:43:39] HookButtons: scanning 28 behaviours
[20:43:39] Button hook complete — hooked 0 button(s)
[20:43:39] HookButtons: scanning 28 behaviours
[20:43:39] Button hook complete — hooked 0 button(s)
[20:43:39] HookButtons: scanning 28 behaviours
[20:43:39] Button hook complete — hooked 0 button(s)
[20:43:40] HookButtons: scanning 28 behaviours
[20:43:40] Button hook complete — hooked 0 button(s)
[20:43:40] HookButtons: scanning 28 behaviours
[20:43:40] Button hook complete — hooked 0 button(s)
[20:43:40] HookButtons: scanning 28 behaviours
[20:43:40] Button hook complete — hooked 0 button(s)
[20:43:40] HookButtons: scanning 28 behaviours
[20:43:40] Button hook complete — hooked 0 button(s)
[20:43:40] HookButtons: scanning 28 behaviours
[20:43:40] Button hook complete — hooked 0 button(s)
[20:43:40] HookButtons: scanning 28 behaviours
[20:43:40] Button hook complete — hooked 0 button(s)
[20:43:41] HookButtons: scanning 28 behaviours
[20:43:41] Button hook complete — hooked 0 button(s)
[20:43:41] HookButtons: scanning 28 behaviours
[20:43:41] Button hook complete — hooked 0 button(s)
[20:43:41] HookButtons: scanning 28 behaviours
[20:43:41] Button hook complete — hooked 0 button(s)
[20:43:41] HookButtons: scanning 28 behaviours
[20:43:41] Button hook complete — hooked 0 button(s)
[20:43:41] HookButtons: scanning 28 behaviours
[20:43:41] Button hook complete — hooked 0 button(s)
[20:43:41] HookButtons: scanning 28 behaviours
[20:43:41] Button hook complete — hooked 0 button(s)
[20:43:42] HookButtons: scanning 28 behaviours
[20:43:42] Button hook complete — hooked 0 button(s)
[20:43:42] HookButtons: scanning 28 behaviours
[20:43:42] Button hook complete — hooked 0 button(s)
[20:43:42] [Update tick 5] deltaTime=0.0332 unscaled=0.0332 realTime=29.5 timescale=1.00
[20:43:42] HookButtons: scanning 28 behaviours
[20:43:42] Button hook complete — hooked 0 button(s)
[20:43:42] HookButtons: scanning 28 behaviours
[20:43:42] Button hook complete — hooked 0 button(s)
[20:43:42] HookButtons: scanning 28 behaviours
[20:43:42] Button hook complete — hooked 0 button(s)
[20:43:42] HookButtons: scanning 28 behaviours
[20:43:42] Button hook complete — hooked 0 button(s)
[20:43:43] HookButtons: scanning 28 behaviours
[20:43:43] Button hook complete — hooked 0 button(s)
[20:43:43] HookButtons: scanning 28 behaviours
[20:43:43] Button hook complete — hooked 0 button(s)
[20:43:43] HookButtons: scanning 28 behaviours
[20:43:43] Button hook complete — hooked 0 button(s)
[20:43:43] HookButtons: scanning 28 behaviours
[20:43:43] Button hook complete — hooked 0 button(s)
[20:43:43] HookButtons: scanning 28 behaviours
[20:43:43] Button hook complete — hooked 0 button(s)
[20:43:43] HookButtons: scanning 28 behaviours
[20:43:43] Button hook complete — hooked 0 button(s)
[20:43:44] HookButtons: scanning 28 behaviours
[20:43:44] Button hook complete — hooked 0 button(s)
[20:43:44] HookButtons: scanning 28 behaviours
[20:43:44] Button hook complete — hooked 0 button(s)
[20:43:44] HookButtons: scanning 28 behaviours
[20:43:44] Button hook complete — hooked 0 button(s)
[20:43:44] HookButtons: scanning 28 behaviours
[20:43:44] Button hook complete — hooked 0 button(s)
[20:43:44] HookButtons: scanning 28 behaviours
[20:43:44] Button hook complete — hooked 0 button(s)
[20:43:44] HookButtons: scanning 28 behaviours
[20:43:44] Button hook complete — hooked 0 button(s)
[20:43:45] HookButtons: scanning 28 behaviours
[20:43:45] Button hook complete — hooked 0 button(s)
[20:43:45] HookButtons: scanning 28 behaviours
[20:43:45] Button hook complete — hooked 0 button(s)
[20:43:45] HookButtons: scanning 28 behaviours
[20:43:45] Button hook complete — hooked 0 button(s)
[20:43:45] HookButtons: scanning 28 behaviours
[20:43:45] Button hook complete — hooked 0 button(s)
[20:43:45] HookButtons: scanning 28 behaviours
[20:43:45] Button hook complete — hooked 0 button(s)
[20:43:45] HookButtons: scanning 28 behaviours
[20:43:45] Button hook complete — hooked 0 button(s)
[20:43:46] HookButtons: scanning 28 behaviours
[20:43:46] Button hook complete — hooked 0 button(s)
[20:43:46] HookButtons: scanning 28 behaviours
[20:43:46] Button hook complete — hooked 0 button(s)
[20:43:46] HookButtons: scanning 28 behaviours
[20:43:46] Button hook complete — hooked 0 button(s)
[20:43:46] HookButtons: scanning 28 behaviours
[20:43:46] Button hook complete — hooked 0 button(s)
[20:43:46] HookButtons: scanning 28 behaviours
[20:43:46] Button hook complete — hooked 0 button(s)
[20:43:46] HookButtons: scanning 28 behaviours
[20:43:46] Button hook complete — hooked 0 button(s)
[20:43:47] HookButtons: scanning 28 behaviours
[20:43:47] Button hook complete — hooked 0 button(s)
[20:43:47] HookButtons: scanning 28 behaviours
[20:43:47] Button hook complete — hooked 0 button(s)
[20:43:47] HookButtons: scanning 28 behaviours
[20:43:47] Button hook complete — hooked 0 button(s)
[20:43:47] HookButtons: scanning 28 behaviours
[20:43:47] Button hook complete — hooked 0 button(s)
[20:43:47] HookButtons: scanning 28 behaviours
[20:43:47] Button hook complete — hooked 0 button(s)
[20:43:47] HookButtons: scanning 28 behaviours
[20:43:47] Button hook complete — hooked 0 button(s)
[20:43:48] HookButtons: scanning 28 behaviours
[20:43:48] Button hook complete — hooked 0 button(s)
[20:43:48] HookButtons: scanning 28 behaviours
[20:43:48] Button hook complete — hooked 0 button(s)
[20:43:48] HookButtons: scanning 28 behaviours
[20:43:48] Button hook complete — hooked 0 button(s)
[20:43:48] HookButtons: scanning 28 behaviours
[20:43:48] Button hook complete — hooked 0 button(s)
[20:43:48] HookButtons: scanning 28 behaviours
[20:43:48] Button hook complete — hooked 0 button(s)
[20:43:48] HookButtons: scanning 28 behaviours
[20:43:48] Button hook complete — hooked 0 button(s)
[20:43:49] HookButtons: scanning 28 behaviours
[20:43:49] Button hook complete — hooked 0 button(s)
[20:43:49] HookButtons: scanning 28 behaviours
[20:43:49] Button hook complete — hooked 0 button(s)
[20:43:49] HookButtons: scanning 28 behaviours
[20:43:49] Button hook complete — hooked 0 button(s)
[20:43:49] HookButtons: scanning 28 behaviours
[20:43:49] Button hook complete — hooked 0 button(s)
[20:43:49] HookButtons: scanning 28 behaviours
[20:43:49] Button hook complete — hooked 0 button(s)
[20:43:49] HookButtons: scanning 28 behaviours
[20:43:49] Button hook complete — hooked 0 button(s)
[20:43:50] HookButtons: scanning 28 behaviours
[20:43:50] Button hook complete — hooked 0 button(s)
[20:43:50] HookButtons: scanning 28 behaviours
[20:43:50] Button hook complete — hooked 0 button(s)
[20:43:50] HookButtons: scanning 28 behaviours
[20:43:50] Button hook complete — hooked 0 button(s)
[20:43:50] HookButtons: scanning 28 behaviours
[20:43:50] Button hook complete — hooked 0 button(s)
[20:43:50] HookButtons: scanning 28 behaviours
[20:43:50] Button hook complete — hooked 0 button(s)
[20:43:50] HookButtons: scanning 28 behaviours
[20:43:50] Button hook complete — hooked 0 button(s)
[20:43:51] HookButtons: scanning 28 behaviours
[20:43:51] Button hook complete — hooked 0 button(s)
[20:43:51] HookButtons: scanning 28 behaviours
[20:43:51] Button hook complete — hooked 0 button(s)
[20:43:51] HookButtons: scanning 28 behaviours
[20:43:51] Button hook complete — hooked 0 button(s)
[20:43:51] HookButtons: scanning 28 behaviours
[20:43:51] Button hook complete — hooked 0 button(s)
[20:43:51] HookButtons: scanning 28 behaviours
[20:43:51] Button hook complete — hooked 0 button(s)
[20:43:51] HookButtons: scanning 28 behaviours
[20:43:51] Button hook complete — hooked 0 button(s)
[20:43:51] HookButtons: scanning 28 behaviours
[20:43:51] Button hook complete — hooked 0 button(s)
[20:43:52] HookButtons: scanning 28 behaviours
[20:43:52] Button hook complete — hooked 0 button(s)
[20:43:52] HookButtons: scanning 28 behaviours
[20:43:52] Button hook complete — hooked 0 button(s)
[20:43:52] HookButtons: scanning 28 behaviours
[20:43:52] Button hook complete — hooked 0 button(s)
[20:43:52] HookButtons: scanning 28 behaviours
[20:43:52] Button hook complete — hooked 0 button(s)
[20:43:52] HookButtons: scanning 28 behaviours
[20:43:52] Button hook complete — hooked 0 button(s)
[20:43:52] HookButtons: scanning 28 behaviours
[20:43:52] Button hook complete — hooked 0 button(s)
[20:43:53] HookButtons: scanning 28 behaviours
[20:43:53] Button hook complete — hooked 0 button(s)
[20:43:53] HookButtons: scanning 28 behaviours
[20:43:53] Button hook complete — hooked 0 button(s)
[20:43:53] HookButtons: scanning 28 behaviours
[20:43:53] Button hook complete — hooked 0 button(s)
[20:43:53] HookButtons: scanning 28 behaviours
[20:43:53] Button hook complete — hooked 0 button(s)
[20:43:53] HookButtons: scanning 28 behaviours
[20:43:53] Button hook complete — hooked 0 button(s)
[20:43:53] HookButtons: scanning 28 behaviours
[20:43:53] Button hook complete — hooked 0 button(s)
[20:43:54] HookButtons: scanning 28 behaviours
[20:43:54] Button hook complete — hooked 0 button(s)
[20:43:54] HookButtons: scanning 28 behaviours
[20:43:54] Button hook complete — hooked 0 button(s)
[20:43:54] HookButtons: scanning 28 behaviours
[20:43:54] Button hook complete — hooked 0 button(s)
[20:43:54] HookButtons: scanning 28 behaviours
[20:43:54] Button hook complete — hooked 0 button(s)
[20:43:54] HookButtons: scanning 28 behaviours
[20:43:54] Button hook complete — hooked 0 button(s)
[20:43:54] HookButtons: scanning 28 behaviours
[20:43:54] Button hook complete — hooked 0 button(s)
[20:43:55] HookButtons: scanning 28 behaviours
[20:43:55] Button hook complete — hooked 0 button(s)
[20:43:55] HookButtons: scanning 28 behaviours
[20:43:55] Button hook complete — hooked 0 button(s)
[20:43:55] HookButtons: scanning 28 behaviours
[20:43:55] Button hook complete — hooked 0 button(s)
[20:43:55] HookButtons: scanning 28 behaviours
[20:43:55] Button hook complete — hooked 0 button(s)
[20:43:55] HookButtons: scanning 28 behaviours
[20:43:55] Button hook complete — hooked 0 button(s)
[20:43:55] HookButtons: scanning 28 behaviours
[20:43:55] Button hook complete — hooked 0 button(s)
[20:43:56] HookButtons: scanning 28 behaviours
[20:43:56] Button hook complete — hooked 0 button(s)
[20:43:56] HookButtons: scanning 28 behaviours
[20:43:56] Button hook complete — hooked 0 button(s)
[20:43:56] HookButtons: scanning 28 behaviours
[20:43:56] Button hook complete — hooked 0 button(s)
[20:43:56] HookButtons: scanning 28 behaviours
[20:43:56] Button hook complete — hooked 0 button(s)
[20:43:56] HookButtons: scanning 28 behaviours
[20:43:56] Button hook complete — hooked 0 button(s)
[20:43:56] HookButtons: scanning 28 behaviours
[20:43:56] Button hook complete — hooked 0 button(s)
[20:43:57] HookButtons: scanning 28 behaviours
[20:43:57] Button hook complete — hooked 0 button(s)
[20:43:57] HookButtons: scanning 28 behaviours
[20:43:57] Button hook complete — hooked 0 button(s)
[20:43:57] HookButtons: scanning 28 behaviours
[20:43:57] Button hook complete — hooked 0 button(s)
[20:43:57] HookButtons: scanning 28 behaviours
[20:43:57] Button hook complete — hooked 0 button(s)
[20:43:57] HookButtons: scanning 28 behaviours
[20:43:57] Button hook complete — hooked 0 button(s)
[20:43:58] HookButtons: scanning 28 behaviours
[20:43:58] Button hook complete — hooked 0 button(s)
[20:43:58] HookButtons: scanning 28 behaviours
[20:43:58] Button hook complete — hooked 0 button(s)
[20:43:58] HookButtons: scanning 28 behaviours
[20:43:58] Button hook complete — hooked 0 button(s)
[20:43:58] HookButtons: scanning 28 behaviours
[20:43:58] Button hook complete — hooked 0 button(s)
[20:43:58] HookButtons: scanning 28 behaviours
[20:43:58] Button hook complete — hooked 0 button(s)
[20:43:58] HookButtons: scanning 28 behaviours
[20:43:58] Button hook complete — hooked 0 button(s)
[20:43:59] HookButtons: scanning 28 behaviours
[20:43:59] Button hook complete — hooked 0 button(s)
[20:43:59] HookButtons: scanning 28 behaviours
[20:43:59] Button hook complete — hooked 0 button(s)
[20:43:59] HookButtons: scanning 28 behaviours
[20:43:59] Button hook complete — hooked 0 button(s)
[20:43:59] HookButtons: scanning 28 behaviours
[20:43:59] Button hook complete — hooked 0 button(s)
[20:43:59] HookButtons: scanning 28 behaviours
[20:43:59] Button hook complete — hooked 0 button(s)
[20:43:59] HookButtons: scanning 28 behaviours
[20:43:59] Button hook complete — hooked 0 button(s)
[20:44:00] HookButtons: scanning 28 behaviours
[20:44:00] Button hook complete — hooked 0 button(s)
[20:44:00] HookButtons: scanning 28 behaviours
[20:44:00] Button hook complete — hooked 0 button(s)
[20:44:00] HookButtons: scanning 28 behaviours
[20:44:00] Button hook complete — hooked 0 button(s)
[20:44:00] HookButtons: scanning 28 behaviours
[20:44:00] Button hook complete — hooked 0 button(s)
[20:44:00] HookButtons: scanning 28 behaviours
[20:44:00] Button hook complete — hooked 0 button(s)
[20:44:00] HookButtons: scanning 28 behaviours
[20:44:00] Button hook complete — hooked 0 button(s)
[20:44:01] HookButtons: scanning 28 behaviours
[20:44:01] Button hook complete — hooked 0 button(s)
[20:44:01] HookButtons: scanning 28 behaviours
[20:44:01] Button hook complete — hooked 0 button(s)
[20:44:01] HookButtons: scanning 28 behaviours
[20:44:01] Button hook complete — hooked 0 button(s)
[20:44:01] HookButtons: scanning 28 behaviours
[20:44:01] Button hook complete — hooked 0 button(s)
[20:44:01] HookButtons: scanning 28 behaviours
[20:44:01] Button hook complete — hooked 0 button(s)
[20:44:01] HookButtons: scanning 28 behaviours
[20:44:01] Button hook complete — hooked 0 button(s)
[20:44:02] HookButtons: scanning 28 behaviours
[20:44:02] Button hook complete — hooked 0 button(s)
[20:44:02] HookButtons: scanning 28 behaviours
[20:44:02] Button hook complete — hooked 0 button(s)
[20:44:02] HookButtons: scanning 28 behaviours
[20:44:02] Button hook complete — hooked 0 button(s)
[20:44:02] HookButtons: scanning 28 behaviours
[20:44:02] Button hook complete — hooked 0 button(s)
[20:44:02] HookButtons: scanning 28 behaviours
[20:44:02] Button hook complete — hooked 0 button(s)
[20:44:03] HookButtons: scanning 28 behaviours
[20:44:03] Button hook complete — hooked 0 button(s)
[20:44:03] HookButtons: scanning 28 behaviours
[20:44:03] Button hook complete — hooked 0 button(s)
[20:44:03] HookButtons: scanning 28 behaviours
[20:44:03] Button hook complete — hooked 0 button(s)
[20:44:03] HookButtons: scanning 28 behaviours
[20:44:03] Button hook complete — hooked 0 button(s)
[20:44:03] HookButtons: scanning 28 behaviours
[20:44:03] Button hook complete — hooked 0 button(s)
[20:44:03] HookButtons: scanning 28 behaviours
[20:44:03] Button hook complete — hooked 0 button(s)
[20:44:04] HookButtons: scanning 28 behaviours
[20:44:04] Button hook complete — hooked 0 button(s)
[20:44:04] HookButtons: scanning 28 behaviours
[20:44:04] Button hook complete — hooked 0 button(s)
[20:44:04] HookButtons: scanning 28 behaviours
[20:44:04] Button hook complete — hooked 0 button(s)
[20:44:04] HookButtons: scanning 28 behaviours
[20:44:04] Button hook complete — hooked 0 button(s)
[20:44:04] HookButtons: scanning 28 behaviours
[20:44:04] Button hook complete — hooked 0 button(s)
[20:44:04] HookButtons: scanning 28 behaviours
[20:44:04] Button hook complete — hooked 0 button(s)
[20:44:05] HookButtons: scanning 28 behaviours
[20:44:05] Button hook complete — hooked 0 button(s)
[20:44:05] HookButtons: scanning 28 behaviours
[20:44:05] Button hook complete — hooked 0 button(s)
[20:44:05] HookButtons: scanning 28 behaviours
[20:44:05] Button hook complete — hooked 0 button(s)
[20:44:05] HookButtons: scanning 28 behaviours
[20:44:05] Button hook complete — hooked 0 button(s)
[20:44:05] HookButtons: scanning 28 behaviours
[20:44:05] Button hook complete — hooked 0 button(s)
[20:44:05] HookButtons: scanning 28 behaviours
[20:44:05] Button hook complete — hooked 0 button(s)
[20:44:06] HookButtons: scanning 28 behaviours
[20:44:06] Button hook complete — hooked 0 button(s)
[20:44:06] HookButtons: scanning 28 behaviours
[20:44:06] Button hook complete — hooked 0 button(s)
[20:44:06] HookButtons: scanning 28 behaviours
[20:44:06] Button hook complete — hooked 0 button(s)
[20:44:06] HookButtons: scanning 28 behaviours
[20:44:06] Button hook complete — hooked 0 button(s)
[20:44:06] HookButtons: scanning 28 behaviours
[20:44:06] Button hook complete — hooked 0 button(s)
[20:44:06] HookButtons: scanning 28 behaviours
[20:44:06] Button hook complete — hooked 0 button(s)
[20:44:07] HookButtons: scanning 28 behaviours
[20:44:07] Button hook complete — hooked 0 button(s)
[20:44:07] HookButtons: scanning 28 behaviours
[20:44:07] Button hook complete — hooked 0 button(s)
[20:44:07] HookButtons: scanning 28 behaviours
[20:44:07] Button hook complete — hooked 0 button(s)
[20:44:07] HookButtons: scanning 28 behaviours
[20:44:07] Button hook complete — hooked 0 button(s)
[20:44:07] HookButtons: scanning 28 behaviours
[20:44:07] Button hook complete — hooked 0 button(s)
[20:44:07] HookButtons: scanning 28 behaviours
[20:44:07] Button hook complete — hooked 0 button(s)
[20:44:08] HookButtons: scanning 28 behaviours
[20:44:08] Button hook complete — hooked 0 button(s)
[20:44:08] HookButtons: scanning 28 behaviours
[20:44:08] Button hook complete — hooked 0 button(s)
[20:44:08] HookButtons: scanning 28 behaviours
[20:44:08] Button hook complete — hooked 0 button(s)
[20:44:08] HookButtons: scanning 28 behaviours
[20:44:08] Button hook complete — hooked 0 button(s)
[20:44:08] HookButtons: scanning 28 behaviours
[20:44:08] Button hook complete — hooked 0 button(s)
[20:44:08] HookButtons: scanning 28 behaviours
[20:44:08] Button hook complete — hooked 0 button(s)
[20:44:09] HookButtons: scanning 28 behaviours
[20:44:09] Button hook complete — hooked 0 button(s)
[20:44:09] HookButtons: scanning 28 behaviours
[20:44:09] Button hook complete — hooked 0 button(s)
[20:44:09] HookButtons: scanning 28 behaviours
[20:44:09] Button hook complete — hooked 0 button(s)
[20:44:09] HookButtons: scanning 28 behaviours
[20:44:09] Button hook complete — hooked 0 button(s)
[20:44:09] HookButtons: scanning 28 behaviours
[20:44:09] Button hook complete — hooked 0 button(s)
[20:44:09] HookButtons: scanning 28 behaviours
[20:44:09] Button hook complete — hooked 0 button(s)
[20:44:10] HookButtons: scanning 28 behaviours
[20:44:10] Button hook complete — hooked 0 button(s)
[20:44:10] HookButtons: scanning 28 behaviours
[20:44:10] Button hook complete — hooked 0 button(s)
[20:44:10] HookButtons: scanning 28 behaviours
[20:44:10] Button hook complete — hooked 0 button(s)
[20:44:10] HookButtons: scanning 28 behaviours
[20:44:10] Button hook complete — hooked 0 button(s)
[20:44:10] HookButtons: scanning 28 behaviours
[20:44:10] Button hook complete — hooked 0 button(s)
[20:44:11] HookButtons: scanning 28 behaviours
[20:44:11] Button hook complete — hooked 0 button(s)
[20:44:11] HookButtons: scanning 28 behaviours
[20:44:11] Button hook complete — hooked 0 button(s)
[20:44:11] HookButtons: scanning 28 behaviours
[20:44:11] Button hook complete — hooked 0 button(s)
[20:44:11] HookButtons: scanning 28 behaviours
[20:44:11] Button hook complete — hooked 0 button(s)
[20:44:11] HookButtons: scanning 28 behaviours
[20:44:11] Button hook complete — hooked 0 button(s)
[20:44:11] HookButtons: scanning 28 behaviours
[20:44:11] Button hook complete — hooked 0 button(s)
[20:44:12] HookButtons: scanning 28 behaviours
[20:44:12] Button hook complete — hooked 0 button(s)
[20:44:12] HookButtons: scanning 28 behaviours
[20:44:12] Button hook complete — hooked 0 button(s)
[20:44:12] HookButtons: scanning 28 behaviours
[20:44:12] Button hook complete — hooked 0 button(s)
[20:44:12] HookButtons: scanning 28 behaviours
[20:44:12] Button hook complete — hooked 0 button(s)
[20:44:12] HookButtons: scanning 28 behaviours
[20:44:12] Button hook complete — hooked 0 button(s)
[20:44:13] HookButtons: scanning 28 behaviours
[20:44:13] Button hook complete — hooked 0 button(s)
[20:44:13] HookButtons: scanning 28 behaviours
[20:44:13] Button hook complete — hooked 0 button(s)
[20:44:13] HookButtons: scanning 28 behaviours
[20:44:13] Button hook complete — hooked 0 button(s)
[20:44:13] HookButtons: scanning 28 behaviours
[20:44:13] Button hook complete — hooked 0 button(s)
[20:44:13] HookButtons: scanning 28 behaviours
[20:44:13] Button hook complete — hooked 0 button(s)
[20:44:13] HookButtons: scanning 28 behaviours
[20:44:13] Button hook complete — hooked 0 button(s)
[20:44:14] HookButtons: scanning 28 behaviours
[20:44:14] Button hook complete — hooked 0 button(s)
[20:44:14] HookButtons: scanning 28 behaviours
[20:44:14] Button hook complete — hooked 0 button(s)
[20:44:14] HookButtons: scanning 28 behaviours
[20:44:14] Button hook complete — hooked 0 button(s)
[20:44:14] HookButtons: scanning 28 behaviours
[20:44:14] Button hook complete — hooked 0 button(s)
[20:44:14] HookButtons: scanning 28 behaviours
[20:44:14] Button hook complete — hooked 0 button(s)
[20:44:14] HookButtons: scanning 28 behaviours
[20:44:14] Button hook complete — hooked 0 button(s)
[20:44:14] HookButtons: scanning 28 behaviours
[20:44:14] Button hook complete — hooked 0 button(s)
[20:44:15] HookButtons: scanning 28 behaviours
[20:44:15] Button hook complete — hooked 0 button(s)
[20:44:15] HookButtons: scanning 28 behaviours
[20:44:15] Button hook complete — hooked 0 button(s)
[20:44:15] HookButtons: scanning 28 behaviours
[20:44:15] Button hook complete — hooked 0 button(s)
[20:44:15] HookButtons: scanning 28 behaviours
[20:44:15] Button hook complete — hooked 0 button(s)
[20:44:15] HookButtons: scanning 28 behaviours
[20:44:15] Button hook complete — hooked 0 button(s)
[20:44:15] HookButtons: scanning 28 behaviours
[20:44:15] Button hook complete — hooked 0 button(s)
[20:44:16] HookButtons: scanning 28 behaviours
[20:44:16] Button hook complete — hooked 0 button(s)
[20:44:16] HookButtons: scanning 28 behaviours
[20:44:16] Button hook complete — hooked 0 button(s)
[20:44:16] HookButtons: scanning 28 behaviours
[20:44:16] Button hook complete — hooked 0 button(s)
[20:44:16] HookButtons: scanning 28 behaviours
[20:44:16] Button hook complete — hooked 0 button(s)
[20:44:16] HookButtons: scanning 28 behaviours
[20:44:16] Button hook complete — hooked 0 button(s)
[20:44:16] HookButtons: scanning 28 behaviours
[20:44:16] Button hook complete — hooked 0 button(s)
[20:44:17] HookButtons: scanning 28 behaviours
[20:44:17] Button hook complete — hooked 0 button(s)
[20:44:17] HookButtons: scanning 28 behaviours
[20:44:17] Button hook complete — hooked 0 button(s)
[20:44:17] HookButtons: scanning 28 behaviours
[20:44:17] Button hook complete — hooked 0 button(s)
[20:44:17] HookButtons: scanning 28 behaviours
[20:44:17] Button hook complete — hooked 0 button(s)
[20:44:17] HookButtons: scanning 28 behaviours
[20:44:17] Button hook complete — hooked 0 button(s)
[20:44:17] HookButtons: scanning 28 behaviours
[20:44:17] Button hook complete — hooked 0 button(s)
[20:44:18] HookButtons: scanning 28 behaviours
[20:44:18] Button hook complete — hooked 0 button(s)
[20:44:18] HookButtons: scanning 28 behaviours
[20:44:18] Button hook complete — hooked 0 button(s)
[20:44:18] HookButtons: scanning 28 behaviours
[20:44:18] Button hook complete — hooked 0 button(s)
[20:44:18] HookButtons: scanning 28 behaviours
[20:44:18] Button hook complete — hooked 0 button(s)
[20:44:18] HookButtons: scanning 28 behaviours
[20:44:18] Button hook complete — hooked 0 button(s)
[20:44:18] HookButtons: scanning 28 behaviours
[20:44:18] Button hook complete — hooked 0 button(s)
[20:44:19] HookButtons: scanning 28 behaviours
[20:44:19] Button hook complete — hooked 0 button(s)
[20:44:19] HookButtons: scanning 28 behaviours
[20:44:19] Button hook complete — hooked 0 button(s)
[20:44:19] HookButtons: scanning 28 behaviours
[20:44:19] Button hook complete — hooked 0 button(s)
[20:44:19] HookButtons: scanning 28 behaviours
[20:44:19] Button hook complete — hooked 0 button(s)
[20:44:19] HookButtons: scanning 28 behaviours
[20:44:19] Button hook complete — hooked 0 button(s)
[20:44:19] HookButtons: scanning 28 behaviours
[20:44:19] Button hook complete — hooked 0 button(s)
[20:44:20] HookButtons: scanning 28 behaviours
[20:44:20] Button hook complete — hooked 0 button(s)
[20:44:20] HookButtons: scanning 28 behaviours
[20:44:20] Button hook complete — hooked 0 button(s)
[20:44:20] HookButtons: scanning 28 behaviours
[20:44:20] Button hook complete — hooked 0 button(s)
[20:44:20] HookButtons: scanning 28 behaviours
[20:44:20] Button hook complete — hooked 0 button(s)
[20:44:20] HookButtons: scanning 28 behaviours
[20:44:20] Button hook complete — hooked 0 button(s)
[20:44:20] HookButtons: scanning 28 behaviours
[20:44:20] Button hook complete — hooked 0 button(s)
[20:44:21] HookButtons: scanning 28 behaviours
[20:44:21] Button hook complete — hooked 0 button(s)
[20:44:21] HookButtons: scanning 28 behaviours
[20:44:21] Button hook complete — hooked 0 button(s)
[20:44:21] HookButtons: scanning 28 behaviours
[20:44:21] Button hook complete — hooked 0 button(s)
[20:44:21] HookButtons: scanning 28 behaviours
[20:44:21] Button hook complete — hooked 0 button(s)
[20:44:21] HookButtons: scanning 28 behaviours
[20:44:21] Button hook complete — hooked 0 button(s)
[20:44:21] HookButtons: scanning 28 behaviours
[20:44:21] Button hook complete — hooked 0 button(s)
[20:44:22] HookButtons: scanning 28 behaviours
[20:44:22] Button hook complete — hooked 0 button(s)
[20:44:22] HookButtons: scanning 28 behaviours
[20:44:22] Button hook complete — hooked 0 button(s)
[20:44:22] HookButtons: scanning 28 behaviours
[20:44:22] Button hook complete — hooked 0 button(s)
[20:44:22] HookButtons: scanning 28 behaviours
[20:44:22] Button hook complete — hooked 0 button(s)
[20:44:22] HookButtons: scanning 28 behaviours
[20:44:22] Button hook complete — hooked 0 button(s)
[20:44:22] HookButtons: scanning 28 behaviours
[20:44:22] Button hook complete — hooked 0 button(s)
[20:44:23] HookButtons: scanning 28 behaviours
[20:44:23] Button hook complete — hooked 0 button(s)
[20:44:23] HookButtons: scanning 28 behaviours
[20:44:23] Button hook complete — hooked 0 button(s)
[20:44:23] HookButtons: scanning 28 behaviours
[20:44:23] Button hook complete — hooked 0 button(s)
[20:44:23] HookButtons: scanning 28 behaviours
[20:44:23] Button hook complete — hooked 0 button(s)
[20:44:23] HookButtons: scanning 28 behaviours
[20:44:23] Button hook complete — hooked 0 button(s)
[20:44:23] HookButtons: scanning 28 behaviours
[20:44:23] Button hook complete — hooked 0 button(s)
[20:44:24] HookButtons: scanning 28 behaviours
[20:44:24] Button hook complete — hooked 0 button(s)
[20:44:24] HookButtons: scanning 28 behaviours
[20:44:24] Button hook complete — hooked 0 button(s)
[20:44:24] HookButtons: scanning 28 behaviours
[20:44:24] Button hook complete — hooked 0 button(s)
[20:44:24] HookButtons: scanning 28 behaviours
[20:44:24] Button hook complete — hooked 0 button(s)
[20:44:24] HookButtons: scanning 28 behaviours
[20:44:24] Button hook complete — hooked 0 button(s)
[20:44:24] HookButtons: scanning 28 behaviours
[20:44:24] Button hook complete — hooked 0 button(s)
[20:44:24] HookButtons: scanning 28 behaviours
[20:44:24] Button hook complete — hooked 0 button(s)
[20:44:25] HookButtons: scanning 28 behaviours
[20:44:25] Button hook complete — hooked 0 button(s)
[20:44:25] HookButtons: scanning 28 behaviours
[20:44:25] Button hook complete — hooked 0 button(s)
[20:44:25] HookButtons: scanning 28 behaviours
[20:44:25] Button hook complete — hooked 0 button(s)
[20:44:25] HookButtons: scanning 28 behaviours
[20:44:25] Button hook complete — hooked 0 button(s)
[20:44:25] HookButtons: scanning 28 behaviours
[20:44:25] Button hook complete — hooked 0 button(s)
[20:44:25] HookButtons: scanning 28 behaviours
[20:44:25] Button hook complete — hooked 0 button(s)
[20:44:26] HookButtons: scanning 28 behaviours
[20:44:26] Button hook complete — hooked 0 button(s)
[20:44:26] HookButtons: scanning 28 behaviours
[20:44:26] Button hook complete — hooked 0 button(s)
[20:44:26] HookButtons: scanning 28 behaviours
[20:44:26] Button hook complete — hooked 0 button(s)
[20:44:26] HookButtons: scanning 28 behaviours
[20:44:26] Button hook complete — hooked 0 button(s)
[20:44:26] HookButtons: scanning 28 behaviours
[20:44:26] Button hook complete — hooked 0 button(s)
[20:44:26] HookButtons: scanning 28 behaviours
[20:44:26] Button hook complete — hooked 0 button(s)
[20:44:27] HookButtons: scanning 28 behaviours
[20:44:27] Button hook complete — hooked 0 button(s)
[20:44:27] HookButtons: scanning 28 behaviours
[20:44:27] Button hook complete — hooked 0 button(s)
[20:44:27] HookButtons: scanning 28 behaviours
[20:44:27] Button hook complete — hooked 0 button(s)
[20:44:27] HookButtons: scanning 28 behaviours
[20:44:27] Button hook complete — hooked 0 button(s)
[20:44:27] HookButtons: scanning 28 behaviours
[20:44:27] Button hook complete — hooked 0 button(s)
[20:44:27] HookButtons: scanning 28 behaviours
[20:44:27] Button hook complete — hooked 0 button(s)
[20:44:28] HookButtons: scanning 28 behaviours
[20:44:28] Button hook complete — hooked 0 button(s)
[20:44:28] HookButtons: scanning 28 behaviours
[20:44:28] Button hook complete — hooked 0 button(s)
[20:44:28] HookButtons: scanning 28 behaviours
[20:44:28] Button hook complete — hooked 0 button(s)
[20:44:28] HookButtons: scanning 28 behaviours
[20:44:28] Button hook complete — hooked 0 button(s)
[20:44:28] HookButtons: scanning 28 behaviours
[20:44:28] Button hook complete — hooked 0 button(s)
[20:44:28] HookButtons: scanning 28 behaviours
[20:44:28] Button hook complete — hooked 0 button(s)
[20:44:29] HookButtons: scanning 28 behaviours
[20:44:29] Button hook complete — hooked 0 button(s)
[20:44:29] HookButtons: scanning 28 behaviours
[20:44:29] Button hook complete — hooked 0 button(s)
[20:44:29] HookButtons: scanning 28 behaviours
[20:44:29] Button hook complete — hooked 0 button(s)
[20:44:29] HookButtons: scanning 28 behaviours
[20:44:29] Button hook complete — hooked 0 button(s)
[20:44:29] HookButtons: scanning 28 behaviours
[20:44:29] Button hook complete — hooked 0 button(s)
[20:44:29] HookButtons: scanning 28 behaviours
[20:44:29] Button hook complete — hooked 0 button(s)
[20:44:30] HookButtons: scanning 28 behaviours
[20:44:30] Button hook complete — hooked 0 button(s)
[20:44:30] HookButtons: scanning 28 behaviours
[20:44:30] Button hook complete — hooked 0 button(s)
[20:44:30] HookButtons: scanning 28 behaviours
[20:44:30] Button hook complete — hooked 0 button(s)
[20:44:30] HookButtons: scanning 28 behaviours
[20:44:30] Button hook complete — hooked 0 button(s)
[20:44:30] HookButtons: scanning 28 behaviours
[20:44:30] Button hook complete — hooked 0 button(s)
[20:44:30] HookButtons: scanning 28 behaviours
[20:44:30] Button hook complete — hooked 0 button(s)
[20:44:31] HookButtons: scanning 28 behaviours
[20:44:31] Button hook complete — hooked 0 button(s)
[20:44:31] HookButtons: scanning 28 behaviours
[20:44:31] Button hook complete — hooked 0 button(s)
[20:44:31] HookButtons: scanning 28 behaviours
[20:44:31] Button hook complete — hooked 0 button(s)
[20:44:31] HookButtons: scanning 28 behaviours
[20:44:31] Button hook complete — hooked 0 button(s)
[20:44:31] HookButtons: scanning 28 behaviours
[20:44:31] Button hook complete — hooked 0 button(s)
[20:44:31] HookButtons: scanning 28 behaviours
[20:44:31] Button hook complete — hooked 0 button(s)
[20:44:32] HookButtons: scanning 28 behaviours
[20:44:32] Button hook complete — hooked 0 button(s)
[20:44:32] HookButtons: scanning 28 behaviours
[20:44:32] Button hook complete — hooked 0 button(s)
[20:44:32] HookButtons: scanning 28 behaviours
[20:44:32] Button hook complete — hooked 0 button(s)
[20:44:32] HookButtons: scanning 28 behaviours
[20:44:32] Button hook complete — hooked 0 button(s)
[20:44:32] HookButtons: scanning 28 behaviours
[20:44:32] Button hook complete — hooked 0 button(s)
[20:44:32] HookButtons: scanning 28 behaviours
[20:44:32] Button hook complete — hooked 0 button(s)
[20:44:33] HookButtons: scanning 28 behaviours
[20:44:33] Button hook complete — hooked 0 button(s)
[20:44:33] HookButtons: scanning 28 behaviours
[20:44:33] Button hook complete — hooked 0 button(s)
[20:44:33] HookButtons: scanning 28 behaviours
[20:44:33] Button hook complete — hooked 0 button(s)
[20:44:33] HookButtons: scanning 28 behaviours
[20:44:33] Button hook complete — hooked 0 button(s)
[20:44:33] HookButtons: scanning 28 behaviours
[20:44:33] Button hook complete — hooked 0 button(s)
[20:44:33] HookButtons: scanning 28 behaviours
[20:44:33] Button hook complete — hooked 0 button(s)
[20:44:33] HookButtons: scanning 28 behaviours
[20:44:33] Button hook complete — hooked 0 button(s)
[20:44:34] HookButtons: scanning 28 behaviours
[20:44:34] Button hook complete — hooked 0 button(s)
[20:44:34] HookButtons: scanning 28 behaviours
[20:44:34] Button hook complete — hooked 0 button(s)
[20:44:34] HookButtons: scanning 28 behaviours
[20:44:34] Button hook complete — hooked 0 button(s)
[20:44:34] HookButtons: scanning 28 behaviours
[20:44:34] Button hook complete — hooked 0 button(s)
[20:44:34] HookButtons: scanning 28 behaviours
[20:44:34] Button hook complete — hooked 0 button(s)
[20:44:34] HookButtons: scanning 28 behaviours
[20:44:34] Button hook complete — hooked 0 button(s)
[20:44:35] HookButtons: scanning 28 behaviours
[20:44:35] Button hook complete — hooked 0 button(s)
[20:44:35] HookButtons: scanning 28 behaviours
[20:44:35] Button hook complete — hooked 0 button(s)
[20:44:35] HookButtons: scanning 28 behaviours
[20:44:35] Button hook complete — hooked 0 button(s)
[20:44:35] HookButtons: scanning 28 behaviours
[20:44:35] Button hook complete — hooked 0 button(s)
[20:44:35] HookButtons: scanning 28 behaviours
[20:44:35] Button hook complete — hooked 0 button(s)
[20:44:35] HookButtons: scanning 28 behaviours
[20:44:35] Button hook complete — hooked 0 button(s)
[20:44:36] HookButtons: scanning 28 behaviours
[20:44:36] Button hook complete — hooked 0 button(s)
[20:44:36] HookButtons: scanning 28 behaviours
[20:44:36] Button hook complete — hooked 0 button(s)
[20:44:36] HookButtons: scanning 28 behaviours
[20:44:36] Button hook complete — hooked 0 button(s)
[20:44:36] HookButtons: scanning 28 behaviours
[20:44:36] Button hook complete — hooked 0 button(s)
[20:44:36] HookButtons: scanning 28 behaviours
[20:44:36] Button hook complete — hooked 0 button(s)
[20:44:36] HookButtons: scanning 28 behaviours
[20:44:36] Button hook complete — hooked 0 button(s)
[20:44:37] HookButtons: scanning 28 behaviours
[20:44:37] Button hook complete — hooked 0 button(s)
[20:44:37] HookButtons: scanning 28 behaviours
[20:44:37] Button hook complete — hooked 0 button(s)
[20:44:37] HookButtons: scanning 28 behaviours
[20:44:37] Button hook complete — hooked 0 button(s)
[20:44:37] HookButtons: scanning 28 behaviours
[20:44:37] Button hook complete — hooked 0 button(s)
[20:44:37] HookButtons: scanning 28 behaviours
[20:44:37] Button hook complete — hooked 0 button(s)
[20:44:37] HookButtons: scanning 28 behaviours
[20:44:37] Button hook complete — hooked 0 button(s)
[20:44:38] HookButtons: scanning 28 behaviours
[20:44:38] Button hook complete — hooked 0 button(s)
[20:44:38] HookButtons: scanning 28 behaviours
[20:44:38] Button hook complete — hooked 0 button(s)
[20:44:38] HookButtons: scanning 28 behaviours
[20:44:38] Button hook complete — hooked 0 button(s)
[20:44:38] HookButtons: scanning 28 behaviours
[20:44:38] Button hook complete — hooked 0 button(s)
[20:44:38] HookButtons: scanning 28 behaviours
[20:44:38] Button hook complete — hooked 0 button(s)
[20:44:38] HookButtons: scanning 28 behaviours
[20:44:38] Button hook complete — hooked 0 button(s)
[20:44:39] HookButtons: scanning 28 behaviours
[20:44:39] Button hook complete — hooked 0 button(s)
[20:44:39] HookButtons: scanning 28 behaviours
[20:44:39] Button hook complete — hooked 0 button(s)
[20:44:39] HookButtons: scanning 28 behaviours
[20:44:39] Button hook complete — hooked 0 button(s)
[20:44:39] HookButtons: scanning 28 behaviours
[20:44:39] Button hook complete — hooked 0 button(s)
[20:44:39] HookButtons: scanning 28 behaviours
[20:44:39] Button hook complete — hooked 0 button(s)
[20:44:39] HookButtons: scanning 28 behaviours
[20:44:39] Button hook complete — hooked 0 button(s)
[20:44:40] HookButtons: scanning 28 behaviours
[20:44:40] Button hook complete — hooked 0 button(s)
[20:44:40] HookButtons: scanning 28 behaviours
[20:44:40] Button hook complete — hooked 0 button(s)
[20:44:40] HookButtons: scanning 28 behaviours
[20:44:40] Button hook complete — hooked 0 button(s)
[20:44:40] HookButtons: scanning 28 behaviours
[20:44:40] Button hook complete — hooked 0 button(s)
[20:44:40] HookButtons: scanning 28 behaviours
[20:44:40] Button hook complete — hooked 0 button(s)
[20:44:40] HookButtons: scanning 28 behaviours
[20:44:40] Button hook complete — hooked 0 button(s)
[20:44:40] HookButtons: scanning 28 behaviours
[20:44:40] Button hook complete — hooked 0 button(s)
[20:44:41] HookButtons: scanning 28 behaviours
[20:44:41] Button hook complete — hooked 0 button(s)
[20:44:41] HookButtons: scanning 28 behaviours
[20:44:41] Button hook complete — hooked 0 button(s)
[20:44:41] HookButtons: scanning 28 behaviours
[20:44:41] Button hook complete — hooked 0 button(s)
[20:44:41] HookButtons: scanning 28 behaviours
[20:44:41] Button hook complete — hooked 0 button(s)
[20:44:41] HookButtons: scanning 28 behaviours
[20:44:41] Button hook complete — hooked 0 button(s)
[20:44:41] HookButtons: scanning 28 behaviours
[20:44:41] Button hook complete — hooked 0 button(s)
[20:44:42] HookButtons: scanning 28 behaviours
[20:44:42] Button hook complete — hooked 0 button(s)
[20:44:42] HookButtons: scanning 28 behaviours
[20:44:42] Button hook complete — hooked 0 button(s)
[20:44:42] HookButtons: scanning 28 behaviours
[20:44:42] Button hook complete — hooked 0 button(s)
[20:44:42] HookButtons: scanning 28 behaviours
[20:44:42] Button hook complete — hooked 0 button(s)
[20:44:42] HookButtons: scanning 28 behaviours
[20:44:42] Button hook complete — hooked 0 button(s)
[20:44:42] HookButtons: scanning 28 behaviours
[20:44:42] Button hook complete — hooked 0 button(s)
[20:44:43] HookButtons: scanning 28 behaviours
[20:44:43] Button hook complete — hooked 0 button(s)
[20:44:43] HookButtons: scanning 28 behaviours
[20:44:43] Button hook complete — hooked 0 button(s)
[20:44:43] HookButtons: scanning 28 behaviours
[20:44:43] Button hook complete — hooked 0 button(s)
[20:44:43] HookButtons: scanning 28 behaviours
[20:44:43] Button hook complete — hooked 0 button(s)
[20:44:43] HookButtons: scanning 28 behaviours
[20:44:43] Button hook complete — hooked 0 button(s)
[20:44:43] HookButtons: scanning 28 behaviours
[20:44:43] Button hook complete — hooked 0 button(s)
[20:44:44] HookButtons: scanning 28 behaviours
[20:44:44] Button hook complete — hooked 0 button(s)
[20:44:44] HookButtons: scanning 28 behaviours
[20:44:44] Button hook complete — hooked 0 button(s)
[20:44:44] HookButtons: scanning 28 behaviours
[20:44:44] Button hook complete — hooked 0 button(s)
[20:44:44] HookButtons: scanning 28 behaviours
[20:44:44] Button hook complete — hooked 0 button(s)
[20:44:44] HookButtons: scanning 28 behaviours
[20:44:44] Button hook complete — hooked 0 button(s)
[20:44:44] HookButtons: scanning 28 behaviours
[20:44:44] Button hook complete — hooked 0 button(s)
[20:44:45] HookButtons: scanning 28 behaviours
[20:44:45] Button hook complete — hooked 0 button(s)
[20:44:45] HookButtons: scanning 28 behaviours
[20:44:45] Button hook complete — hooked 0 button(s)
[20:44:45] HookButtons: scanning 28 behaviours
[20:44:45] Button hook complete — hooked 0 button(s)
[20:44:45] HookButtons: scanning 28 behaviours
[20:44:45] Button hook complete — hooked 0 button(s)
[20:44:45] HookButtons: scanning 28 behaviours
[20:44:45] Button hook complete — hooked 0 button(s)
[20:44:45] HookButtons: scanning 28 behaviours
[20:44:45] Button hook complete — hooked 0 button(s)
[20:44:46] HookButtons: scanning 28 behaviours
[20:44:46] Button hook complete — hooked 0 button(s)
[20:44:46] HookButtons: scanning 28 behaviours
[20:44:46] Button hook complete — hooked 0 button(s)
[20:44:46] HookButtons: scanning 28 behaviours
[20:44:46] Button hook complete — hooked 0 button(s)
[20:44:46] HookButtons: scanning 28 behaviours
[20:44:46] Button hook complete — hooked 0 button(s)
[20:44:46] HookButtons: scanning 28 behaviours
[20:44:46] Button hook complete — hooked 0 button(s)
[20:44:46] HookButtons: scanning 28 behaviours
[20:44:46] Button hook complete — hooked 0 button(s)
[20:44:47] HookButtons: scanning 28 behaviours
[20:44:47] Button hook complete — hooked 0 button(s)
[20:44:47] HookButtons: scanning 28 behaviours
[20:44:47] Button hook complete — hooked 0 button(s)
[20:44:47] HookButtons: scanning 28 behaviours
[20:44:47] Button hook complete — hooked 0 button(s)
[20:44:47] HookButtons: scanning 28 behaviours
[20:44:47] Button hook complete — hooked 0 button(s)
[20:44:47] HookButtons: scanning 28 behaviours
[20:44:47] Button hook complete — hooked 0 button(s)
[20:44:47] HookButtons: scanning 28 behaviours
[20:44:47] Button hook complete — hooked 0 button(s)
[20:44:48] HookButtons: scanning 28 behaviours
[20:44:48] Button hook complete — hooked 0 button(s)
[20:44:48] HookButtons: scanning 28 behaviours
[20:44:48] Button hook complete — hooked 0 button(s)
[20:44:48] HookButtons: scanning 28 behaviours
[20:44:48] Button hook complete — hooked 0 button(s)
[20:44:48] HookButtons: scanning 28 behaviours
[20:44:48] Button hook complete — hooked 0 button(s)
[20:44:48] HookButtons: scanning 28 behaviours
[20:44:48] Button hook complete — hooked 0 button(s)
[20:44:48] HookButtons: scanning 28 behaviours
[20:44:48] Button hook complete — hooked 0 button(s)
[20:44:49] HookButtons: scanning 28 behaviours
[20:44:49] Button hook complete — hooked 0 button(s)
[20:44:49] HookButtons: scanning 28 behaviours
[20:44:49] Button hook complete — hooked 0 button(s)
[20:44:49] HookButtons: scanning 28 behaviours
[20:44:49] Button hook complete — hooked 0 button(s)
[20:44:49] HookButtons: scanning 28 behaviours
[20:44:49] Button hook complete — hooked 0 button(s)
[20:44:49] HookButtons: scanning 28 behaviours
[20:44:49] Button hook complete — hooked 0 button(s)
[20:44:49] HookButtons: scanning 28 behaviours
[20:44:49] Button hook complete — hooked 0 button(s)
[20:44:50] HookButtons: scanning 28 behaviours
[20:44:50] Button hook complete — hooked 0 button(s)
[20:44:50] HookButtons: scanning 28 behaviours
[20:44:50] Button hook complete — hooked 0 button(s)
[20:44:50] HookButtons: scanning 28 behaviours
[20:44:50] Button hook complete — hooked 0 button(s)
[20:44:50] HookButtons: scanning 28 behaviours
[20:44:50] Button hook complete — hooked 0 button(s)
[20:44:50] HookButtons: scanning 28 behaviours
[20:44:50] Button hook complete — hooked 0 button(s)
[20:44:50] HookButtons: scanning 28 behaviours
[20:44:50] Button hook complete — hooked 0 button(s)
[20:44:51] HookButtons: scanning 28 behaviours
[20:44:51] Button hook complete — hooked 0 button(s)
[20:44:51] HookButtons: scanning 28 behaviours
[20:44:51] Button hook complete — hooked 0 button(s)
[20:44:51] HookButtons: scanning 28 behaviours
[20:44:51] Button hook complete — hooked 0 button(s)
[20:44:51] HookButtons: scanning 28 behaviours
[20:44:51] Button hook complete — hooked 0 button(s)
[20:44:51] HookButtons: scanning 28 behaviours
[20:44:51] Button hook complete — hooked 0 button(s)
[20:44:51] HookButtons: scanning 28 behaviours
[20:44:51] Button hook complete — hooked 0 button(s)
[20:44:52] HookButtons: scanning 28 behaviours
[20:44:52] Button hook complete — hooked 0 button(s)
[20:44:52] HookButtons: scanning 28 behaviours
[20:44:52] Button hook complete — hooked 0 button(s)
[20:44:52] HookButtons: scanning 28 behaviours
[20:44:52] Button hook complete — hooked 0 button(s)
[20:44:52] HookButtons: scanning 28 behaviours
[20:44:52] Button hook complete — hooked 0 button(s)
[20:44:52] HookButtons: scanning 28 behaviours
[20:44:52] Button hook complete — hooked 0 button(s)
[20:44:52] HookButtons: scanning 28 behaviours
[20:44:52] Button hook complete — hooked 0 button(s)
[20:44:52] HookButtons: scanning 28 behaviours
[20:44:52] Button hook complete — hooked 0 button(s)
[20:44:53] HookButtons: scanning 28 behaviours
[20:44:53] Button hook complete — hooked 0 button(s)
[20:44:53] HookButtons: scanning 28 behaviours
[20:44:53] Button hook complete — hooked 0 button(s)
[20:44:53] HookButtons: scanning 28 behaviours
[20:44:53] Button hook complete — hooked 0 button(s)
[20:44:53] HookButtons: scanning 28 behaviours
[20:44:53] Button hook complete — hooked 0 button(s)
[20:44:53] HookButtons: scanning 28 behaviours
[20:44:53] Button hook complete — hooked 0 button(s)
[20:44:54] HookButtons: scanning 28 behaviours
[20:44:54] Button hook complete — hooked 0 button(s)
[20:44:54] HookButtons: scanning 28 behaviours
[20:44:54] Button hook complete — hooked 0 button(s)
[20:44:54] HookButtons: scanning 28 behaviours
[20:44:54] Button hook complete — hooked 0 button(s)
[20:44:54] HookButtons: scanning 28 behaviours
[20:44:54] Button hook complete — hooked 0 button(s)
[20:44:54] HookButtons: scanning 28 behaviours
[20:44:54] Button hook complete — hooked 0 button(s)
[20:44:54] HookButtons: scanning 28 behaviours
[20:44:54] Button hook complete — hooked 0 button(s)
[20:44:54] HookButtons: scanning 28 behaviours
[20:44:54] Button hook complete — hooked 0 button(s)
[20:44:55] HookButtons: scanning 28 behaviours
[20:44:55] Button hook complete — hooked 0 button(s)
[20:44:55] HookButtons: scanning 28 behaviours
[20:44:55] Button hook complete — hooked 0 button(s)
[20:44:55] HookButtons: scanning 28 behaviours
[20:44:55] Button hook complete — hooked 0 button(s)
[20:44:55] HookButtons: scanning 28 behaviours
[20:44:55] Button hook complete — hooked 0 button(s)
[20:44:55] HookButtons: scanning 28 behaviours
[20:44:55] Button hook complete — hooked 0 button(s)
[20:44:55] HookButtons: scanning 28 behaviours
[20:44:55] Button hook complete — hooked 0 button(s)
[20:44:56] HookButtons: scanning 28 behaviours
[20:44:56] Button hook complete — hooked 0 button(s)
[20:44:56] HookButtons: scanning 28 behaviours
[20:44:56] Button hook complete — hooked 0 button(s)
[20:44:56] HookButtons: scanning 28 behaviours
[20:44:56] Button hook complete — hooked 0 button(s)
[20:44:56] HookButtons: scanning 28 behaviours
[20:44:56] Button hook complete — hooked 0 button(s)
[20:44:56] HookButtons: scanning 28 behaviours
[20:44:56] Button hook complete — hooked 0 button(s)
[20:44:56] HookButtons: scanning 28 behaviours
[20:44:56] Button hook complete — hooked 0 button(s)
[20:44:57] HookButtons: scanning 28 behaviours
[20:44:57] Button hook complete — hooked 0 button(s)
[20:44:57] HookButtons: scanning 28 behaviours
[20:44:57] Button hook complete — hooked 0 button(s)
[20:44:57] HookButtons: scanning 28 behaviours
[20:44:57] Button hook complete — hooked 0 button(s)
[20:44:57] HookButtons: scanning 28 behaviours
[20:44:57] Button hook complete — hooked 0 button(s)
[20:44:57] HookButtons: scanning 28 behaviours
[20:44:57] Button hook complete — hooked 0 button(s)
[20:44:57] HookButtons: scanning 28 behaviours
[20:44:57] Button hook complete — hooked 0 button(s)
[20:44:58] HookButtons: scanning 28 behaviours
[20:44:58] Button hook complete — hooked 0 button(s)
[20:44:58] HookButtons: scanning 28 behaviours
[20:44:58] Button hook complete — hooked 0 button(s)
[20:44:58] HookButtons: scanning 28 behaviours
[20:44:58] Button hook complete — hooked 0 button(s)
[20:44:58] HookButtons: scanning 28 behaviours
[20:44:58] Button hook complete — hooked 0 button(s)
[20:44:58] HookButtons: scanning 28 behaviours
[20:44:58] Button hook complete — hooked 0 button(s)
[20:44:58] HookButtons: scanning 28 behaviours
[20:44:58] Button hook complete — hooked 0 button(s)
[20:44:59] HookButtons: scanning 28 behaviours
[20:44:59] Button hook complete — hooked 0 button(s)
[20:44:59] HookButtons: scanning 28 behaviours
[20:44:59] Button hook complete — hooked 0 button(s)
[20:44:59] HookButtons: scanning 28 behaviours
[20:44:59] Button hook complete — hooked 0 button(s)
[20:44:59] HookButtons: scanning 28 behaviours
[20:44:59] Button hook complete — hooked 0 button(s)
[20:44:59] HookButtons: scanning 28 behaviours
[20:44:59] Button hook complete — hooked 0 button(s)
[20:44:59] HookButtons: scanning 28 behaviours
[20:44:59] Button hook complete — hooked 0 button(s)
[20:45:00] HookButtons: scanning 28 behaviours
[20:45:00] Button hook complete — hooked 0 button(s)
[20:45:00] HookButtons: scanning 28 behaviours
[20:45:00] Button hook complete — hooked 0 button(s)
[20:45:00] HookButtons: scanning 28 behaviours
[20:45:00] Button hook complete — hooked 0 button(s)
[20:45:00] HookButtons: scanning 28 behaviours
[20:45:00] Button hook complete — hooked 0 button(s)
[20:45:00] HookButtons: scanning 28 behaviours
[20:45:00] Button hook complete — hooked 0 button(s)
[20:45:00] HookButtons: scanning 28 behaviours
[20:45:00] Button hook complete — hooked 0 button(s)
[20:45:01] HookButtons: scanning 28 behaviours
[20:45:01] Button hook complete — hooked 0 button(s)
[20:45:01] HookButtons: scanning 28 behaviours
[20:45:01] Button hook complete — hooked 0 button(s)
[20:45:01] HookButtons: scanning 28 behaviours
[20:45:01] Button hook complete — hooked 0 button(s)
[20:45:01] HookButtons: scanning 28 behaviours
[20:45:01] Button hook complete — hooked 0 button(s)
[20:45:01] HookButtons: scanning 28 behaviours
[20:45:01] Button hook complete — hooked 0 button(s)
[20:45:01] HookButtons: scanning 28 behaviours
[20:45:01] Button hook complete — hooked 0 button(s)
[20:45:02] HookButtons: scanning 28 behaviours
[20:45:02] Button hook complete — hooked 0 button(s)
[20:45:02] HookButtons: scanning 28 behaviours
[20:45:02] Button hook complete — hooked 0 button(s)
[20:45:02] HookButtons: scanning 28 behaviours
[20:45:02] Button hook complete — hooked 0 button(s)
[20:45:02] HookButtons: scanning 28 behaviours
[20:45:02] Button hook complete — hooked 0 button(s)
[20:45:02] HookButtons: scanning 28 behaviours
[20:45:02] Button hook complete — hooked 0 button(s)
[20:45:02] HookButtons: scanning 28 behaviours
[20:45:02] Button hook complete — hooked 0 button(s)
[20:45:02] HookButtons: scanning 28 behaviours
[20:45:02] Button hook complete — hooked 0 button(s)
[20:45:03] HookButtons: scanning 28 behaviours
[20:45:03] Button hook complete — hooked 0 button(s)
[20:45:03] HookButtons: scanning 28 behaviours
[20:45:03] Button hook complete — hooked 0 button(s)
[20:45:03] HookButtons: scanning 28 behaviours
[20:45:03] Button hook complete — hooked 0 button(s)
[20:45:03] HookButtons: scanning 28 behaviours
[20:45:03] Button hook complete — hooked 0 button(s)
[20:45:03] HookButtons: scanning 28 behaviours
[20:45:03] Button hook complete — hooked 0 button(s)
[20:45:03] HookButtons: scanning 28 behaviours
[20:45:03] Button hook complete — hooked 0 button(s)
[20:45:04] HookButtons: scanning 28 behaviours
[20:45:04] Button hook complete — hooked 0 button(s)
[20:45:04] HookButtons: scanning 28 behaviours
[20:45:04] Button hook complete — hooked 0 button(s)
[20:45:04] HookButtons: scanning 28 behaviours
[20:45:04] Button hook complete — hooked 0 button(s)
[20:45:04] HookButtons: scanning 28 behaviours
[20:45:04] Button hook complete — hooked 0 button(s)
[20:45:04] HookButtons: scanning 28 behaviours
[20:45:04] Button hook complete — hooked 0 button(s)
[20:45:04] HookButtons: scanning 28 behaviours
[20:45:04] Button hook complete — hooked 0 button(s)
[20:45:05] HookButtons: scanning 28 behaviours
[20:45:05] Button hook complete — hooked 0 button(s)
[20:45:05] HookButtons: scanning 28 behaviours
[20:45:05] Button hook complete — hooked 0 button(s)
[20:45:05] HookButtons: scanning 28 behaviours
[20:45:05] Button hook complete — hooked 0 button(s)
[20:45:05] HookButtons: scanning 28 behaviours
[20:45:05] Button hook complete — hooked 0 button(s)
[20:45:05] HookButtons: scanning 28 behaviours
[20:45:05] Button hook complete — hooked 0 button(s)
[20:45:05] HookButtons: scanning 28 behaviours
[20:45:05] Button hook complete — hooked 0 button(s)
[20:45:06] HookButtons: scanning 28 behaviours
[20:45:06] Button hook complete — hooked 0 button(s)
[20:45:06] HookButtons: scanning 28 behaviours
[20:45:06] Button hook complete — hooked 0 button(s)
[20:45:06] HookButtons: scanning 28 behaviours
[20:45:06] Button hook complete — hooked 0 button(s)
[20:45:06] HookButtons: scanning 28 behaviours
[20:45:06] Button hook complete — hooked 0 button(s)
[20:45:06] HookButtons: scanning 28 behaviours
[20:45:06] Button hook complete — hooked 0 button(s)
[20:45:06] HookButtons: scanning 28 behaviours
[20:45:06] Button hook complete — hooked 0 button(s)
[20:45:07] HookButtons: scanning 28 behaviours
[20:45:07] Button hook complete — hooked 0 button(s)
[20:45:07] HookButtons: scanning 28 behaviours
[20:45:07] Button hook complete — hooked 0 button(s)
[20:45:07] HookButtons: scanning 28 behaviours
[20:45:07] Button hook complete — hooked 0 button(s)
[20:45:07] HookButtons: scanning 28 behaviours
[20:45:07] Button hook complete — hooked 0 button(s)
[20:45:07] HookButtons: scanning 28 behaviours
[20:45:07] Button hook complete — hooked 0 button(s)
[20:45:07] HookButtons: scanning 28 behaviours
[20:45:07] Button hook complete — hooked 0 button(s)
[20:45:08] HookButtons: scanning 28 behaviours
[20:45:08] Button hook complete — hooked 0 button(s)
[20:45:08] HookButtons: scanning 28 behaviours
[20:45:08] Button hook complete — hooked 0 button(s)
[20:45:08] HookButtons: scanning 28 behaviours
[20:45:08] Button hook complete — hooked 0 button(s)
[20:45:08] HookButtons: scanning 28 behaviours
[20:45:08] Button hook complete — hooked 0 button(s)
[20:45:08] HookButtons: scanning 28 behaviours
[20:45:08] Button hook complete — hooked 0 button(s)
[20:45:08] HookButtons: scanning 28 behaviours
[20:45:08] Button hook complete — hooked 0 button(s)
[20:45:09] HookButtons: scanning 28 behaviours
[20:45:09] Button hook complete — hooked 0 button(s)
[20:45:09] HookButtons: scanning 28 behaviours
[20:45:09] Button hook complete — hooked 0 button(s)
[20:45:09] HookButtons: scanning 28 behaviours
[20:45:09] Button hook complete — hooked 0 button(s)
[20:45:09] HookButtons: scanning 28 behaviours
[20:45:09] Button hook complete — hooked 0 button(s)
[20:45:09] HookButtons: scanning 28 behaviours
[20:45:09] Button hook complete — hooked 0 button(s)
[20:45:09] HookButtons: scanning 28 behaviours
[20:45:09] Button hook complete — hooked 0 button(s)
[20:45:10] HookButtons: scanning 28 behaviours
[20:45:10] Button hook complete — hooked 0 button(s)
[20:45:10] HookButtons: scanning 28 behaviours
[20:45:10] Button hook complete — hooked 0 button(s)
[20:45:10] HookButtons: scanning 28 behaviours
[20:45:10] Button hook complete — hooked 0 button(s)
[20:45:10] HookButtons: scanning 28 behaviours
[20:45:10] Button hook complete — hooked 0 button(s)
[20:45:10] HookButtons: scanning 28 behaviours
[20:45:10] Button hook complete — hooked 0 button(s)
[20:45:10] HookButtons: scanning 28 behaviours
[20:45:10] Button hook complete — hooked 0 button(s)
[20:45:11] HookButtons: scanning 28 behaviours
[20:45:11] Button hook complete — hooked 0 button(s)
[20:45:11] HookButtons: scanning 28 behaviours
[20:45:11] Button hook complete — hooked 0 button(s)
[20:45:11] HookButtons: scanning 28 behaviours
[20:45:11] Button hook complete — hooked 0 button(s)
[20:45:11] HookButtons: scanning 28 behaviours
[20:45:11] Button hook complete — hooked 0 button(s)
[20:45:11] HookButtons: scanning 28 behaviours
[20:45:11] Button hook complete — hooked 0 button(s)
[20:45:11] HookButtons: scanning 28 behaviours
[20:45:11] Button hook complete — hooked 0 button(s)
[20:45:12] HookButtons: scanning 28 behaviours
[20:45:12] Button hook complete — hooked 0 button(s)
[20:45:12] HookButtons: scanning 28 behaviours
[20:45:12] Button hook complete — hooked 0 button(s)
[20:45:12] HookButtons: scanning 28 behaviours
[20:45:12] Button hook complete — hooked 0 button(s)
[20:45:12] HookButtons: scanning 28 behaviours
[20:45:12] Button hook complete — hooked 0 button(s)
[20:45:12] HookButtons: scanning 28 behaviours
[20:45:12] Button hook complete — hooked 0 button(s)
[20:45:12] HookButtons: scanning 28 behaviours
[20:45:12] Button hook complete — hooked 0 button(s)
[20:45:13] HookButtons: scanning 28 behaviours
[20:45:13] Button hook complete — hooked 0 button(s)
[20:45:13] HookButtons: scanning 28 behaviours
[20:45:13] Button hook complete — hooked 0 button(s)
[20:45:13] HookButtons: scanning 28 behaviours
[20:45:13] Button hook complete — hooked 0 button(s)
[20:45:13] HookButtons: scanning 28 behaviours
[20:45:13] Button hook complete — hooked 0 button(s)
[20:45:13] HookButtons: scanning 28 behaviours
[20:45:13] Button hook complete — hooked 0 button(s)
[20:45:13] HookButtons: scanning 28 behaviours
[20:45:13] Button hook complete — hooked 0 button(s)
[20:45:13] HookButtons: scanning 28 behaviours
[20:45:13] Button hook complete — hooked 0 button(s)
[20:45:14] HookButtons: scanning 28 behaviours
[20:45:14] Button hook complete — hooked 0 button(s)
[20:45:14] HookButtons: scanning 28 behaviours
[20:45:14] Button hook complete — hooked 0 button(s)
[20:45:14] HookButtons: scanning 28 behaviours
[20:45:14] Button hook complete — hooked 0 button(s)
[20:45:14] HookButtons: scanning 28 behaviours
[20:45:14] Button hook complete — hooked 0 button(s)
[20:45:14] HookButtons: scanning 28 behaviours
[20:45:14] Button hook complete — hooked 0 button(s)
[20:45:14] HookButtons: scanning 28 behaviours
[20:45:14] Button hook complete — hooked 0 button(s)
[20:45:15] HookButtons: scanning 28 behaviours
[20:45:15] Button hook complete — hooked 0 button(s)
[20:45:15] HookButtons: scanning 28 behaviours
[20:45:15] Button hook complete — hooked 0 button(s)
[20:45:15] HookButtons: scanning 28 behaviours
[20:45:15] Button hook complete — hooked 0 button(s)
[20:45:15] HookButtons: scanning 28 behaviours
[20:45:15] Button hook complete — hooked 0 button(s)
[20:45:15] HookButtons: scanning 28 behaviours
[20:45:15] Button hook complete — hooked 0 button(s)
[20:45:15] HookButtons: scanning 28 behaviours
[20:45:15] Button hook complete — hooked 0 button(s)
[20:45:16] HookButtons: scanning 28 behaviours
[20:45:16] Button hook complete — hooked 0 button(s)
[20:45:16] HookButtons: scanning 28 behaviours
[20:45:16] Button hook complete — hooked 0 button(s)
[20:45:16] HookButtons: scanning 28 behaviours
[20:45:16] Button hook complete — hooked 0 button(s)
[20:45:16] HookButtons: scanning 28 behaviours
[20:45:16] Button hook complete — hooked 0 button(s)
[20:45:16] HookButtons: scanning 28 behaviours
[20:45:16] Button hook complete — hooked 0 button(s)
[20:45:16] HookButtons: scanning 28 behaviours
[20:45:16] Button hook complete — hooked 0 button(s)
[20:45:17] HookButtons: scanning 28 behaviours
[20:45:17] Button hook complete — hooked 0 button(s)
[20:45:17] HookButtons: scanning 28 behaviours
[20:45:17] Button hook complete — hooked 0 button(s)
[20:45:17] HookButtons: scanning 28 behaviours
[20:45:17] Button hook complete — hooked 0 button(s)
[20:45:17] HookButtons: scanning 28 behaviours
[20:45:17] Button hook complete — hooked 0 button(s)
[20:45:17] HookButtons: scanning 28 behaviours
[20:45:17] Button hook complete — hooked 0 button(s)
[20:45:17] HookButtons: scanning 28 behaviours
[20:45:17] Button hook complete — hooked 0 button(s)
[20:45:18] HookButtons: scanning 28 behaviours
[20:45:18] Button hook complete — hooked 0 button(s)
[20:45:18] HookButtons: scanning 28 behaviours
[20:45:18] Button hook complete — hooked 0 button(s)
[20:45:18] HookButtons: scanning 28 behaviours
[20:45:18] Button hook complete — hooked 0 button(s)
[20:45:18] HookButtons: scanning 28 behaviours
[20:45:18] Button hook complete — hooked 0 button(s)
[20:45:18] HookButtons: scanning 28 behaviours
[20:45:18] Button hook complete — hooked 0 button(s)
[20:45:18] HookButtons: scanning 28 behaviours
[20:45:18] Button hook complete — hooked 0 button(s)
[20:45:19] HookButtons: scanning 28 behaviours
[20:45:19] Button hook complete — hooked 0 button(s)
[20:45:19] HookButtons: scanning 28 behaviours
[20:45:19] Button hook complete — hooked 0 button(s)
[20:45:19] HookButtons: scanning 28 behaviours
[20:45:19] Button hook complete — hooked 0 button(s)
[20:45:19] HookButtons: scanning 28 behaviours
[20:45:19] Button hook complete — hooked 0 button(s)
[20:45:19] HookButtons: scanning 28 behaviours
[20:45:19] Button hook complete — hooked 0 button(s)
[20:45:19] HookButtons: scanning 28 behaviours
[20:45:19] Button hook complete — hooked 0 button(s)
[20:45:20] HookButtons: scanning 28 behaviours
[20:45:20] Button hook complete — hooked 0 button(s)
[20:45:20] HookButtons: scanning 28 behaviours
[20:45:20] Button hook complete — hooked 0 button(s)
[20:45:20] HookButtons: scanning 28 behaviours
[20:45:20] Button hook complete — hooked 0 button(s)
[20:45:20] HookButtons: scanning 28 behaviours
[20:45:20] Button hook complete — hooked 0 button(s)
[20:45:20] HookButtons: scanning 28 behaviours
[20:45:20] Button hook complete — hooked 0 button(s)
[20:45:20] HookButtons: scanning 28 behaviours
[20:45:20] Button hook complete — hooked 0 button(s)
[20:45:21] HookButtons: scanning 28 behaviours
[20:45:21] Button hook complete — hooked 0 button(s)
[20:45:21] HookButtons: scanning 28 behaviours
[20:45:21] Button hook complete — hooked 0 button(s)
[20:45:21] HookButtons: scanning 28 behaviours
[20:45:21] Button hook complete — hooked 0 button(s)
[20:45:21] HookButtons: scanning 28 behaviours
[20:45:21] Button hook complete — hooked 0 button(s)
[20:45:21] HookButtons: scanning 28 behaviours
[20:45:21] Button hook complete — hooked 0 button(s)
[20:45:21] HookButtons: scanning 28 behaviours
[20:45:21] Button hook complete — hooked 0 button(s)
[20:45:22] HookButtons: scanning 28 behaviours
[20:45:22] Button hook complete — hooked 0 button(s)
[20:45:22] HookButtons: scanning 28 behaviours
[20:45:22] Button hook complete — hooked 0 button(s)
[20:45:22] HookButtons: scanning 28 behaviours
[20:45:22] Button hook complete — hooked 0 button(s)
[20:45:22] HookButtons: scanning 28 behaviours
[20:45:22] Button hook complete — hooked 0 button(s)
[20:45:22] HookButtons: scanning 28 behaviours
[20:45:22] Button hook complete — hooked 0 button(s)
[20:45:22] HookButtons: scanning 28 behaviours
[20:45:22] Button hook complete — hooked 0 button(s)
[20:45:23] HookButtons: scanning 28 behaviours
[20:45:23] Button hook complete — hooked 0 button(s)
[20:45:23] HookButtons: scanning 28 behaviours
[20:45:23] Button hook complete — hooked 0 button(s)
[20:45:23] HookButtons: scanning 28 behaviours
[20:45:23] Button hook complete — hooked 0 button(s)
[20:45:23] HookButtons: scanning 28 behaviours
[20:45:23] Button hook complete — hooked 0 button(s)
[20:45:23] HookButtons: scanning 28 behaviours
[20:45:23] Button hook complete — hooked 0 button(s)
[20:45:23] HookButtons: scanning 28 behaviours
[20:45:23] Button hook complete — hooked 0 button(s)
[20:45:24] HookButtons: scanning 28 behaviours
[20:45:24] Button hook complete — hooked 0 button(s)
[20:45:24] HookButtons: scanning 28 behaviours
[20:45:24] Button hook complete — hooked 0 button(s)
[20:45:24] HookButtons: scanning 28 behaviours
[20:45:24] Button hook complete — hooked 0 button(s)
[20:45:24] HookButtons: scanning 28 behaviours
[20:45:24] Button hook complete — hooked 0 button(s)
[20:45:24] HookButtons: scanning 28 behaviours
[20:45:24] Button hook complete — hooked 0 button(s)
[20:45:24] HookButtons: scanning 28 behaviours
[20:45:24] Button hook complete — hooked 0 button(s)
[20:45:25] HookButtons: scanning 28 behaviours
[20:45:25] Button hook complete — hooked 0 button(s)
[20:45:25] HookButtons: scanning 28 behaviours
[20:45:25] Button hook complete — hooked 0 button(s)
[20:45:25] HookButtons: scanning 28 behaviours
[20:45:25] Button hook complete — hooked 0 button(s)
[20:45:25] HookButtons: scanning 28 behaviours
[20:45:25] Button hook complete — hooked 0 button(s)
[20:45:25] HookButtons: scanning 28 behaviours
[20:45:25] Button hook complete — hooked 0 button(s)
[20:45:25] HookButtons: scanning 28 behaviours
[20:45:25] Button hook complete — hooked 0 button(s)
[20:45:26] HookButtons: scanning 28 behaviours
[20:45:26] Button hook complete — hooked 0 button(s)
[20:45:26] HookButtons: scanning 28 behaviours
[20:45:26] Button hook complete — hooked 0 button(s)
[20:45:26] HookButtons: scanning 28 behaviours
[20:45:26] Button hook complete — hooked 0 button(s)
[20:45:26] HookButtons: scanning 28 behaviours
[20:45:26] Button hook complete — hooked 0 button(s)
[20:45:26] HookButtons: scanning 28 behaviours
[20:45:26] Button hook complete — hooked 0 button(s)
[20:45:26] HookButtons: scanning 28 behaviours
[20:45:26] Button hook complete — hooked 0 button(s)
[20:45:27] HookButtons: scanning 28 behaviours
[20:45:27] Button hook complete — hooked 0 button(s)
[20:45:27] HookButtons: scanning 28 behaviours
[20:45:27] Button hook complete — hooked 0 button(s)
[20:45:27] HookButtons: scanning 28 behaviours
[20:45:27] Button hook complete — hooked 0 button(s)
[20:45:27] HookButtons: scanning 28 behaviours
[20:45:27] Button hook complete — hooked 0 button(s)
[20:45:27] HookButtons: scanning 28 behaviours
[20:45:27] Button hook complete — hooked 0 button(s)
[20:45:27] HookButtons: scanning 28 behaviours
[20:45:27] Button hook complete — hooked 0 button(s)
[20:45:28] HookButtons: scanning 28 behaviours
[20:45:28] Button hook complete — hooked 0 button(s)
[20:45:28] HookButtons: scanning 28 behaviours
[20:45:28] Button hook complete — hooked 0 button(s)
[20:45:28] HookButtons: scanning 28 behaviours
[20:45:28] Button hook complete — hooked 0 button(s)
[20:45:28] HookButtons: scanning 28 behaviours
[20:45:28] Button hook complete — hooked 0 button(s)
[20:45:28] HookButtons: scanning 28 behaviours
[20:45:28] Button hook complete — hooked 0 button(s)
[20:45:28] HookButtons: scanning 28 behaviours
[20:45:28] Button hook complete — hooked 0 button(s)
[20:45:29] HookButtons: scanning 28 behaviours
[20:45:29] Button hook complete — hooked 0 button(s)
[20:45:29] HookButtons: scanning 28 behaviours
[20:45:29] Button hook complete — hooked 0 button(s)
[20:45:29] HookButtons: scanning 28 behaviours
[20:45:29] Button hook complete — hooked 0 button(s)
[20:45:29] HookButtons: scanning 28 behaviours
[20:45:29] Button hook complete — hooked 0 button(s)
[20:45:29] HookButtons: scanning 28 behaviours
[20:45:29] Button hook complete — hooked 0 button(s)
[20:45:29] HookButtons: scanning 28 behaviours
[20:45:29] Button hook complete — hooked 0 button(s)
[20:45:29] HookButtons: scanning 28 behaviours
[20:45:29] Button hook complete — hooked 0 button(s)
[20:45:30] HookButtons: scanning 28 behaviours
[20:45:30] Button hook complete — hooked 0 button(s)
[20:45:30] HookButtons: scanning 28 behaviours
[20:45:30] Button hook complete — hooked 0 button(s)
[20:45:30] HookButtons: scanning 28 behaviours
[20:45:30] Button hook complete — hooked 0 button(s)
[20:45:30] HookButtons: scanning 28 behaviours
[20:45:30] Button hook complete — hooked 0 button(s)
[20:45:30] HookButtons: scanning 28 behaviours
[20:45:30] Button hook complete — hooked 0 button(s)
[20:45:30] HookButtons: scanning 28 behaviours
[20:45:30] Button hook complete — hooked 0 button(s)
[20:45:31] HookButtons: scanning 28 behaviours
[20:45:31] Button hook complete — hooked 0 button(s)
[20:45:31] HookButtons: scanning 28 behaviours
[20:45:31] Button hook complete — hooked 0 button(s)
[20:45:31] HookButtons: scanning 28 behaviours
[20:45:31] Button hook complete — hooked 0 button(s)
[20:45:31] HookButtons: scanning 28 behaviours
[20:45:31] Button hook complete — hooked 0 button(s)
[20:45:31] HookButtons: scanning 28 behaviours
[20:45:31] Button hook complete — hooked 0 button(s)
[20:45:31] HookButtons: scanning 28 behaviours
[20:45:31] Button hook complete — hooked 0 button(s)
[20:45:32] HookButtons: scanning 28 behaviours
[20:45:32] Button hook complete — hooked 0 button(s)
[20:45:32] HookButtons: scanning 28 behaviours
[20:45:32] Button hook complete — hooked 0 button(s)
[20:45:32] HookButtons: scanning 28 behaviours
[20:45:32] Button hook complete — hooked 0 button(s)
[20:45:32] HookButtons: scanning 28 behaviours
[20:45:32] Button hook complete — hooked 0 button(s)
[20:45:32] HookButtons: scanning 28 behaviours
[20:45:32] Button hook complete — hooked 0 button(s)
[20:45:32] HookButtons: scanning 28 behaviours
[20:45:32] Button hook complete — hooked 0 button(s)
[20:45:33] HookButtons: scanning 28 behaviours
[20:45:33] Button hook complete — hooked 0 button(s)
[20:45:33] HookButtons: scanning 28 behaviours
[20:45:33] Button hook complete — hooked 0 button(s)
[20:45:33] HookButtons: scanning 28 behaviours
[20:45:33] Button hook complete — hooked 0 button(s)
[20:45:33] HookButtons: scanning 28 behaviours
[20:45:33] Button hook complete — hooked 0 button(s)
[20:45:33] HookButtons: scanning 28 behaviours
[20:45:33] Button hook complete — hooked 0 button(s)
[20:45:33] HookButtons: scanning 28 behaviours
[20:45:33] Button hook complete — hooked 0 button(s)
[20:45:34] HookButtons: scanning 28 behaviours
[20:45:34] Button hook complete — hooked 0 button(s)
[20:45:34] HookButtons: scanning 28 behaviours
[20:45:34] Button hook complete — hooked 0 button(s)
[20:45:34] HookButtons: scanning 28 behaviours
[20:45:34] Button hook complete — hooked 0 button(s)
[20:45:34] HookButtons: scanning 28 behaviours
[20:45:34] Button hook complete — hooked 0 button(s)
[20:45:34] HookButtons: scanning 28 behaviours
[20:45:34] Button hook complete — hooked 0 button(s)
[20:45:34] HookButtons: scanning 28 behaviours
[20:45:34] Button hook complete — hooked 0 button(s)
[20:45:35] HookButtons: scanning 28 behaviours
[20:45:35] Button hook complete — hooked 0 button(s)
[20:45:35] HookButtons: scanning 28 behaviours
[20:45:35] Button hook complete — hooked 0 button(s)
[20:45:35] HookButtons: scanning 28 behaviours
[20:45:35] Button hook complete — hooked 0 button(s)
[20:45:35] HookButtons: scanning 28 behaviours
[20:45:35] Button hook complete — hooked 0 button(s)
[20:45:35] HookButtons: scanning 28 behaviours
[20:45:35] Button hook complete — hooked 0 button(s)
[20:45:35] HookButtons: scanning 28 behaviours
[20:45:35] Button hook complete — hooked 0 button(s)
[20:45:36] HookButtons: scanning 28 behaviours
[20:45:36] Button hook complete — hooked 0 button(s)
[20:45:36] HookButtons: scanning 28 behaviours
[20:45:36] Button hook complete — hooked 0 button(s)
[20:45:36] HookButtons: scanning 28 behaviours
[20:45:36] Button hook complete — hooked 0 button(s)
[20:45:36] HookButtons: scanning 28 behaviours
[20:45:36] Button hook complete — hooked 0 button(s)
[20:45:36] HookButtons: scanning 28 behaviours
[20:45:36] Button hook complete — hooked 0 button(s)
[20:45:36] HookButtons: scanning 28 behaviours
[20:45:36] Button hook complete — hooked 0 button(s)
[20:45:37] HookButtons: scanning 28 behaviours
[20:45:37] Button hook complete — hooked 0 button(s)
[20:45:37] HookButtons: scanning 28 behaviours
[20:45:37] Button hook complete — hooked 0 button(s)
[20:45:37] HookButtons: scanning 28 behaviours
[20:45:37] Button hook complete — hooked 0 button(s)
[20:45:37] HookButtons: scanning 28 behaviours
[20:45:37] Button hook complete — hooked 0 button(s)
[20:45:37] HookButtons: scanning 28 behaviours
[20:45:37] Button hook complete — hooked 0 button(s)
[20:45:37] HookButtons: scanning 28 behaviours
[20:45:37] Button hook complete — hooked 0 button(s)
[20:45:38] HookButtons: scanning 28 behaviours
[20:45:38] Button hook complete — hooked 0 button(s)
[20:45:38] HookButtons: scanning 28 behaviours
[20:45:38] Button hook complete — hooked 0 button(s)
[20:45:38] HookButtons: scanning 28 behaviours
[20:45:38] Button hook complete — hooked 0 button(s)
[20:45:38] HookButtons: scanning 28 behaviours
[20:45:38] Button hook complete — hooked 0 button(s)
[20:45:38] HookButtons: scanning 28 behaviours
[20:45:38] Button hook complete — hooked 0 button(s)
[20:45:38] HookButtons: scanning 28 behaviours
[20:45:38] Button hook complete — hooked 0 button(s)
[20:45:39] HookButtons: scanning 28 behaviours
[20:45:39] Button hook complete — hooked 0 button(s)
[20:45:39] HookButtons: scanning 28 behaviours
[20:45:39] Button hook complete — hooked 0 button(s)
[20:45:39] HookButtons: scanning 28 behaviours
[20:45:39] Button hook complete — hooked 0 button(s)
[20:45:39] HookButtons: scanning 28 behaviours
[20:45:39] Button hook complete — hooked 0 button(s)
[20:45:39] HookButtons: scanning 28 behaviours
[20:45:39] Button hook complete — hooked 0 button(s)
[20:45:39] HookButtons: scanning 28 behaviours
[20:45:39] Button hook complete — hooked 0 button(s)
[20:45:40] HookButtons: scanning 28 behaviours
[20:45:40] Button hook complete — hooked 0 button(s)
[20:45:40] HookButtons: scanning 28 behaviours
[20:45:40] Button hook complete — hooked 0 button(s)
[20:45:40] HookButtons: scanning 28 behaviours
[20:45:40] Button hook complete — hooked 0 button(s)
[20:45:40] HookButtons: scanning 28 behaviours
[20:45:40] Button hook complete — hooked 0 button(s)
[20:45:40] HookButtons: scanning 28 behaviours
[20:45:40] Button hook complete — hooked 0 button(s)
[20:45:40] HookButtons: scanning 28 behaviours
[20:45:40] Button hook complete — hooked 0 button(s)
[20:45:41] HookButtons: scanning 28 behaviours
[20:45:41] Button hook complete — hooked 0 button(s)
[20:45:41] HookButtons: scanning 28 behaviours
[20:45:41] Button hook complete — hooked 0 button(s)
[20:45:41] HookButtons: scanning 28 behaviours
[20:45:41] Button hook complete — hooked 0 button(s)
[20:45:41] HookButtons: scanning 28 behaviours
[20:45:41] Button hook complete — hooked 0 button(s)
[20:45:41] HookButtons: scanning 28 behaviours
[20:45:41] Button hook complete — hooked 0 button(s)
[20:45:41] HookButtons: scanning 28 behaviours
[20:45:41] Button hook complete — hooked 0 button(s)
[20:45:42] HookButtons: scanning 28 behaviours
[20:45:42] Button hook complete — hooked 0 button(s)
[20:45:42] HookButtons: scanning 28 behaviours
[20:45:42] Button hook complete — hooked 0 button(s)
[20:45:42] HookButtons: scanning 28 behaviours
[20:45:42] Button hook complete — hooked 0 button(s)
[20:45:42] HookButtons: scanning 28 behaviours
[20:45:42] Button hook complete — hooked 0 button(s)
[20:45:42] HookButtons: scanning 28 behaviours
[20:45:42] Button hook complete — hooked 0 button(s)
[20:45:42] HookButtons: scanning 28 behaviours
[20:45:42] Button hook complete — hooked 0 button(s)
[20:45:43] HookButtons: scanning 28 behaviours
[20:45:43] Button hook complete — hooked 0 button(s)
[20:45:43] HookButtons: scanning 28 behaviours
[20:45:43] Button hook complete — hooked 0 button(s)
[20:45:43] HookButtons: scanning 28 behaviours
[20:45:43] Button hook complete — hooked 0 button(s)
[20:45:43] HookButtons: scanning 28 behaviours
[20:45:43] Button hook complete — hooked 0 button(s)
[20:45:43] HookButtons: scanning 28 behaviours
[20:45:43] Button hook complete — hooked 0 button(s)
[20:45:43] HookButtons: scanning 28 behaviours
[20:45:43] Button hook complete — hooked 0 button(s)
[20:45:44] HookButtons: scanning 28 behaviours
[20:45:44] Button hook complete — hooked 0 button(s)
[20:45:44] HookButtons: scanning 28 behaviours
[20:45:44] Button hook complete — hooked 0 button(s)
[20:45:44] HookButtons: scanning 28 behaviours
[20:45:44] Button hook complete — hooked 0 button(s)
[20:45:44] HookButtons: scanning 28 behaviours
[20:45:44] Button hook complete — hooked 0 button(s)
[20:45:44] HookButtons: scanning 28 behaviours
[20:45:44] Button hook complete — hooked 0 button(s)
[20:45:44] HookButtons: scanning 28 behaviours
[20:45:44] Button hook complete — hooked 0 button(s)
[20:45:44] HookButtons: scanning 28 behaviours
[20:45:44] Button hook complete — hooked 0 button(s)
[20:45:45] HookButtons: scanning 28 behaviours
[20:45:45] Button hook complete — hooked 0 button(s)
[20:45:45] HookButtons: scanning 28 behaviours
[20:45:45] Button hook complete — hooked 0 button(s)
[20:45:45] HookButtons: scanning 28 behaviours
[20:45:45] Button hook complete — hooked 0 button(s)
[20:45:45] HookButtons: scanning 28 behaviours
[20:45:45] Button hook complete — hooked 0 button(s)
[20:45:45] HookButtons: scanning 28 behaviours
[20:45:45] Button hook complete — hooked 0 button(s)
[20:45:45] HookButtons: scanning 28 behaviours
[20:45:45] Button hook complete — hooked 0 button(s)
[20:45:46] HookButtons: scanning 28 behaviours
[20:45:46] Button hook complete — hooked 0 button(s)
[20:45:46] HookButtons: scanning 28 behaviours
[20:45:46] Button hook complete — hooked 0 button(s)
[20:45:46] HookButtons: scanning 28 behaviours
[20:45:46] Button hook complete — hooked 0 button(s)
[20:45:46] HookButtons: scanning 28 behaviours
[20:45:46] Button hook complete — hooked 0 button(s)
[20:45:46] HookButtons: scanning 28 behaviours
[20:45:46] Button hook complete — hooked 0 button(s)
[20:45:46] HookButtons: scanning 28 behaviours
[20:45:46] Button hook complete — hooked 0 button(s)
[20:45:47] HookButtons: scanning 28 behaviours
[20:45:47] Button hook complete — hooked 0 button(s)
[20:45:47] HookButtons: scanning 28 behaviours
[20:45:47] Button hook complete — hooked 0 button(s)
[20:45:47] HookButtons: scanning 28 behaviours
[20:45:47] Button hook complete — hooked 0 button(s)
[20:45:47] HookButtons: scanning 28 behaviours
[20:45:47] Button hook complete — hooked 0 button(s)
[20:45:47] HookButtons: scanning 28 behaviours
[20:45:47] Button hook complete — hooked 0 button(s)
[20:45:47] HookButtons: scanning 28 behaviours
[20:45:47] Button hook complete — hooked 0 button(s)
[20:45:48] HookButtons: scanning 28 behaviours
[20:45:48] Button hook complete — hooked 0 button(s)
[20:45:48] HookButtons: scanning 28 behaviours
[20:45:48] Button hook complete — hooked 0 button(s)
[20:45:48] HookButtons: scanning 28 behaviours
[20:45:48] Button hook complete — hooked 0 button(s)
[20:45:48] HookButtons: scanning 28 behaviours
[20:45:48] Button hook complete — hooked 0 button(s)
[20:45:48] HookButtons: scanning 28 behaviours
[20:45:48] Button hook complete — hooked 0 button(s)
[20:45:48] HookButtons: scanning 28 behaviours
[20:45:48] Button hook complete — hooked 0 button(s)
[20:45:49] HookButtons: scanning 28 behaviours
[20:45:49] Button hook complete — hooked 0 button(s)
[20:45:49] HookButtons: scanning 28 behaviours
[20:45:49] Button hook complete — hooked 0 button(s)
[20:45:49] HookButtons: scanning 28 behaviours
[20:45:49] Button hook complete — hooked 0 button(s)
[20:45:49] HookButtons: scanning 28 behaviours
[20:45:49] Button hook complete — hooked 0 button(s)
[20:45:49] HookButtons: scanning 28 behaviours
[20:45:49] Button hook complete — hooked 0 button(s)
[20:45:49] HookButtons: scanning 28 behaviours
[20:45:49] Button hook complete — hooked 0 button(s)
[20:45:50] HookButtons: scanning 28 behaviours
[20:45:50] Button hook complete — hooked 0 button(s)
[20:45:50] HookButtons: scanning 28 behaviours
[20:45:50] Button hook complete — hooked 0 button(s)
[20:45:50] HookButtons: scanning 28 behaviours
[20:45:50] Button hook complete — hooked 0 button(s)
[20:45:50] HookButtons: scanning 28 behaviours
[20:45:50] Button hook complete — hooked 0 button(s)
[20:45:50] HookButtons: scanning 28 behaviours
[20:45:50] Button hook complete — hooked 0 button(s)
[20:45:50] HookButtons: scanning 28 behaviours
[20:45:50] Button hook complete — hooked 0 button(s)
[20:45:51] HookButtons: scanning 28 behaviours
[20:45:51] Button hook complete — hooked 0 button(s)
[20:45:51] HookButtons: scanning 28 behaviours
[20:45:51] Button hook complete — hooked 0 button(s)
[20:45:51] HookButtons: scanning 28 behaviours
[20:45:51] Button hook complete — hooked 0 button(s)
[20:45:51] HookButtons: scanning 28 behaviours
[20:45:51] Button hook complete — hooked 0 button(s)
[20:45:51] HookButtons: scanning 28 behaviours
[20:45:51] Button hook complete — hooked 0 button(s)
[20:45:51] HookButtons: scanning 28 behaviours
[20:45:51] Button hook complete — hooked 0 button(s)
[20:45:52] HookButtons: scanning 28 behaviours
[20:45:52] Button hook complete — hooked 0 button(s)
[20:45:52] HookButtons: scanning 28 behaviours
[20:45:52] Button hook complete — hooked 0 button(s)
[20:45:52] HookButtons: scanning 28 behaviours
[20:45:52] Button hook complete — hooked 0 button(s)
[20:45:52] HookButtons: scanning 28 behaviours
[20:45:52] Button hook complete — hooked 0 button(s)
[20:45:52] HookButtons: scanning 28 behaviours
[20:45:52] Button hook complete — hooked 0 button(s)
[20:45:52] HookButtons: scanning 28 behaviours
[20:45:52] Button hook complete — hooked 0 button(s)
[20:45:53] HookButtons: scanning 28 behaviours
[20:45:53] Button hook complete — hooked 0 button(s)
[20:45:53] HookButtons: scanning 28 behaviours
[20:45:53] Button hook complete — hooked 0 button(s)
[20:45:53] HookButtons: scanning 28 behaviours
[20:45:53] Button hook complete — hooked 0 button(s)
[20:45:53] HookButtons: scanning 28 behaviours
[20:45:53] Button hook complete — hooked 0 button(s)
[20:45:53] HookButtons: scanning 28 behaviours
[20:45:53] Button hook complete — hooked 0 button(s)
[20:45:53] HookButtons: scanning 28 behaviours
[20:45:53] Button hook complete — hooked 0 button(s)
[20:45:54] HookButtons: scanning 28 behaviours
[20:45:54] Button hook complete — hooked 0 button(s)
[20:45:54] HookButtons: scanning 28 behaviours
[20:45:54] Button hook complete — hooked 0 button(s)
[20:45:54] HookButtons: scanning 28 behaviours
[20:45:54] Button hook complete — hooked 0 button(s)
[20:45:54] HookButtons: scanning 28 behaviours
[20:45:54] Button hook complete — hooked 0 button(s)
[20:45:54] HookButtons: scanning 28 behaviours
[20:45:54] Button hook complete — hooked 0 button(s)
[20:45:54] HookButtons: scanning 28 behaviours
[20:45:54] Button hook complete — hooked 0 button(s)
[20:45:55] HookButtons: scanning 28 behaviours
[20:45:55] Button hook complete — hooked 0 button(s)
[20:45:55] HookButtons: scanning 28 behaviours
[20:45:55] Button hook complete — hooked 0 button(s)
[20:45:55] HookButtons: scanning 28 behaviours
[20:45:55] Button hook complete — hooked 0 button(s)
[20:45:55] HookButtons: scanning 28 behaviours
[20:45:55] Button hook complete — hooked 0 button(s)
[20:45:55] HookButtons: scanning 28 behaviours
[20:45:55] Button hook complete — hooked 0 button(s)
[20:45:55] HookButtons: scanning 28 behaviours
[20:45:55] Button hook complete — hooked 0 button(s)
[20:45:56] HookButtons: scanning 28 behaviours
[20:45:56] Button hook complete — hooked 0 button(s)
[20:45:56] HookButtons: scanning 28 behaviours
[20:45:56] Button hook complete — hooked 0 button(s)
[20:45:56] HookButtons: scanning 28 behaviours
[20:45:56] Button hook complete — hooked 0 button(s)
[20:45:56] HookButtons: scanning 28 behaviours
[20:45:56] Button hook complete — hooked 0 button(s)
[20:45:56] HookButtons: scanning 28 behaviours
[20:45:56] Button hook complete — hooked 0 button(s)
[20:45:56] HookButtons: scanning 28 behaviours
[20:45:56] Button hook complete — hooked 0 button(s)
[20:45:56] HookButtons: scanning 28 behaviours
[20:45:56] Button hook complete — hooked 0 button(s)
[20:45:57] HookButtons: scanning 28 behaviours
[20:45:57] Button hook complete — hooked 0 button(s)
[20:45:57] HookButtons: scanning 28 behaviours
[20:45:57] Button hook complete — hooked 0 button(s)
[20:45:57] HookButtons: scanning 28 behaviours
[20:45:57] Button hook complete — hooked 0 button(s)
[20:45:57] HookButtons: scanning 28 behaviours
[20:45:57] Button hook complete — hooked 0 button(s)
[20:45:57] HookButtons: scanning 28 behaviours
[20:45:57] Button hook complete — hooked 0 button(s)
[20:45:57] HookButtons: scanning 28 behaviours
[20:45:57] Button hook complete — hooked 0 button(s)
[20:45:58] HookButtons: scanning 28 behaviours
[20:45:58] Button hook complete — hooked 0 button(s)
[20:45:58] HookButtons: scanning 28 behaviours
[20:45:58] Button hook complete — hooked 0 button(s)
[20:45:58] HookButtons: scanning 28 behaviours
[20:45:58] Button hook complete — hooked 0 button(s)
[20:45:58] HookButtons: scanning 28 behaviours
[20:45:58] Button hook complete — hooked 0 button(s)
[20:45:58] HookButtons: scanning 28 behaviours
[20:45:58] Button hook complete — hooked 0 button(s)
[20:45:58] HookButtons: scanning 28 behaviours
[20:45:58] Button hook complete — hooked 0 button(s)
[20:45:59] HookButtons: scanning 28 behaviours
[20:45:59] Button hook complete — hooked 0 button(s)
[20:45:59] HookButtons: scanning 28 behaviours
[20:45:59] Button hook complete — hooked 0 button(s)
[20:45:59] HookButtons: scanning 28 behaviours
[20:45:59] Button hook complete — hooked 0 button(s)
[20:45:59] HookButtons: scanning 28 behaviours
[20:45:59] Button hook complete — hooked 0 button(s)
[20:45:59] HookButtons: scanning 28 behaviours
[20:45:59] Button hook complete — hooked 0 button(s)
[20:45:59] HookButtons: scanning 28 behaviours
[20:45:59] Button hook complete — hooked 0 button(s)
[20:46:00] HookButtons: scanning 28 behaviours
[20:46:00] Button hook complete — hooked 0 button(s)
[20:46:00] HookButtons: scanning 28 behaviours
[20:46:00] Button hook complete — hooked 0 button(s)
[20:46:00] HookButtons: scanning 28 behaviours
[20:46:00] Button hook complete — hooked 0 button(s)
[20:46:00] HookButtons: scanning 28 behaviours
[20:46:00] Button hook complete — hooked 0 button(s)
[20:46:00] HookButtons: scanning 28 behaviours
[20:46:00] Button hook complete — hooked 0 button(s)
[20:46:00] HookButtons: scanning 28 behaviours
[20:46:00] Button hook complete — hooked 0 button(s)
[20:46:01] HookButtons: scanning 28 behaviours
[20:46:01] Button hook complete — hooked 0 button(s)
[20:46:01] HookButtons: scanning 28 behaviours
[20:46:01] Button hook complete — hooked 0 button(s)
[20:46:01] HookButtons: scanning 28 behaviours
[20:46:01] Button hook complete — hooked 0 button(s)
[20:46:01] HookButtons: scanning 28 behaviours
[20:46:01] Button hook complete — hooked 0 button(s)
[20:46:01] HookButtons: scanning 28 behaviours
[20:46:01] Button hook complete — hooked 0 button(s)
[20:46:01] HookButtons: scanning 28 behaviours
[20:46:01] Button hook complete — hooked 0 button(s)
[20:46:02] HookButtons: scanning 28 behaviours
[20:46:02] Button hook complete — hooked 0 button(s)
[20:46:02] HookButtons: scanning 28 behaviours
[20:46:02] Button hook complete — hooked 0 button(s)
[20:46:02] HookButtons: scanning 28 behaviours
[20:46:02] Button hook complete — hooked 0 button(s)
[20:46:02] HookButtons: scanning 28 behaviours
[20:46:02] Button hook complete — hooked 0 button(s)
[20:46:02] HookButtons: scanning 28 behaviours
[20:46:02] Button hook complete — hooked 0 button(s)
[20:46:02] HookButtons: scanning 28 behaviours
[20:46:02] Button hook complete — hooked 0 button(s)
[20:46:03] HookButtons: scanning 28 behaviours
[20:46:03] Button hook complete — hooked 0 button(s)
[20:46:03] HookButtons: scanning 28 behaviours
[20:46:03] Button hook complete — hooked 0 button(s)
[20:46:03] HookButtons: scanning 28 behaviours
[20:46:03] Button hook complete — hooked 0 button(s)
[20:46:03] HookButtons: scanning 28 behaviours
[20:46:03] Button hook complete — hooked 0 button(s)
[20:46:03] HookButtons: scanning 28 behaviours
[20:46:03] Button hook complete — hooked 0 button(s)
[20:46:03] HookButtons: scanning 28 behaviours
[20:46:03] Button hook complete — hooked 0 button(s)
[20:46:04] HookButtons: scanning 28 behaviours
[20:46:04] Button hook complete — hooked 0 button(s)
[20:46:04] HookButtons: scanning 28 behaviours
[20:46:04] Button hook complete — hooked 0 button(s)
[20:46:04] HookButtons: scanning 28 behaviours
[20:46:04] Button hook complete — hooked 0 button(s)
[20:46:04] HookButtons: scanning 28 behaviours
[20:46:04] Button hook complete — hooked 0 button(s)
[20:46:04] HookButtons: scanning 28 behaviours
[20:46:04] Button hook complete — hooked 0 button(s)
[20:46:04] HookButtons: scanning 28 behaviours
[20:46:04] Button hook complete — hooked 0 button(s)
[20:46:05] HookButtons: scanning 28 behaviours
[20:46:05] Button hook complete — hooked 0 button(s)
[20:46:05] HookButtons: scanning 28 behaviours
[20:46:05] Button hook complete — hooked 0 button(s)
[20:46:05] HookButtons: scanning 28 behaviours
[20:46:05] Button hook complete — hooked 0 button(s)
[20:46:05] HookButtons: scanning 28 behaviours
[20:46:05] Button hook complete — hooked 0 button(s)
[20:46:05] HookButtons: scanning 28 behaviours
[20:46:05] Button hook complete — hooked 0 button(s)
[20:46:05] HookButtons: scanning 28 behaviours
[20:46:05] Button hook complete — hooked 0 button(s)
[20:46:06] HookButtons: scanning 28 behaviours
[20:46:06] Button hook complete — hooked 0 button(s)
[20:46:06] HookButtons: scanning 28 behaviours
[20:46:06] Button hook complete — hooked 0 button(s)
[20:46:06] HookButtons: scanning 28 behaviours
[20:46:06] Button hook complete — hooked 0 button(s)
[20:46:06] HookButtons: scanning 28 behaviours
[20:46:06] Button hook complete — hooked 0 button(s)
[20:46:06] HookButtons: scanning 28 behaviours
[20:46:06] Button hook complete — hooked 0 button(s)
[20:46:06] HookButtons: scanning 28 behaviours
[20:46:06] Button hook complete — hooked 0 button(s)
[20:46:07] HookButtons: scanning 28 behaviours
[20:46:07] Button hook complete — hooked 0 button(s)
[20:46:07] HookButtons: scanning 28 behaviours
[20:46:07] Button hook complete — hooked 0 button(s)
[20:46:07] HookButtons: scanning 28 behaviours
[20:46:07] Button hook complete — hooked 0 button(s)
[20:46:07] HookButtons: scanning 28 behaviours
[20:46:07] Button hook complete — hooked 0 button(s)
[20:46:07] HookButtons: scanning 28 behaviours
[20:46:07] Button hook complete — hooked 0 button(s)
[20:46:07] HookButtons: scanning 28 behaviours
[20:46:07] Button hook complete — hooked 0 button(s)
[20:46:08] HookButtons: scanning 28 behaviours
[20:46:08] Button hook complete — hooked 0 button(s)
[20:46:08] HookButtons: scanning 28 behaviours
[20:46:08] Button hook complete — hooked 0 button(s)
[20:46:08] HookButtons: scanning 28 behaviours
[20:46:08] Button hook complete — hooked 0 button(s)
[20:46:08] HookButtons: scanning 28 behaviours
[20:46:08] Button hook complete — hooked 0 button(s)
[20:46:08] HookButtons: scanning 28 behaviours
[20:46:08] Button hook complete — hooked 0 button(s)
[20:46:08] HookButtons: scanning 28 behaviours
[20:46:08] Button hook complete — hooked 0 button(s)
[20:46:09] HookButtons: scanning 28 behaviours
[20:46:09] Button hook complete — hooked 0 button(s)
[20:46:09] HookButtons: scanning 28 behaviours
[20:46:09] Button hook complete — hooked 0 button(s)
[20:46:09] HookButtons: scanning 28 behaviours
[20:46:09] Button hook complete — hooked 0 button(s)
[20:46:09] HookButtons: scanning 28 behaviours
[20:46:09] Button hook complete — hooked 0 button(s)
[20:46:09] HookButtons: scanning 28 behaviours
[20:46:09] Button hook complete — hooked 0 button(s)
[20:46:09] HookButtons: scanning 28 behaviours
[20:46:09] Button hook complete — hooked 0 button(s)
[20:46:10] HookButtons: scanning 28 behaviours
[20:46:10] Button hook complete — hooked 0 button(s)
[20:46:10] HookButtons: scanning 28 behaviours
[20:46:10] Button hook complete — hooked 0 button(s)
[20:46:10] HookButtons: scanning 28 behaviours
[20:46:10] Button hook complete — hooked 0 button(s)
[20:46:10] HookButtons: scanning 28 behaviours
[20:46:10] Button hook complete — hooked 0 button(s)
[20:46:10] HookButtons: scanning 28 behaviours
[20:46:10] Button hook complete — hooked 0 button(s)
[20:46:10] HookButtons: scanning 28 behaviours
[20:46:10] Button hook complete — hooked 0 button(s)
[20:46:11] HookButtons: scanning 28 behaviours
[20:46:11] Button hook complete — hooked 0 button(s)
[20:46:11] HookButtons: scanning 28 behaviours
[20:46:11] Button hook complete — hooked 0 button(s)
[20:46:11] HookButtons: scanning 28 behaviours
[20:46:11] Button hook complete — hooked 0 button(s)
[20:46:11] HookButtons: scanning 28 behaviours
[20:46:11] Button hook complete — hooked 0 button(s)
[20:46:11] HookButtons: scanning 28 behaviours
[20:46:11] Button hook complete — hooked 0 button(s)
[20:46:11] HookButtons: scanning 28 behaviours
[20:46:11] Button hook complete — hooked 0 button(s)
[20:46:12] HookButtons: scanning 28 behaviours
[20:46:12] Button hook complete — hooked 0 button(s)
[20:46:12] HookButtons: scanning 28 behaviours
[20:46:12] Button hook complete — hooked 0 button(s)
[20:46:12] HookButtons: scanning 28 behaviours
[20:46:12] Button hook complete — hooked 0 button(s)
[20:46:12] HookButtons: scanning 28 behaviours
[20:46:12] Button hook complete — hooked 0 button(s)
[20:46:12] HookButtons: scanning 28 behaviours
[20:46:12] Button hook complete — hooked 0 button(s)
[20:46:12] HookButtons: scanning 28 behaviours
[20:46:12] Button hook complete — hooked 0 button(s)
[20:46:13] HookButtons: scanning 28 behaviours
[20:46:13] Button hook complete — hooked 0 button(s)
[20:46:13] HookButtons: scanning 28 behaviours
[20:46:13] Button hook complete — hooked 0 button(s)
[20:46:13] HookButtons: scanning 28 behaviours
[20:46:13] Button hook complete — hooked 0 button(s)
[20:46:13] HookButtons: scanning 28 behaviours
[20:46:13] Button hook complete — hooked 0 button(s)
[20:46:13] HookButtons: scanning 28 behaviours
[20:46:13] Button hook complete — hooked 0 button(s)
[20:46:13] HookButtons: scanning 28 behaviours
[20:46:13] Button hook complete — hooked 0 button(s)
[20:46:14] HookButtons: scanning 28 behaviours
[20:46:14] Button hook complete — hooked 0 button(s)
[20:46:14] HookButtons: scanning 28 behaviours
[20:46:14] Button hook complete — hooked 0 button(s)
[20:46:14] HookButtons: scanning 28 behaviours
[20:46:14] Button hook complete — hooked 0 button(s)
[20:46:14] HookButtons: scanning 28 behaviours
[20:46:14] Button hook complete — hooked 0 button(s)
[20:46:14] HookButtons: scanning 28 behaviours
[20:46:14] Button hook complete — hooked 0 button(s)
[20:46:14] HookButtons: scanning 28 behaviours
[20:46:14] Button hook complete — hooked 0 button(s)
[20:46:15] HookButtons: scanning 28 behaviours
[20:46:15] Button hook complete — hooked 0 button(s)
[20:46:15] HookButtons: scanning 28 behaviours
[20:46:15] Button hook complete — hooked 0 button(s)
[20:46:15] HookButtons: scanning 28 behaviours
[20:46:15] Button hook complete — hooked 0 button(s)
[20:46:15] HookButtons: scanning 28 behaviours
[20:46:15] Button hook complete — hooked 0 button(s)
[20:46:15] HookButtons: scanning 28 behaviours
[20:46:15] Button hook complete — hooked 0 button(s)
[20:46:15] HookButtons: scanning 28 behaviours
[20:46:15] Button hook complete — hooked 0 button(s)
[20:46:16] HookButtons: scanning 28 behaviours
[20:46:16] Button hook complete — hooked 0 button(s)
[20:46:16] HookButtons: scanning 28 behaviours
[20:46:16] Button hook complete — hooked 0 button(s)
[20:46:16] HookButtons: scanning 28 behaviours
[20:46:16] Button hook complete — hooked 0 button(s)
[20:46:16] HookButtons: scanning 28 behaviours
[20:46:16] Button hook complete — hooked 0 button(s)
[20:46:16] HookButtons: scanning 28 behaviours
[20:46:16] Button hook complete — hooked 0 button(s)
[20:46:16] HookButtons: scanning 28 behaviours
[20:46:16] Button hook complete — hooked 0 button(s)
[20:46:17] HookButtons: scanning 28 behaviours
[20:46:17] Button hook complete — hooked 0 button(s)
[20:46:17] HookButtons: scanning 28 behaviours
[20:46:17] Button hook complete — hooked 0 button(s)
[20:46:17] HookButtons: scanning 28 behaviours
[20:46:17] Button hook complete — hooked 0 button(s)
[20:46:17] HookButtons: scanning 28 behaviours
[20:46:17] Button hook complete — hooked 0 button(s)
[20:46:17] HookButtons: scanning 28 behaviours
[20:46:17] Button hook complete — hooked 0 button(s)
[20:46:17] HookButtons: scanning 28 behaviours
[20:46:17] Button hook complete — hooked 0 button(s)
[20:46:17] HookButtons: scanning 28 behaviours
[20:46:17] Button hook complete — hooked 0 button(s)
[20:46:18] HookButtons: scanning 28 behaviours
[20:46:18] Button hook complete — hooked 0 button(s)
[20:46:18] HookButtons: scanning 28 behaviours
[20:46:18] Button hook complete — hooked 0 button(s)
[20:46:18] HookButtons: scanning 28 behaviours
[20:46:18] Button hook complete — hooked 0 button(s)
[20:46:18] HookButtons: scanning 28 behaviours
[20:46:18] Button hook complete — hooked 0 button(s)
[20:46:18] HookButtons: scanning 28 behaviours
[20:46:18] Button hook complete — hooked 0 button(s)
[20:46:18] HookButtons: scanning 28 behaviours
[20:46:18] Button hook complete — hooked 0 button(s)
[20:46:19] HookButtons: scanning 28 behaviours
[20:46:19] Button hook complete — hooked 0 button(s)
[20:46:19] HookButtons: scanning 28 behaviours
[20:46:19] Button hook complete — hooked 0 button(s)
[20:46:19] HookButtons: scanning 28 behaviours
[20:46:19] Button hook complete — hooked 0 button(s)
[20:46:19] HookButtons: scanning 28 behaviours
[20:46:19] Button hook complete — hooked 0 button(s)
[20:46:19] HookButtons: scanning 28 behaviours
[20:46:19] Button hook complete — hooked 0 button(s)
[20:46:19] HookButtons: scanning 28 behaviours
[20:46:19] Button hook complete — hooked 0 button(s)
[20:46:20] HookButtons: scanning 28 behaviours
[20:46:20] Button hook complete — hooked 0 button(s)
[20:46:20] HookButtons: scanning 28 behaviours
[20:46:20] Button hook complete — hooked 0 button(s)
[20:46:20] HookButtons: scanning 28 behaviours
[20:46:20] Button hook complete — hooked 0 button(s)
[20:46:20] HookButtons: scanning 28 behaviours
[20:46:20] Button hook complete — hooked 0 button(s)
[20:46:20] HookButtons: scanning 28 behaviours
[20:46:20] Button hook complete — hooked 0 button(s)
[20:46:20] HookButtons: scanning 28 behaviours
[20:46:20] Button hook complete — hooked 0 button(s)
[20:46:21] HookButtons: scanning 28 behaviours
[20:46:21] Button hook complete — hooked 0 button(s)
[20:46:21] HookButtons: scanning 28 behaviours
[20:46:21] Button hook complete — hooked 0 button(s)
[20:46:21] HookButtons: scanning 28 behaviours
[20:46:21] Button hook complete — hooked 0 button(s)
[20:46:21] HookButtons: scanning 28 behaviours
[20:46:21] Button hook complete — hooked 0 button(s)
[20:46:21] HookButtons: scanning 28 behaviours
[20:46:21] Button hook complete — hooked 0 button(s)
[20:46:21] HookButtons: scanning 28 behaviours
[20:46:21] Button hook complete — hooked 0 button(s)
[20:46:22] HookButtons: scanning 28 behaviours
[20:46:22] Button hook complete — hooked 0 button(s)
[20:46:22] HookButtons: scanning 28 behaviours
[20:46:22] Button hook complete — hooked 0 button(s)
[20:46:22] HookButtons: scanning 28 behaviours
[20:46:22] Button hook complete — hooked 0 button(s)
[20:46:22] HookButtons: scanning 28 behaviours
[20:46:22] Button hook complete — hooked 0 button(s)
[20:46:22] HookButtons: scanning 28 behaviours
[20:46:22] Button hook complete — hooked 0 button(s)
[20:46:22] HookButtons: scanning 28 behaviours
[20:46:22] Button hook complete — hooked 0 button(s)
[20:46:23] HookButtons: scanning 28 behaviours
[20:46:23] Button hook complete — hooked 0 button(s)
[20:46:23] HookButtons: scanning 28 behaviours
[20:46:23] Button hook complete — hooked 0 button(s)
[20:46:23] HookButtons: scanning 28 behaviours
[20:46:23] Button hook complete — hooked 0 button(s)
[20:46:23] HookButtons: scanning 28 behaviours
[20:46:23] Button hook complete — hooked 0 button(s)
[20:46:23] HookButtons: scanning 28 behaviours
[20:46:23] Button hook complete — hooked 0 button(s)
[20:46:23] HookButtons: scanning 28 behaviours
[20:46:23] Button hook complete — hooked 0 button(s)
[20:46:24] HookButtons: scanning 28 behaviours
[20:46:24] Button hook complete — hooked 0 button(s)
[20:46:24] HookButtons: scanning 28 behaviours
[20:46:24] Button hook complete — hooked 0 button(s)
[20:46:24] HookButtons: scanning 28 behaviours
[20:46:24] Button hook complete — hooked 0 button(s)
[20:46:24] HookButtons: scanning 28 behaviours
[20:46:24] Button hook complete — hooked 0 button(s)
[20:46:24] HookButtons: scanning 28 behaviours
[20:46:24] Button hook complete — hooked 0 button(s)
[20:46:24] HookButtons: scanning 28 behaviours
[20:46:24] Button hook complete — hooked 0 button(s)
[20:46:25] HookButtons: scanning 28 behaviours
[20:46:25] Button hook complete — hooked 0 button(s)
[20:46:25] HookButtons: scanning 28 behaviours
[20:46:25] Button hook complete — hooked 0 button(s)
[20:46:25] HookButtons: scanning 28 behaviours
[20:46:25] Button hook complete — hooked 0 button(s)
[20:46:25] HookButtons: scanning 28 behaviours
[20:46:25] Button hook complete — hooked 0 button(s)
[20:46:25] HookButtons: scanning 28 behaviours
[20:46:25] Button hook complete — hooked 0 button(s)
[20:46:25] HookButtons: scanning 28 behaviours
[20:46:25] Button hook complete — hooked 0 button(s)
[20:46:26] HookButtons: scanning 28 behaviours
[20:46:26] Button hook complete — hooked 0 button(s)
[20:46:26] HookButtons: scanning 28 behaviours
[20:46:26] Button hook complete — hooked 0 button(s)
[20:46:26] HookButtons: scanning 28 behaviours
[20:46:26] Button hook complete — hooked 0 button(s)
[20:46:26] HookButtons: scanning 28 behaviours
[20:46:26] Button hook complete — hooked 0 button(s)
[20:46:26] HookButtons: scanning 28 behaviours
[20:46:26] Button hook complete — hooked 0 button(s)
[20:46:26] HookButtons: scanning 28 behaviours
[20:46:26] Button hook complete — hooked 0 button(s)
[20:46:26] HookButtons: scanning 28 behaviours
[20:46:26] Button hook complete — hooked 0 button(s)
[20:46:27] HookButtons: scanning 28 behaviours
[20:46:27] Button hook complete — hooked 0 button(s)
[20:46:27] HookButtons: scanning 28 behaviours
[20:46:27] Button hook complete — hooked 0 button(s)
[20:46:27] HookButtons: scanning 28 behaviours
[20:46:27] Button hook complete — hooked 0 button(s)
[20:46:27] HookButtons: scanning 28 behaviours
[20:46:27] Button hook complete — hooked 0 button(s)
[20:46:27] HookButtons: scanning 28 behaviours
[20:46:27] Button hook complete — hooked 0 button(s)
[20:46:27] HookButtons: scanning 28 behaviours
[20:46:27] Button hook complete — hooked 0 button(s)
[20:46:28] HookButtons: scanning 28 behaviours
[20:46:28] Button hook complete — hooked 0 button(s)
[20:46:28] HookButtons: scanning 28 behaviours
[20:46:28] Button hook complete — hooked 0 button(s)
[20:46:28] HookButtons: scanning 28 behaviours
[20:46:28] Button hook complete — hooked 0 button(s)
[20:46:28] HookButtons: scanning 28 behaviours
[20:46:28] Button hook complete — hooked 0 button(s)
[20:46:28] HookButtons: scanning 28 behaviours
[20:46:28] Button hook complete — hooked 0 button(s)
[20:46:28] HookButtons: scanning 28 behaviours
[20:46:28] Button hook complete — hooked 0 button(s)
[20:46:29] HookButtons: scanning 28 behaviours
[20:46:29] Button hook complete — hooked 0 button(s)
[20:46:29] HookButtons: scanning 28 behaviours
[20:46:29] Button hook complete — hooked 0 button(s)
[20:46:29] HookButtons: scanning 28 behaviours
[20:46:29] Button hook complete — hooked 0 button(s)
[20:46:29] HookButtons: scanning 28 behaviours
[20:46:29] Button hook complete — hooked 0 button(s)
[20:46:29] HookButtons: scanning 28 behaviours
[20:46:29] Button hook complete — hooked 0 button(s)
[20:46:29] HookButtons: scanning 28 behaviours
[20:46:29] Button hook complete — hooked 0 button(s)
[20:46:30] HookButtons: scanning 28 behaviours
[20:46:30] Button hook complete — hooked 0 button(s)
[20:46:30] HookButtons: scanning 28 behaviours
[20:46:30] Button hook complete — hooked 0 button(s)
[20:46:30] HookButtons: scanning 28 behaviours
[20:46:30] Button hook complete — hooked 0 button(s)
[20:46:30] HookButtons: scanning 28 behaviours
[20:46:30] Button hook complete — hooked 0 button(s)
[20:46:30] HookButtons: scanning 28 behaviours
[20:46:30] Button hook complete — hooked 0 button(s)
[20:46:30] HookButtons: scanning 28 behaviours
[20:46:30] Button hook complete — hooked 0 button(s)
[20:46:31] HookButtons: scanning 28 behaviours
[20:46:31] Button hook complete — hooked 0 button(s)
[20:46:31] HookButtons: scanning 28 behaviours
[20:46:31] Button hook complete — hooked 0 button(s)
[20:46:31] HookButtons: scanning 28 behaviours
[20:46:31] Button hook complete — hooked 0 button(s)
[20:46:31] HookButtons: scanning 28 behaviours
[20:46:31] Button hook complete — hooked 0 button(s)
[20:46:31] HookButtons: scanning 28 behaviours
[20:46:31] Button hook complete — hooked 0 button(s)
[20:46:31] HookButtons: scanning 28 behaviours
[20:46:31] Button hook complete — hooked 0 button(s)
[20:46:32] HookButtons: scanning 28 behaviours
[20:46:32] Button hook complete — hooked 0 button(s)
[20:46:32] HookButtons: scanning 28 behaviours
[20:46:32] Button hook complete — hooked 0 button(s)
[20:46:32] HookButtons: scanning 28 behaviours
[20:46:32] Button hook complete — hooked 0 button(s)
[20:46:32] HookButtons: scanning 28 behaviours
[20:46:32] Button hook complete — hooked 0 button(s)
[20:46:32] HookButtons: scanning 28 behaviours
[20:46:32] Button hook complete — hooked 0 button(s)
[20:46:32] HookButtons: scanning 28 behaviours
[20:46:32] Button hook complete — hooked 0 button(s)
[20:46:33] HookButtons: scanning 28 behaviours
[20:46:33] Button hook complete — hooked 0 button(s)
[20:46:33] HookButtons: scanning 28 behaviours
[20:46:33] Button hook complete — hooked 0 button(s)
[20:46:33] HookButtons: scanning 28 behaviours
[20:46:33] Button hook complete — hooked 0 button(s)
[20:46:33] HookButtons: scanning 28 behaviours
[20:46:33] Button hook complete — hooked 0 button(s)
[20:46:33] HookButtons: scanning 28 behaviours
[20:46:33] Button hook complete — hooked 0 button(s)
[20:46:33] HookButtons: scanning 28 behaviours
[20:46:33] Button hook complete — hooked 0 button(s)
[20:46:34] HookButtons: scanning 28 behaviours
[20:46:34] Button hook complete — hooked 0 button(s)
[20:46:34] HookButtons: scanning 28 behaviours
[20:46:34] Button hook complete — hooked 0 button(s)
[20:46:34] HookButtons: scanning 28 behaviours
[20:46:34] Button hook complete — hooked 0 button(s)
[20:46:34] HookButtons: scanning 28 behaviours
[20:46:34] Button hook complete — hooked 0 button(s)
[20:46:34] HookButtons: scanning 28 behaviours
[20:46:34] Button hook complete — hooked 0 button(s)
[20:46:34] HookButtons: scanning 28 behaviours
[20:46:34] Button hook complete — hooked 0 button(s)
[20:46:35] HookButtons: scanning 28 behaviours
[20:46:35] Button hook complete — hooked 0 button(s)
[20:46:35] HookButtons: scanning 28 behaviours
[20:46:35] Button hook complete — hooked 0 button(s)
[20:46:35] HookButtons: scanning 28 behaviours
[20:46:35] Button hook complete — hooked 0 button(s)
[20:46:35] HookButtons: scanning 28 behaviours
[20:46:35] Button hook complete — hooked 0 button(s)
[20:46:35] HookButtons: scanning 28 behaviours
[20:46:35] Button hook complete — hooked 0 button(s)
[20:46:35] HookButtons: scanning 28 behaviours
[20:46:35] Button hook complete — hooked 0 button(s)
[20:46:36] HookButtons: scanning 28 behaviours
[20:46:36] Button hook complete — hooked 0 button(s)
[20:46:36] HookButtons: scanning 28 behaviours
[20:46:36] Button hook complete — hooked 0 button(s)
[20:46:36] HookButtons: scanning 28 behaviours
[20:46:36] Button hook complete — hooked 0 button(s)
[20:46:36] HookButtons: scanning 28 behaviours
[20:46:36] Button hook complete — hooked 0 button(s)
[20:46:36] HookButtons: scanning 28 behaviours
[20:46:36] Button hook complete — hooked 0 button(s)
[20:46:36] HookButtons: scanning 28 behaviours
[20:46:36] Button hook complete — hooked 0 button(s)
[20:46:37] HookButtons: scanning 28 behaviours
[20:46:37] Button hook complete — hooked 0 button(s)
[20:46:37] HookButtons: scanning 28 behaviours
[20:46:37] Button hook complete — hooked 0 button(s)
[20:46:37] HookButtons: scanning 28 behaviours
[20:46:37] Button hook complete — hooked 0 button(s)
[20:46:37] HookButtons: scanning 28 behaviours
[20:46:37] Button hook complete — hooked 0 button(s)
[20:46:37] HookButtons: scanning 28 behaviours
[20:46:37] Button hook complete — hooked 0 button(s)
[20:46:37] HookButtons: scanning 28 behaviours
[20:46:37] Button hook complete — hooked 0 button(s)
[20:46:38] HookButtons: scanning 28 behaviours
[20:46:38] Button hook complete — hooked 0 button(s)
[20:46:38] HookButtons: scanning 28 behaviours
[20:46:38] Button hook complete — hooked 0 button(s)
[20:46:38] HookButtons: scanning 28 behaviours
[20:46:38] Button hook complete — hooked 0 button(s)
[20:46:38] HookButtons: scanning 28 behaviours
[20:46:38] Button hook complete — hooked 0 button(s)
[20:46:38] HookButtons: scanning 28 behaviours
[20:46:38] Button hook complete — hooked 0 button(s)
[20:46:38] HookButtons: scanning 28 behaviours
[20:46:38] Button hook complete — hooked 0 button(s)
[20:46:39] HookButtons: scanning 28 behaviours
[20:46:39] Button hook complete — hooked 0 button(s)
[20:46:39] HookButtons: scanning 28 behaviours
[20:46:39] Button hook complete — hooked 0 button(s)
[20:46:39] HookButtons: scanning 28 behaviours
[20:46:39] Button hook complete — hooked 0 button(s)
[20:46:39] HookButtons: scanning 28 behaviours
[20:46:39] Button hook complete — hooked 0 button(s)
[20:46:39] HookButtons: scanning 28 behaviours
[20:46:39] Button hook complete — hooked 0 button(s)
[20:46:39] HookButtons: scanning 28 behaviours
[20:46:39] Button hook complete — hooked 0 button(s)
[20:46:40] HookButtons: scanning 28 behaviours
[20:46:40] Button hook complete — hooked 0 button(s)
[20:46:40] HookButtons: scanning 28 behaviours
[20:46:40] Button hook complete — hooked 0 button(s)
[20:46:40] HookButtons: scanning 28 behaviours
[20:46:40] Button hook complete — hooked 0 button(s)
[20:46:40] HookButtons: scanning 28 behaviours
[20:46:40] Button hook complete — hooked 0 button(s)
[20:46:40] HookButtons: scanning 28 behaviours
[20:46:40] Button hook complete — hooked 0 button(s)
[20:46:40] HookButtons: scanning 28 behaviours
[20:46:40] Button hook complete — hooked 0 button(s)
[20:46:40] HookButtons: scanning 28 behaviours
[20:46:40] Button hook complete — hooked 0 button(s)
[20:46:41] HookButtons: scanning 28 behaviours
[20:46:41] Button hook complete — hooked 0 button(s)
[20:46:41] HookButtons: scanning 28 behaviours
[20:46:41] Button hook complete — hooked 0 button(s)
[20:46:41] HookButtons: scanning 28 behaviours
[20:46:41] Button hook complete — hooked 0 button(s)
[20:46:41] HookButtons: scanning 28 behaviours
[20:46:41] Button hook complete — hooked 0 button(s)
[20:46:41] HookButtons: scanning 28 behaviours
[20:46:41] Button hook complete — hooked 0 button(s)
[20:46:41] HookButtons: scanning 28 behaviours
[20:46:41] Button hook complete — hooked 0 button(s)
[20:46:42] HookButtons: scanning 28 behaviours
[20:46:42] Button hook complete — hooked 0 button(s)
[20:46:42] HookButtons: scanning 28 behaviours
[20:46:42] Button hook complete — hooked 0 button(s)
[20:46:42] HookButtons: scanning 28 behaviours
[20:46:42] Button hook complete — hooked 0 button(s)
[20:46:42] HookButtons: scanning 28 behaviours
[20:46:42] Button hook complete — hooked 0 button(s)
[20:46:42] HookButtons: scanning 28 behaviours
[20:46:42] Button hook complete — hooked 0 button(s)
[20:46:42] HookButtons: scanning 28 behaviours
[20:46:42] Button hook complete — hooked 0 button(s)
[20:46:43] HookButtons: scanning 28 behaviours
[20:46:43] Button hook complete — hooked 0 button(s)
[20:46:43] HookButtons: scanning 28 behaviours
[20:46:43] Button hook complete — hooked 0 button(s)
[20:46:43] HookButtons: scanning 28 behaviours
[20:46:43] Button hook complete — hooked 0 button(s)
[20:46:43] HookButtons: scanning 28 behaviours
[20:46:43] Button hook complete — hooked 0 button(s)
[20:46:43] HookButtons: scanning 28 behaviours
[20:46:43] Button hook complete — hooked 0 button(s)
[20:46:43] HookButtons: scanning 28 behaviours
[20:46:43] Button hook complete — hooked 0 button(s)
[20:46:44] HookButtons: scanning 28 behaviours
[20:46:44] Button hook complete — hooked 0 button(s)
[20:46:44] HookButtons: scanning 28 behaviours
[20:46:44] Button hook complete — hooked 0 button(s)
[20:46:44] HookButtons: scanning 28 behaviours
[20:46:44] Button hook complete — hooked 0 button(s)
[20:46:44] HookButtons: scanning 28 behaviours
[20:46:44] Button hook complete — hooked 0 button(s)
[20:46:44] HookButtons: scanning 28 behaviours
[20:46:44] Button hook complete — hooked 0 button(s)
[20:46:44] HookButtons: scanning 28 behaviours
[20:46:44] Button hook complete — hooked 0 button(s)
[20:46:45] HookButtons: scanning 28 behaviours
[20:46:45] Button hook complete — hooked 0 button(s)
[20:46:45] HookButtons: scanning 28 behaviours
[20:46:45] Button hook complete — hooked 0 button(s)
[20:46:45] HookButtons: scanning 28 behaviours
[20:46:45] Button hook complete — hooked 0 button(s)
[20:46:45] HookButtons: scanning 28 behaviours
[20:46:45] Button hook complete — hooked 0 button(s)
[20:46:45] HookButtons: scanning 28 behaviours
[20:46:45] Button hook complete — hooked 0 button(s)
[20:46:45] HookButtons: scanning 28 behaviours
[20:46:45] Button hook complete — hooked 0 button(s)
[20:46:46] HookButtons: scanning 28 behaviours
[20:46:46] Button hook complete — hooked 0 button(s)
[20:46:46] HookButtons: scanning 28 behaviours
[20:46:46] Button hook complete — hooked 0 button(s)
[20:46:46] HookButtons: scanning 28 behaviours
[20:46:46] Button hook complete — hooked 0 button(s)
[20:46:46] HookButtons: scanning 28 behaviours
[20:46:46] Button hook complete — hooked 0 button(s)
[20:46:46] HookButtons: scanning 28 behaviours
[20:46:46] Button hook complete — hooked 0 button(s)
[20:46:46] HookButtons: scanning 28 behaviours
[20:46:46] Button hook complete — hooked 0 button(s)
[20:46:47] HookButtons: scanning 28 behaviours
[20:46:47] Button hook complete — hooked 0 button(s)
[20:46:47] HookButtons: scanning 28 behaviours
[20:46:47] Button hook complete — hooked 0 button(s)
[20:46:47] HookButtons: scanning 28 behaviours
[20:46:47] Button hook complete — hooked 0 button(s)
[20:46:47] HookButtons: scanning 28 behaviours
[20:46:47] Button hook complete — hooked 0 button(s)
[20:46:47] HookButtons: scanning 28 behaviours
[20:46:47] Button hook complete — hooked 0 button(s)
[20:46:47] HookButtons: scanning 28 behaviours
[20:46:47] Button hook complete — hooked 0 button(s)
[20:46:48] HookButtons: scanning 28 behaviours
[20:46:48] Button hook complete — hooked 0 button(s)
[20:46:48] HookButtons: scanning 28 behaviours
[20:46:48] Button hook complete — hooked 0 button(s)
[20:46:48] HookButtons: scanning 28 behaviours
[20:46:48] Button hook complete — hooked 0 button(s)
[20:46:48] HookButtons: scanning 28 behaviours
[20:46:48] Button hook complete — hooked 0 button(s)
[20:46:48] HookButtons: scanning 28 behaviours
[20:46:48] Button hook complete — hooked 0 button(s)
[20:46:48] HookButtons: scanning 28 behaviours
[20:46:48] Button hook complete — hooked 0 button(s)
[20:46:49] HookButtons: scanning 28 behaviours
[20:46:49] Button hook complete — hooked 0 button(s)
[20:46:49] HookButtons: scanning 28 behaviours
[20:46:49] Button hook complete — hooked 0 button(s)
[20:46:49] HookButtons: scanning 28 behaviours
[20:46:49] Button hook complete — hooked 0 button(s)
[20:46:49] HookButtons: scanning 28 behaviours
[20:46:49] Button hook complete — hooked 0 button(s)
[20:46:49] HookButtons: scanning 28 behaviours
[20:46:49] Button hook complete — hooked 0 button(s)
[20:46:49] HookButtons: scanning 28 behaviours
[20:46:49] Button hook complete — hooked 0 button(s)
[20:46:50] HookButtons: scanning 28 behaviours
[20:46:50] Button hook complete — hooked 0 button(s)
[20:46:50] HookButtons: scanning 28 behaviours
[20:46:50] Button hook complete — hooked 0 button(s)
[20:46:50] HookButtons: scanning 28 behaviours
[20:46:50] Button hook complete — hooked 0 button(s)
[20:46:50] HookButtons: scanning 28 behaviours
[20:46:50] Button hook complete — hooked 0 button(s)
[20:46:50] HookButtons: scanning 28 behaviours
[20:46:50] Button hook complete — hooked 0 button(s)
[20:46:50] HookButtons: scanning 28 behaviours
[20:46:50] Button hook complete — hooked 0 button(s)
[20:46:51] HookButtons: scanning 28 behaviours
[20:46:51] Button hook complete — hooked 0 button(s)
[20:46:51] HookButtons: scanning 28 behaviours
[20:46:51] Button hook complete — hooked 0 button(s)
[20:46:51] HookButtons: scanning 28 behaviours
[20:46:51] Button hook complete — hooked 0 button(s)
[20:46:51] HookButtons: scanning 28 behaviours
[20:46:51] Button hook complete — hooked 0 button(s)
[20:46:51] HookButtons: scanning 28 behaviours
[20:46:51] Button hook complete — hooked 0 button(s)
[20:46:51] HookButtons: scanning 28 behaviours
[20:46:51] Button hook complete — hooked 0 button(s)
[20:46:52] HookButtons: scanning 28 behaviours
[20:46:52] Button hook complete — hooked 0 button(s)
[20:46:52] HookButtons: scanning 28 behaviours
[20:46:52] Button hook complete — hooked 0 button(s)
[20:46:52] HookButtons: scanning 28 behaviours
[20:46:52] Button hook complete — hooked 0 button(s)
[20:46:52] HookButtons: scanning 28 behaviours
[20:46:52] Button hook complete — hooked 0 button(s)
[20:46:52] HookButtons: scanning 28 behaviours
[20:46:52] Button hook complete — hooked 0 button(s)
[20:46:52] HookButtons: scanning 28 behaviours
[20:46:52] Button hook complete — hooked 0 button(s)
[20:46:53] HookButtons: scanning 28 behaviours
[20:46:53] Button hook complete — hooked 0 button(s)
[20:46:53] HookButtons: scanning 28 behaviours
[20:46:53] Button hook complete — hooked 0 button(s)
[20:46:53] HookButtons: scanning 28 behaviours
[20:46:53] Button hook complete — hooked 0 button(s)
[20:46:53] HookButtons: scanning 28 behaviours
[20:46:53] Button hook complete — hooked 0 button(s)
[20:46:53] HookButtons: scanning 28 behaviours
[20:46:53] Button hook complete — hooked 0 button(s)
[20:46:53] HookButtons: scanning 28 behaviours
[20:46:53] Button hook complete — hooked 0 button(s)
[20:46:54] HookButtons: scanning 28 behaviours
[20:46:54] Button hook complete — hooked 0 button(s)
[20:46:54] HookButtons: scanning 28 behaviours
[20:46:54] Button hook complete — hooked 0 button(s)
[20:46:54] HookButtons: scanning 28 behaviours
[20:46:54] Button hook complete — hooked 0 button(s)
[20:46:54] HookButtons: scanning 28 behaviours
[20:46:54] Button hook complete — hooked 0 button(s)
[20:46:54] HookButtons: scanning 28 behaviours
[20:46:54] Button hook complete — hooked 0 button(s)
[20:46:54] HookButtons: scanning 28 behaviours
[20:46:54] Button hook complete — hooked 0 button(s)
[20:46:55] HookButtons: scanning 28 behaviours
[20:46:55] Button hook complete — hooked 0 button(s)
[20:46:55] HookButtons: scanning 28 behaviours
[20:46:55] Button hook complete — hooked 0 button(s)
[20:46:55] HookButtons: scanning 28 behaviours
[20:46:55] Button hook complete — hooked 0 button(s)
[20:46:55] HookButtons: scanning 28 behaviours
[20:46:55] Button hook complete — hooked 0 button(s)
[20:46:55] HookButtons: scanning 28 behaviours
[20:46:55] Button hook complete — hooked 0 button(s)
[20:46:55] HookButtons: scanning 28 behaviours
[20:46:55] Button hook complete — hooked 0 button(s)
[20:46:56] HookButtons: scanning 28 behaviours
[20:46:56] Button hook complete — hooked 0 button(s)
[20:46:56] HookButtons: scanning 28 behaviours
[20:46:56] Button hook complete — hooked 0 button(s)
[20:46:56] HookButtons: scanning 28 behaviours
[20:46:56] Button hook complete — hooked 0 button(s)
[20:46:56] HookButtons: scanning 28 behaviours
[20:46:56] Button hook complete — hooked 0 button(s)
[20:46:56] HookButtons: scanning 28 behaviours
[20:46:56] Button hook complete — hooked 0 button(s)
[20:46:56] HookButtons: scanning 28 behaviours
[20:46:56] Button hook complete — hooked 0 button(s)
[20:46:57] HookButtons: scanning 28 behaviours
[20:46:57] Button hook complete — hooked 0 button(s)
[20:46:57] HookButtons: scanning 28 behaviours
[20:46:57] Button hook complete — hooked 0 button(s)
[20:46:57] HookButtons: scanning 28 behaviours
[20:46:57] Button hook complete — hooked 0 button(s)
[20:46:57] HookButtons: scanning 28 behaviours
[20:46:57] Button hook complete — hooked 0 button(s)
[20:46:57] HookButtons: scanning 28 behaviours
[20:46:57] Button hook complete — hooked 0 button(s)
[20:46:57] HookButtons: scanning 28 behaviours
[20:46:57] Button hook complete — hooked 0 button(s)
[20:46:58] HookButtons: scanning 28 behaviours
[20:46:58] Button hook complete — hooked 0 button(s)
[20:46:58] HookButtons: scanning 28 behaviours
[20:46:58] Button hook complete — hooked 0 button(s)
[20:46:58] HookButtons: scanning 28 behaviours
[20:46:58] Button hook complete — hooked 0 button(s)
[20:46:58] HookButtons: scanning 28 behaviours
[20:46:58] Button hook complete — hooked 0 button(s)
[20:46:58] HookButtons: scanning 28 behaviours
[20:46:58] Button hook complete — hooked 0 button(s)
[20:46:58] HookButtons: scanning 28 behaviours
[20:46:58] Button hook complete — hooked 0 button(s)
[20:46:59] HookButtons: scanning 28 behaviours
[20:46:59] Button hook complete — hooked 0 button(s)
[20:46:59] HookButtons: scanning 28 behaviours
[20:46:59] Button hook complete — hooked 0 button(s)
[20:46:59] HookButtons: scanning 28 behaviours
[20:46:59] Button hook complete — hooked 0 button(s)
[20:46:59] HookButtons: scanning 28 behaviours
[20:46:59] Button hook complete — hooked 0 button(s)
[20:46:59] HookButtons: scanning 28 behaviours
[20:46:59] Button hook complete — hooked 0 button(s)
[20:46:59] HookButtons: scanning 28 behaviours
[20:46:59] Button hook complete — hooked 0 button(s)
[20:47:00] HookButtons: scanning 28 behaviours
[20:47:00] Button hook complete — hooked 0 button(s)
[20:47:00] HookButtons: scanning 28 behaviours
[20:47:00] Button hook complete — hooked 0 button(s)
[20:47:00] HookButtons: scanning 28 behaviours
[20:47:00] Button hook complete — hooked 0 button(s)
[20:47:00] HookButtons: scanning 28 behaviours
[20:47:00] Button hook complete — hooked 0 button(s)
[20:47:00] HookButtons: scanning 28 behaviours
[20:47:00] Button hook complete — hooked 0 button(s)
[20:47:00] HookButtons: scanning 28 behaviours
[20:47:00] Button hook complete — hooked 0 button(s)
[20:47:01] HookButtons: scanning 28 behaviours
[20:47:01] Button hook complete — hooked 0 button(s)
[20:47:01] HookButtons: scanning 28 behaviours
[20:47:01] Button hook complete — hooked 0 button(s)
[20:47:01] HookButtons: scanning 28 behaviours
[20:47:01] Button hook complete — hooked 0 button(s)
[20:47:01] HookButtons: scanning 28 behaviours
[20:47:01] Button hook complete — hooked 0 button(s)
[20:47:01] HookButtons: scanning 28 behaviours
[20:47:01] Button hook complete — hooked 0 button(s)
[20:47:01] HookButtons: scanning 28 behaviours
[20:47:01] Button hook complete — hooked 0 button(s)
[20:47:02] HookButtons: scanning 28 behaviours
[20:47:02] Button hook complete — hooked 0 button(s)
[20:47:02] HookButtons: scanning 28 behaviours
[20:47:02] Button hook complete — hooked 0 button(s)
[20:47:02] HookButtons: scanning 28 behaviours
[20:47:02] Button hook complete — hooked 0 button(s)
[20:47:02] HookButtons: scanning 28 behaviours
[20:47:02] Button hook complete — hooked 0 button(s)
[20:47:02] HookButtons: scanning 28 behaviours
[20:47:02] Button hook complete — hooked 0 button(s)
[20:47:02] HookButtons: scanning 28 behaviours
[20:47:02] Button hook complete — hooked 0 button(s)
[20:47:03] HookButtons: scanning 28 behaviours
[20:47:03] Button hook complete — hooked 0 button(s)
[20:47:03] HookButtons: scanning 28 behaviours
[20:47:03] Button hook complete — hooked 0 button(s)
[20:47:03] HookButtons: scanning 28 behaviours
[20:47:03] Button hook complete — hooked 0 button(s)
[20:47:03] HookButtons: scanning 28 behaviours
[20:47:03] Button hook complete — hooked 0 button(s)
[20:47:03] HookButtons: scanning 28 behaviours
[20:47:03] Button hook complete — hooked 0 button(s)
[20:47:03] HookButtons: scanning 28 behaviours
[20:47:03] Button hook complete — hooked 0 button(s)
[20:47:04] HookButtons: scanning 28 behaviours
[20:47:04] Button hook complete — hooked 0 button(s)
[20:47:04] HookButtons: scanning 28 behaviours
[20:47:04] Button hook complete — hooked 0 button(s)
[20:47:04] HookButtons: scanning 28 behaviours
[20:47:04] Button hook complete — hooked 0 button(s)
[20:47:04] HookButtons: scanning 28 behaviours
[20:47:04] Button hook complete — hooked 0 button(s)
[20:47:04] HookButtons: scanning 28 behaviours
[20:47:04] Button hook complete — hooked 0 button(s)
[20:47:04] HookButtons: scanning 28 behaviours
[20:47:04] Button hook complete — hooked 0 button(s)
[20:47:05] HookButtons: scanning 28 behaviours
[20:47:05] Button hook complete — hooked 0 button(s)
[20:47:05] HookButtons: scanning 28 behaviours
[20:47:05] Button hook complete — hooked 0 button(s)
[20:47:05] HookButtons: scanning 28 behaviours
[20:47:05] Button hook complete — hooked 0 button(s)
[20:47:05] HookButtons: scanning 28 behaviours
[20:47:05] Button hook complete — hooked 0 button(s)
[20:47:05] HookButtons: scanning 28 behaviours
[20:47:05] Button hook complete — hooked 0 button(s)
[20:47:05] HookButtons: scanning 28 behaviours
[20:47:05] Button hook complete — hooked 0 button(s)
[20:47:05] HookButtons: scanning 28 behaviours
[20:47:05] Button hook complete — hooked 0 button(s)
[20:47:06] HookButtons: scanning 28 behaviours
[20:47:06] Button hook complete — hooked 0 button(s)
[20:47:06] HookButtons: scanning 28 behaviours
[20:47:06] Button hook complete — hooked 0 button(s)
[20:47:06] HookButtons: scanning 28 behaviours
[20:47:06] Button hook complete — hooked 0 button(s)
[20:47:06] HookButtons: scanning 28 behaviours
[20:47:06] Button hook complete — hooked 0 button(s)
[20:47:06] HookButtons: scanning 28 behaviours
[20:47:06] Button hook complete — hooked 0 button(s)
[20:47:06] HookButtons: scanning 28 behaviours
[20:47:06] Button hook complete — hooked 0 button(s)
[20:47:07] HookButtons: scanning 28 behaviours
[20:47:07] Button hook complete — hooked 0 button(s)
[20:47:07] HookButtons: scanning 28 behaviours
[20:47:07] Button hook complete — hooked 0 button(s)
[20:47:07] HookButtons: scanning 28 behaviours
[20:47:07] Button hook complete — hooked 0 button(s)
[20:47:07] HookButtons: scanning 28 behaviours
[20:47:07] Button hook complete — hooked 0 button(s)
[20:47:07] HookButtons: scanning 28 behaviours
[20:47:07] Button hook complete — hooked 0 button(s)
[20:47:07] HookButtons: scanning 28 behaviours
[20:47:07] Button hook complete — hooked 0 button(s)
[20:47:08] HookButtons: scanning 28 behaviours
[20:47:08] Button hook complete — hooked 0 button(s)
[20:47:08] HookButtons: scanning 28 behaviours
[20:47:08] Button hook complete — hooked 0 button(s)
[20:47:08] HookButtons: scanning 28 behaviours
[20:47:08] Button hook complete — hooked 0 button(s)
[20:47:08] HookButtons: scanning 28 behaviours
[20:47:08] Button hook complete — hooked 0 button(s)
[20:47:08] HookButtons: scanning 28 behaviours
[20:47:08] Button hook complete — hooked 0 button(s)
[20:47:08] HookButtons: scanning 28 behaviours
[20:47:08] Button hook complete — hooked 0 button(s)
[20:47:09] HookButtons: scanning 28 behaviours
[20:47:09] Button hook complete — hooked 0 button(s)
[20:47:09] HookButtons: scanning 28 behaviours
[20:47:09] Button hook complete — hooked 0 button(s)
[20:47:09] HookButtons: scanning 28 behaviours
[20:47:09] Button hook complete — hooked 0 button(s)
[20:47:09] HookButtons: scanning 28 behaviours
[20:47:09] Button hook complete — hooked 0 button(s)
[20:47:09] HookButtons: scanning 28 behaviours
[20:47:09] Button hook complete — hooked 0 button(s)
[20:47:09] HookButtons: scanning 28 behaviours
[20:47:09] Button hook complete — hooked 0 button(s)
[20:47:10] HookButtons: scanning 28 behaviours
[20:47:10] Button hook complete — hooked 0 button(s)
[20:47:10] HookButtons: scanning 28 behaviours
[20:47:10] Button hook complete — hooked 0 button(s)
[20:47:10] HookButtons: scanning 28 behaviours
[20:47:10] Button hook complete — hooked 0 button(s)
[20:47:10] HookButtons: scanning 28 behaviours
[20:47:10] Button hook complete — hooked 0 button(s)
[20:47:10] HookButtons: scanning 28 behaviours
[20:47:10] Button hook complete — hooked 0 button(s)
[20:47:10] HookButtons: scanning 28 behaviours
[20:47:10] Button hook complete — hooked 0 button(s)
[20:47:11] HookButtons: scanning 28 behaviours
[20:47:11] Button hook complete — hooked 0 button(s)
[20:47:11] HookButtons: scanning 28 behaviours
[20:47:11] Button hook complete — hooked 0 button(s)
[20:47:11] HookButtons: scanning 28 behaviours
[20:47:11] Button hook complete — hooked 0 button(s)
[20:47:11] HookButtons: scanning 28 behaviours
[20:47:11] Button hook complete — hooked 0 button(s)
[20:47:11] HookButtons: scanning 28 behaviours
[20:47:11] Button hook complete — hooked 0 button(s)
[20:47:11] HookButtons: scanning 28 behaviours
[20:47:11] Button hook complete — hooked 0 button(s)
[20:47:12] HookButtons: scanning 28 behaviours
[20:47:12] Button hook complete — hooked 0 button(s)
[20:47:12] HookButtons: scanning 28 behaviours
[20:47:12] Button hook complete — hooked 0 button(s)
[20:47:12] HookButtons: scanning 28 behaviours
[20:47:12] Button hook complete — hooked 0 button(s)
[20:47:12] HookButtons: scanning 28 behaviours
[20:47:12] Button hook complete — hooked 0 button(s)
[20:47:12] HookButtons: scanning 28 behaviours
[20:47:12] Button hook complete — hooked 0 button(s)
[20:47:12] HookButtons: scanning 28 behaviours
[20:47:12] Button hook complete — hooked 0 button(s)
[20:47:13] HookButtons: scanning 28 behaviours
[20:47:13] Button hook complete — hooked 0 button(s)
[20:47:13] HookButtons: scanning 28 behaviours
[20:47:13] Button hook complete — hooked 0 button(s)
[20:47:13] HookButtons: scanning 28 behaviours
[20:47:13] Button hook complete — hooked 0 button(s)
[20:47:13] HookButtons: scanning 28 behaviours
[20:47:13] Button hook complete — hooked 0 button(s)
[20:47:13] HookButtons: scanning 28 behaviours
[20:47:13] Button hook complete — hooked 0 button(s)
[20:47:13] HookButtons: scanning 28 behaviours
[20:47:13] Button hook complete — hooked 0 button(s)
[20:47:14] HookButtons: scanning 28 behaviours
[20:47:14] Button hook complete — hooked 0 button(s)
[20:47:14] HookButtons: scanning 28 behaviours
[20:47:14] Button hook complete — hooked 0 button(s)
[20:47:14] HookButtons: scanning 28 behaviours
[20:47:14] Button hook complete — hooked 0 button(s)
[20:47:14] HookButtons: scanning 28 behaviours
[20:47:14] Button hook complete — hooked 0 button(s)
[20:47:14] HookButtons: scanning 28 behaviours
[20:47:14] Button hook complete — hooked 0 button(s)
[20:47:14] HookButtons: scanning 28 behaviours
[20:47:14] Button hook complete — hooked 0 button(s)
[20:47:15] HookButtons: scanning 28 behaviours
[20:47:15] Button hook complete — hooked 0 button(s)
[20:47:15] HookButtons: scanning 28 behaviours
[20:47:15] Button hook complete — hooked 0 button(s)
[20:47:15] HookButtons: scanning 28 behaviours
[20:47:15] Button hook complete — hooked 0 button(s)
[20:47:15] HookButtons: scanning 28 behaviours
[20:47:15] Button hook complete — hooked 0 button(s)
[20:47:15] HookButtons: scanning 28 behaviours
[20:47:15] Button hook complete — hooked 0 button(s)
[20:47:15] HookButtons: scanning 28 behaviours
[20:47:15] Button hook complete — hooked 0 button(s)
[20:47:16] HookButtons: scanning 28 behaviours
[20:47:16] Button hook complete — hooked 0 button(s)
[20:47:16] HookButtons: scanning 28 behaviours
[20:47:16] Button hook complete — hooked 0 button(s)
[20:47:16] HookButtons: scanning 28 behaviours
[20:47:16] Button hook complete — hooked 0 button(s)
[20:47:16] HookButtons: scanning 28 behaviours
[20:47:16] Button hook complete — hooked 0 button(s)
[20:47:16] HookButtons: scanning 28 behaviours
[20:47:16] Button hook complete — hooked 0 button(s)
[20:47:16] HookButtons: scanning 28 behaviours
[20:47:16] Button hook complete — hooked 0 button(s)
[20:47:17] HookButtons: scanning 28 behaviours
[20:47:17] Button hook complete — hooked 0 button(s)
[20:47:17] HookButtons: scanning 28 behaviours
[20:47:17] Button hook complete — hooked 0 button(s)
[20:47:17] HookButtons: scanning 28 behaviours
[20:47:17] Button hook complete — hooked 0 button(s)
[20:47:17] HookButtons: scanning 28 behaviours
[20:47:17] Button hook complete — hooked 0 button(s)
[20:47:17] HookButtons: scanning 28 behaviours
[20:47:17] Button hook complete — hooked 0 button(s)
[20:47:17] HookButtons: scanning 28 behaviours
[20:47:17] Button hook complete — hooked 0 button(s)
[20:47:18] HookButtons: scanning 28 behaviours
[20:47:18] Button hook complete — hooked 0 button(s)
[20:47:18] HookButtons: scanning 28 behaviours
[20:47:18] Button hook complete — hooked 0 button(s)
[20:47:18] HookButtons: scanning 28 behaviours
[20:47:18] Button hook complete — hooked 0 button(s)
[20:47:18] HookButtons: scanning 28 behaviours
[20:47:18] Button hook complete — hooked 0 button(s)
[20:47:18] HookButtons: scanning 28 behaviours
[20:47:18] Button hook complete — hooked 0 button(s)
[20:47:18] HookButtons: scanning 28 behaviours
[20:47:18] Button hook complete — hooked 0 button(s)
[20:47:19] HookButtons: scanning 28 behaviours
[20:47:19] Button hook complete — hooked 0 button(s)
[20:47:19] HookButtons: scanning 28 behaviours
[20:47:19] Button hook complete — hooked 0 button(s)
[20:47:19] HookButtons: scanning 28 behaviours
[20:47:19] Button hook complete — hooked 0 button(s)
[20:47:19] HookButtons: scanning 28 behaviours
[20:47:19] Button hook complete — hooked 0 button(s)
[20:47:19] HookButtons: scanning 28 behaviours
[20:47:19] Button hook complete — hooked 0 button(s)
[20:47:19] HookButtons: scanning 28 behaviours
[20:47:19] Button hook complete — hooked 0 button(s)
[20:47:20] HookButtons: scanning 28 behaviours
[20:47:20] Button hook complete — hooked 0 button(s)
[20:47:20] HookButtons: scanning 28 behaviours
[20:47:20] Button hook complete — hooked 0 button(s)
[20:47:20] HookButtons: scanning 28 behaviours
[20:47:20] Button hook complete — hooked 0 button(s)
[20:47:20] HookButtons: scanning 28 behaviours
[20:47:20] Button hook complete — hooked 0 button(s)
[20:47:20] HookButtons: scanning 28 behaviours
[20:47:20] Button hook complete — hooked 0 button(s)
[20:47:20] HookButtons: scanning 28 behaviours
[20:47:20] Button hook complete — hooked 0 button(s)
[20:47:20] HookButtons: scanning 28 behaviours
[20:47:20] Button hook complete — hooked 0 button(s)
[20:47:21] HookButtons: scanning 28 behaviours
[20:47:21] Button hook complete — hooked 0 button(s)
[20:47:21] HookButtons: scanning 28 behaviours
[20:47:21] Button hook complete — hooked 0 button(s)
[20:47:21] HookButtons: scanning 28 behaviours
[20:47:21] Button hook complete — hooked 0 button(s)
[20:47:21] HookButtons: scanning 28 behaviours
[20:47:21] Button hook complete — hooked 0 button(s)
[20:47:21] HookButtons: scanning 28 behaviours
[20:47:21] Button hook complete — hooked 0 button(s)
[20:47:21] HookButtons: scanning 28 behaviours
[20:47:21] Button hook complete — hooked 0 button(s)
[20:47:22] HookButtons: scanning 28 behaviours
[20:47:22] Button hook complete — hooked 0 button(s)
[20:47:22] HookButtons: scanning 28 behaviours
[20:47:22] Button hook complete — hooked 0 button(s)
[20:47:22] HookButtons: scanning 28 behaviours
[20:47:22] Button hook complete — hooked 0 button(s)
[20:47:22] HookButtons: scanning 28 behaviours
[20:47:22] Button hook complete — hooked 0 button(s)
[20:47:22] HookButtons: scanning 28 behaviours
[20:47:22] Button hook complete — hooked 0 button(s)
[20:47:22] HookButtons: scanning 28 behaviours
[20:47:22] Button hook complete — hooked 0 button(s)
[20:47:23] HookButtons: scanning 28 behaviours
[20:47:23] Button hook complete — hooked 0 button(s)
[20:47:23] HookButtons: scanning 28 behaviours
[20:47:23] Button hook complete — hooked 0 button(s)
[20:47:23] HookButtons: scanning 28 behaviours
[20:47:23] Button hook complete — hooked 0 button(s)
[20:47:23] HookButtons: scanning 28 behaviours
[20:47:23] Button hook complete — hooked 0 button(s)
[20:47:23] HookButtons: scanning 28 behaviours
[20:47:23] Button hook complete — hooked 0 button(s)
[20:47:23] HookButtons: scanning 28 behaviours
[20:47:23] Button hook complete — hooked 0 button(s)
[20:47:24] HookButtons: scanning 28 behaviours
[20:47:24] Button hook complete — hooked 0 button(s)
[20:47:24] HookButtons: scanning 28 behaviours
[20:47:24] Button hook complete — hooked 0 button(s)
[20:47:24] HookButtons: scanning 28 behaviours
[20:47:24] Button hook complete — hooked 0 button(s)
[20:47:24] HookButtons: scanning 28 behaviours
[20:47:24] Button hook complete — hooked 0 button(s)
[20:47:24] HookButtons: scanning 28 behaviours
[20:47:24] Button hook complete — hooked 0 button(s)
[20:47:24] HookButtons: scanning 28 behaviours
[20:47:24] Button hook complete — hooked 0 button(s)
[20:47:25] HookButtons: scanning 28 behaviours
[20:47:25] Button hook complete — hooked 0 button(s)
[20:47:25] HookButtons: scanning 28 behaviours
[20:47:25] Button hook complete — hooked 0 button(s)
[20:47:25] HookButtons: scanning 28 behaviours
[20:47:25] Button hook complete — hooked 0 button(s)
[20:47:25] HookButtons: scanning 28 behaviours
[20:47:25] Button hook complete — hooked 0 button(s)
[20:47:25] HookButtons: scanning 28 behaviours
[20:47:25] Button hook complete — hooked 0 button(s)
[20:47:25] HookButtons: scanning 28 behaviours
[20:47:25] Button hook complete — hooked 0 button(s)
[20:47:26] HookButtons: scanning 28 behaviours
[20:47:26] Button hook complete — hooked 0 button(s)
[20:47:26] HookButtons: scanning 28 behaviours
[20:47:26] Button hook complete — hooked 0 button(s)
[20:47:26] HookButtons: scanning 28 behaviours
[20:47:26] Button hook complete — hooked 0 button(s)
[20:47:26] HookButtons: scanning 28 behaviours
[20:47:26] Button hook complete — hooked 0 button(s)
[20:47:26] HookButtons: scanning 28 behaviours
[20:47:26] Button hook complete — hooked 0 button(s)
[20:47:26] HookButtons: scanning 28 behaviours
[20:47:26] Button hook complete — hooked 0 button(s)
[20:47:27] HookButtons: scanning 28 behaviours
[20:47:27] Button hook complete — hooked 0 button(s)
[20:47:27] HookButtons: scanning 28 behaviours
[20:47:27] Button hook complete — hooked 0 button(s)
[20:47:27] HookButtons: scanning 28 behaviours
[20:47:27] Button hook complete — hooked 0 button(s)
[20:47:27] HookButtons: scanning 28 behaviours
[20:47:27] Button hook complete — hooked 0 button(s)
[20:47:27] HookButtons: scanning 28 behaviours
[20:47:27] Button hook complete — hooked 0 button(s)
[20:47:27] HookButtons: scanning 28 behaviours
[20:47:27] Button hook complete — hooked 0 button(s)
[20:47:28] HookButtons: scanning 28 behaviours
[20:47:28] Button hook complete — hooked 0 button(s)
[20:47:28] HookButtons: scanning 28 behaviours
[20:47:28] Button hook complete — hooked 0 button(s)
[20:47:28] HookButtons: scanning 28 behaviours
[20:47:28] Button hook complete — hooked 0 button(s)
[20:47:28] HookButtons: scanning 28 behaviours
[20:47:28] Button hook complete — hooked 0 button(s)
[20:47:28] HookButtons: scanning 28 behaviours
[20:47:28] Button hook complete — hooked 0 button(s)
[20:47:28] HookButtons: scanning 28 behaviours
[20:47:28] Button hook complete — hooked 0 button(s)
[20:47:29] HookButtons: scanning 28 behaviours
[20:47:29] Button hook complete — hooked 0 button(s)
[20:47:29] HookButtons: scanning 28 behaviours
[20:47:29] Button hook complete — hooked 0 button(s)
[20:47:29] HookButtons: scanning 28 behaviours
[20:47:29] Button hook complete — hooked 0 button(s)
[20:47:29] HookButtons: scanning 28 behaviours
[20:47:29] Button hook complete — hooked 0 button(s)
[20:47:29] HookButtons: scanning 28 behaviours
[20:47:29] Button hook complete — hooked 0 button(s)
[20:47:29] HookButtons: scanning 28 behaviours
[20:47:29] Button hook complete — hooked 0 button(s)
[20:47:30] HookButtons: scanning 28 behaviours
[20:47:30] Button hook complete — hooked 0 button(s)
[20:47:30] HookButtons: scanning 28 behaviours
[20:47:30] Button hook complete — hooked 0 button(s)
[20:47:30] HookButtons: scanning 28 behaviours
[20:47:30] Button hook complete — hooked 0 button(s)
[20:47:30] HookButtons: scanning 28 behaviours
[20:47:30] Button hook complete — hooked 0 button(s)
[20:47:30] HookButtons: scanning 28 behaviours
[20:47:30] Button hook complete — hooked 0 button(s)
[20:47:30] HookButtons: scanning 28 behaviours
[20:47:30] Button hook complete — hooked 0 button(s)
[20:47:31] HookButtons: scanning 28 behaviours
[20:47:31] Button hook complete — hooked 0 button(s)
[20:47:31] HookButtons: scanning 28 behaviours
[20:47:31] Button hook complete — hooked 0 button(s)
[20:47:31] HookButtons: scanning 28 behaviours
[20:47:31] Button hook complete — hooked 0 button(s)
[20:47:31] HookButtons: scanning 28 behaviours
[20:47:31] Button hook complete — hooked 0 button(s)
[20:47:31] HookButtons: scanning 28 behaviours
[20:47:31] Button hook complete — hooked 0 button(s)
[20:47:31] HookButtons: scanning 28 behaviours
[20:47:31] Button hook complete — hooked 0 button(s)
[20:47:31] HookButtons: scanning 28 behaviours
[20:47:31] Button hook complete — hooked 0 button(s)
[20:47:32] HookButtons: scanning 28 behaviours
[20:47:32] Button hook complete — hooked 0 button(s)
[20:47:32] HookButtons: scanning 28 behaviours
[20:47:32] Button hook complete — hooked 0 button(s)
[20:47:32] HookButtons: scanning 28 behaviours
[20:47:32] Button hook complete — hooked 0 button(s)
[20:47:32] HookButtons: scanning 28 behaviours
[20:47:32] Button hook complete — hooked 0 button(s)
[20:47:32] HookButtons: scanning 28 behaviours
[20:47:32] Button hook complete — hooked 0 button(s)
[20:47:32] HookButtons: scanning 28 behaviours
[20:47:32] Button hook complete — hooked 0 button(s)
[20:47:33] HookButtons: scanning 28 behaviours
[20:47:33] Button hook complete — hooked 0 button(s)
[20:47:33] HookButtons: scanning 28 behaviours
[20:47:33] Button hook complete — hooked 0 button(s)
[20:47:33] HookButtons: scanning 28 behaviours
[20:47:33] Button hook complete — hooked 0 button(s)
[20:47:33] HookButtons: scanning 28 behaviours
[20:47:33] Button hook complete — hooked 0 button(s)
[20:47:33] HookButtons: scanning 28 behaviours
[20:47:33] Button hook complete — hooked 0 button(s)
[20:47:33] HookButtons: scanning 28 behaviours
[20:47:33] Button hook complete — hooked 0 button(s)
[20:47:34] HookButtons: scanning 28 behaviours
[20:47:34] Button hook complete — hooked 0 button(s)
[20:47:34] HookButtons: scanning 28 behaviours
[20:47:34] Button hook complete — hooked 0 button(s)
[20:47:34] HookButtons: scanning 28 behaviours
[20:47:34] Button hook complete — hooked 0 button(s)
[20:47:34] HookButtons: scanning 28 behaviours
[20:47:34] Button hook complete — hooked 0 button(s)
[20:47:34] HookButtons: scanning 28 behaviours
[20:47:34] Button hook complete — hooked 0 button(s)
[20:47:34] HookButtons: scanning 28 behaviours
[20:47:34] Button hook complete — hooked 0 button(s)
[20:47:35] HookButtons: scanning 28 behaviours
[20:47:35] Button hook complete — hooked 0 button(s)
[20:47:35] HookButtons: scanning 28 behaviours
[20:47:35] Button hook complete — hooked 0 button(s)
[20:47:35] HookButtons: scanning 28 behaviours
[20:47:35] Button hook complete — hooked 0 button(s)
[20:47:35] HookButtons: scanning 28 behaviours
[20:47:35] Button hook complete — hooked 0 button(s)
[20:47:35] HookButtons: scanning 28 behaviours
[20:47:35] Button hook complete — hooked 0 button(s)
[20:47:35] HookButtons: scanning 28 behaviours
[20:47:35] Button hook complete — hooked 0 button(s)
[20:47:36] HookButtons: scanning 28 behaviours
[20:47:36] Button hook complete — hooked 0 button(s)
[20:47:36] HookButtons: scanning 28 behaviours
[20:47:36] Button hook complete — hooked 0 button(s)
[20:47:36] HookButtons: scanning 28 behaviours
[20:47:36] Button hook complete — hooked 0 button(s)
[20:47:36] HookButtons: scanning 28 behaviours
[20:47:36] Button hook complete — hooked 0 button(s)
[20:47:36] HookButtons: scanning 28 behaviours
[20:47:36] Button hook complete — hooked 0 button(s)
[20:47:36] HookButtons: scanning 28 behaviours
[20:47:36] Button hook complete — hooked 0 button(s)
[20:47:37] HookButtons: scanning 28 behaviours
[20:47:37] Button hook complete — hooked 0 button(s)
[20:47:37] HookButtons: scanning 28 behaviours
[20:47:37] Button hook complete — hooked 0 button(s)
[20:47:37] HookButtons: scanning 28 behaviours
[20:47:37] Button hook complete — hooked 0 button(s)
[20:47:37] HookButtons: scanning 28 behaviours
[20:47:37] Button hook complete — hooked 0 button(s)
[20:47:37] HookButtons: scanning 28 behaviours
[20:47:37] Button hook complete — hooked 0 button(s)
[20:47:37] HookButtons: scanning 28 behaviours
[20:47:37] Button hook complete — hooked 0 button(s)
[20:47:38] HookButtons: scanning 28 behaviours
[20:47:38] Button hook complete — hooked 0 button(s)
[20:47:38] HookButtons: scanning 28 behaviours
[20:47:38] Button hook complete — hooked 0 button(s)
[20:47:38] HookButtons: scanning 28 behaviours
[20:47:38] Button hook complete — hooked 0 button(s)
[20:47:38] HookButtons: scanning 28 behaviours
[20:47:38] Button hook complete — hooked 0 button(s)
[20:47:38] HookButtons: scanning 28 behaviours
[20:47:38] Button hook complete — hooked 0 button(s)
[20:47:38] HookButtons: scanning 28 behaviours
[20:47:38] Button hook complete — hooked 0 button(s)
[20:47:39] HookButtons: scanning 28 behaviours
[20:47:39] Button hook complete — hooked 0 button(s)
[20:47:39] HookButtons: scanning 28 behaviours
[20:47:39] Button hook complete — hooked 0 button(s)
[20:47:39] HookButtons: scanning 28 behaviours
[20:47:39] Button hook complete — hooked 0 button(s)
[20:47:39] HookButtons: scanning 28 behaviours
[20:47:39] Button hook complete — hooked 0 button(s)
[20:47:39] HookButtons: scanning 28 behaviours
[20:47:39] Button hook complete — hooked 0 button(s)
[20:47:39] HookButtons: scanning 28 behaviours
[20:47:39] Button hook complete — hooked 0 button(s)
[20:47:40] HookButtons: scanning 28 behaviours
[20:47:40] Button hook complete — hooked 0 button(s)
[20:47:40] HookButtons: scanning 28 behaviours
[20:47:40] Button hook complete — hooked 0 button(s)
[20:47:40] HookButtons: scanning 28 behaviours
[20:47:40] Button hook complete — hooked 0 button(s)
[20:47:40] HookButtons: scanning 28 behaviours
[20:47:40] Button hook complete — hooked 0 button(s)
[20:47:40] HookButtons: scanning 28 behaviours
[20:47:40] Button hook complete — hooked 0 button(s)
[20:47:40] HookButtons: scanning 28 behaviours
[20:47:40] Button hook complete — hooked 0 button(s)
[20:47:41] HookButtons: scanning 28 behaviours
[20:47:41] Button hook complete — hooked 0 button(s)
[20:47:41] HookButtons: scanning 28 behaviours
[20:47:41] Button hook complete — hooked 0 button(s)
[20:47:41] HookButtons: scanning 28 behaviours
[20:47:41] Button hook complete — hooked 0 button(s)
[20:47:41] HookButtons: scanning 28 behaviours
[20:47:41] Button hook complete — hooked 0 button(s)
[20:47:41] HookButtons: scanning 28 behaviours
[20:47:41] Button hook complete — hooked 0 button(s)
[20:47:41] HookButtons: scanning 28 behaviours
[20:47:41] Button hook complete — hooked 0 button(s)
[20:47:42] HookButtons: scanning 28 behaviours
[20:47:42] Button hook complete — hooked 0 button(s)
[20:47:42] HookButtons: scanning 28 behaviours
[20:47:42] Button hook complete — hooked 0 button(s)
[20:47:42] HookButtons: scanning 28 behaviours
[20:47:42] Button hook complete — hooked 0 button(s)
[20:47:42] HookButtons: scanning 28 behaviours
[20:47:42] Button hook complete — hooked 0 button(s)
[20:47:42] HookButtons: scanning 28 behaviours
[20:47:42] Button hook complete — hooked 0 button(s)
[20:47:42] HookButtons: scanning 28 behaviours
[20:47:42] Button hook complete — hooked 0 button(s)
[20:47:42] HookButtons: scanning 28 behaviours
[20:47:42] Button hook complete — hooked 0 button(s)
[20:47:43] HookButtons: scanning 28 behaviours
[20:47:43] Button hook complete — hooked 0 button(s)
[20:47:43] HookButtons: scanning 28 behaviours
[20:47:43] Button hook complete — hooked 0 button(s)
[20:47:43] HookButtons: scanning 28 behaviours
[20:47:43] Button hook complete — hooked 0 button(s)
[20:47:43] HookButtons: scanning 28 behaviours
[20:47:43] Button hook complete — hooked 0 button(s)
[20:47:43] HookButtons: scanning 28 behaviours
[20:47:43] Button hook complete — hooked 0 button(s)
[20:47:43] HookButtons: scanning 28 behaviours
[20:47:43] Button hook complete — hooked 0 button(s)
[20:47:44] HookButtons: scanning 28 behaviours
[20:47:44] Button hook complete — hooked 0 button(s)
[20:47:44] HookButtons: scanning 28 behaviours
[20:47:44] Button hook complete — hooked 0 button(s)
[20:47:44] HookButtons: scanning 28 behaviours
[20:47:44] Button hook complete — hooked 0 button(s)
[20:47:44] HookButtons: scanning 28 behaviours
[20:47:44] Button hook complete — hooked 0 button(s)
[20:47:44] HookButtons: scanning 28 behaviours
[20:47:44] Button hook complete — hooked 0 button(s)
[20:47:44] HookButtons: scanning 28 behaviours
[20:47:44] Button hook complete — hooked 0 button(s)
[20:47:45] HookButtons: scanning 28 behaviours
[20:47:45] Button hook complete — hooked 0 button(s)
[20:47:45] HookButtons: scanning 28 behaviours
[20:47:45] Button hook complete — hooked 0 button(s)
[20:47:45] HookButtons: scanning 28 behaviours
[20:47:45] Button hook complete — hooked 0 button(s)
[20:47:45] HookButtons: scanning 28 behaviours
[20:47:45] Button hook complete — hooked 0 button(s)
[20:47:45] HookButtons: scanning 28 behaviours
[20:47:45] Button hook complete — hooked 0 button(s)
[20:47:45] HookButtons: scanning 28 behaviours
[20:47:45] Button hook complete — hooked 0 button(s)
[20:47:46] HookButtons: scanning 28 behaviours
[20:47:46] Button hook complete — hooked 0 button(s)
[20:47:46] HookButtons: scanning 28 behaviours
[20:47:46] Button hook complete — hooked 0 button(s)
[20:47:46] HookButtons: scanning 28 behaviours
[20:47:46] Button hook complete — hooked 0 button(s)
[20:47:46] HookButtons: scanning 28 behaviours
[20:47:46] Button hook complete — hooked 0 button(s)
[20:47:46] HookButtons: scanning 28 behaviours
[20:47:46] Button hook complete — hooked 0 button(s)
[20:47:46] HookButtons: scanning 28 behaviours
[20:47:46] Button hook complete — hooked 0 button(s)
[20:47:47] HookButtons: scanning 28 behaviours
[20:47:47] Button hook complete — hooked 0 button(s)
[20:47:47] HookButtons: scanning 28 behaviours
[20:47:47] Button hook complete — hooked 0 button(s)
[20:47:47] HookButtons: scanning 28 behaviours
[20:47:47] Button hook complete — hooked 0 button(s)
[20:47:47] HookButtons: scanning 28 behaviours
[20:47:47] Button hook complete — hooked 0 button(s)
[20:47:47] HookButtons: scanning 28 behaviours
[20:47:47] Button hook complete — hooked 0 button(s)
[20:47:47] HookButtons: scanning 28 behaviours
[20:47:47] Button hook complete — hooked 0 button(s)
[20:47:48] HookButtons: scanning 28 behaviours
[20:47:48] Button hook complete — hooked 0 button(s)
[20:47:48] HookButtons: scanning 28 behaviours
[20:47:48] Button hook complete — hooked 0 button(s)
[20:47:48] HookButtons: scanning 28 behaviours
[20:47:48] Button hook complete — hooked 0 button(s)
[20:47:48] HookButtons: scanning 28 behaviours
[20:47:48] Button hook complete — hooked 0 button(s)
[20:47:48] HookButtons: scanning 28 behaviours
[20:47:48] Button hook complete — hooked 0 button(s)
[20:47:48] HookButtons: scanning 28 behaviours
[20:47:48] Button hook complete — hooked 0 button(s)
[20:47:49] HookButtons: scanning 28 behaviours
[20:47:49] Button hook complete — hooked 0 button(s)
[20:47:49] HookButtons: scanning 28 behaviours
[20:47:49] Button hook complete — hooked 0 button(s)
[20:47:49] HookButtons: scanning 28 behaviours
[20:47:49] Button hook complete — hooked 0 button(s)
[20:47:49] HookButtons: scanning 28 behaviours
[20:47:49] Button hook complete — hooked 0 button(s)
[20:47:49] HookButtons: scanning 28 behaviours
[20:47:49] Button hook complete — hooked 0 button(s)
[20:47:49] HookButtons: scanning 28 behaviours
[20:47:49] Button hook complete — hooked 0 button(s)
[20:47:50] HookButtons: scanning 28 behaviours
[20:47:50] Button hook complete — hooked 0 button(s)
[20:47:50] HookButtons: scanning 28 behaviours
[20:47:50] Button hook complete — hooked 0 button(s)
[20:47:50] HookButtons: scanning 28 behaviours
[20:47:50] Button hook complete — hooked 0 button(s)
[20:47:50] HookButtons: scanning 28 behaviours
[20:47:50] Button hook complete — hooked 0 button(s)
[20:47:50] HookButtons: scanning 28 behaviours
[20:47:50] Button hook complete — hooked 0 button(s)
[20:47:50] HookButtons: scanning 28 behaviours
[20:47:50] Button hook complete — hooked 0 button(s)
[20:47:51] HookButtons: scanning 28 behaviours
[20:47:51] Button hook complete — hooked 0 button(s)
[20:47:51] HookButtons: scanning 28 behaviours
[20:47:51] Button hook complete — hooked 0 button(s)
[20:47:51] HookButtons: scanning 28 behaviours
[20:47:51] Button hook complete — hooked 0 button(s)
[20:47:51] HookButtons: scanning 28 behaviours
[20:47:51] Button hook complete — hooked 0 button(s)
[20:47:51] HookButtons: scanning 28 behaviours
[20:47:51] Button hook complete — hooked 0 button(s)
[20:47:51] HookButtons: scanning 28 behaviours
[20:47:51] Button hook complete — hooked 0 button(s)
[20:47:52] HookButtons: scanning 28 behaviours
[20:47:52] Button hook complete — hooked 0 button(s)
[20:47:52] HookButtons: scanning 28 behaviours
[20:47:52] Button hook complete — hooked 0 button(s)
[20:47:52] HookButtons: scanning 28 behaviours
[20:47:52] Button hook complete — hooked 0 button(s)
[20:47:52] HookButtons: scanning 28 behaviours
[20:47:52] Button hook complete — hooked 0 button(s)
[20:47:52] HookButtons: scanning 28 behaviours
[20:47:52] Button hook complete — hooked 0 button(s)
[20:47:52] HookButtons: scanning 28 behaviours
[20:47:52] Button hook complete — hooked 0 button(s)
[20:47:53] HookButtons: scanning 28 behaviours
[20:47:53] Button hook complete — hooked 0 button(s)
[20:47:53] HookButtons: scanning 28 behaviours
[20:47:53] Button hook complete — hooked 0 button(s)
[20:47:53] HookButtons: scanning 28 behaviours
[20:47:53] Button hook complete — hooked 0 button(s)
[20:47:53] HookButtons: scanning 28 behaviours
[20:47:53] Button hook complete — hooked 0 button(s)
[20:47:53] HookButtons: scanning 28 behaviours
[20:47:53] Button hook complete — hooked 0 button(s)
[20:47:53] HookButtons: scanning 28 behaviours
[20:47:53] Button hook complete — hooked 0 button(s)
[20:47:53] HookButtons: scanning 28 behaviours
[20:47:53] Button hook complete — hooked 0 button(s)
[20:47:54] HookButtons: scanning 28 behaviours
[20:47:54] Button hook complete — hooked 0 button(s)
[20:47:54] HookButtons: scanning 28 behaviours
[20:47:54] Button hook complete — hooked 0 button(s)
[20:47:54] HookButtons: scanning 28 behaviours
[20:47:54] Button hook complete — hooked 0 button(s)
[20:47:54] HookButtons: scanning 28 behaviours
[20:47:54] Button hook complete — hooked 0 button(s)
[20:47:54] HookButtons: scanning 28 behaviours
[20:47:54] Button hook complete — hooked 0 button(s)
[20:47:54] HookButtons: scanning 28 behaviours
[20:47:54] Button hook complete — hooked 0 button(s)
[20:47:55] HookButtons: scanning 28 behaviours
[20:47:55] Button hook complete — hooked 0 button(s)
[20:47:55] HookButtons: scanning 28 behaviours
[20:47:55] Button hook complete — hooked 0 button(s)
[20:47:55] HookButtons: scanning 28 behaviours
[20:47:55] Button hook complete — hooked 0 button(s)
[20:47:55] HookButtons: scanning 28 behaviours
[20:47:55] Button hook complete — hooked 0 button(s)
[20:47:55] HookButtons: scanning 28 behaviours
[20:47:55] Button hook complete — hooked 0 button(s)
[20:47:55] HookButtons: scanning 28 behaviours
[20:47:55] Button hook complete — hooked 0 button(s)
[20:47:56] HookButtons: scanning 28 behaviours
[20:47:56] Button hook complete — hooked 0 button(s)
[20:47:56] HookButtons: scanning 28 behaviours
[20:47:56] Button hook complete — hooked 0 button(s)
[20:47:56] HookButtons: scanning 28 behaviours
[20:47:56] Button hook complete — hooked 0 button(s)
[20:47:56] HookButtons: scanning 28 behaviours
[20:47:56] Button hook complete — hooked 0 button(s)
[20:47:56] HookButtons: scanning 28 behaviours
[20:47:56] Button hook complete — hooked 0 button(s)
[20:47:56] HookButtons: scanning 28 behaviours
[20:47:56] Button hook complete — hooked 0 button(s)
[20:47:57] HookButtons: scanning 28 behaviours
[20:47:57] Button hook complete — hooked 0 button(s)
[20:47:57] HookButtons: scanning 28 behaviours
[20:47:57] Button hook complete — hooked 0 button(s)
[20:47:57] HookButtons: scanning 28 behaviours
[20:47:57] Button hook complete — hooked 0 button(s)
[20:47:57] HookButtons: scanning 28 behaviours
[20:47:57] Button hook complete — hooked 0 button(s)
[20:47:57] HookButtons: scanning 28 behaviours
[20:47:57] Button hook complete — hooked 0 button(s)
[20:47:57] HookButtons: scanning 28 behaviours
[20:47:57] Button hook complete — hooked 0 button(s)
[20:47:58] HookButtons: scanning 28 behaviours
[20:47:58] Button hook complete — hooked 0 button(s)
[20:47:58] HookButtons: scanning 28 behaviours
[20:47:58] Button hook complete — hooked 0 button(s)
[20:47:58] HookButtons: scanning 28 behaviours
[20:47:58] Button hook complete — hooked 0 button(s)
[20:47:58] HookButtons: scanning 28 behaviours
[20:47:58] Button hook complete — hooked 0 button(s)
[20:47:58] HookButtons: scanning 28 behaviours
[20:47:58] Button hook complete — hooked 0 button(s)
[20:47:58] HookButtons: scanning 28 behaviours
[20:47:58] Button hook complete — hooked 0 button(s)
[20:47:59] HookButtons: scanning 28 behaviours
[20:47:59] Button hook complete — hooked 0 button(s)
[20:47:59] HookButtons: scanning 28 behaviours
[20:47:59] Button hook complete — hooked 0 button(s)
[20:47:59] HookButtons: scanning 28 behaviours
[20:47:59] Button hook complete — hooked 0 button(s)
[20:47:59] HookButtons: scanning 28 behaviours
[20:47:59] Button hook complete — hooked 0 button(s)
[20:47:59] HookButtons: scanning 28 behaviours
[20:47:59] Button hook complete — hooked 0 button(s)
[20:47:59] HookButtons: scanning 28 behaviours
[20:47:59] Button hook complete — hooked 0 button(s)
[20:48:00] HookButtons: scanning 28 behaviours
[20:48:00] Button hook complete — hooked 0 button(s)
[20:48:00] HookButtons: scanning 28 behaviours
[20:48:00] Button hook complete — hooked 0 button(s)
[20:48:00] HookButtons: scanning 28 behaviours
[20:48:00] Button hook complete — hooked 0 button(s)
[20:48:00] HookButtons: scanning 28 behaviours
[20:48:00] Button hook complete — hooked 0 button(s)
[20:48:00] HookButtons: scanning 28 behaviours
[20:48:00] Button hook complete — hooked 0 button(s)
[20:48:00] HookButtons: scanning 28 behaviours
[20:48:00] Button hook complete — hooked 0 button(s)
[20:48:01] HookButtons: scanning 28 behaviours
[20:48:01] Button hook complete — hooked 0 button(s)
[20:48:01] HookButtons: scanning 28 behaviours
[20:48:01] Button hook complete — hooked 0 button(s)
[20:48:01] HookButtons: scanning 28 behaviours
[20:48:01] Button hook complete — hooked 0 button(s)
[20:48:01] HookButtons: scanning 28 behaviours
[20:48:01] Button hook complete — hooked 0 button(s)
[20:48:01] HookButtons: scanning 28 behaviours
[20:48:01] Button hook complete — hooked 0 button(s)
[20:48:01] HookButtons: scanning 28 behaviours
[20:48:01] Button hook complete — hooked 0 button(s)
[20:48:02] HookButtons: scanning 28 behaviours
[20:48:02] Button hook complete — hooked 0 button(s)
[20:48:02] HookButtons: scanning 28 behaviours
[20:48:02] Button hook complete — hooked 0 button(s)
[20:48:02] HookButtons: scanning 28 behaviours
[20:48:02] Button hook complete — hooked 0 button(s)
[20:48:02] HookButtons: scanning 28 behaviours
[20:48:02] Button hook complete — hooked 0 button(s)
[20:48:02] HookButtons: scanning 28 behaviours
[20:48:02] Button hook complete — hooked 0 button(s)
[20:48:02] HookButtons: scanning 28 behaviours
[20:48:02] Button hook complete — hooked 0 button(s)
[20:48:03] HookButtons: scanning 28 behaviours
[20:48:03] Button hook complete — hooked 0 button(s)
[20:48:03] HookButtons: scanning 28 behaviours
[20:48:03] Button hook complete — hooked 0 button(s)
[20:48:03] HookButtons: scanning 28 behaviours
[20:48:03] Button hook complete — hooked 0 button(s)
[20:48:03] HookButtons: scanning 28 behaviours
[20:48:03] Button hook complete — hooked 0 button(s)
[20:48:03] HookButtons: scanning 28 behaviours
[20:48:03] Button hook complete — hooked 0 button(s)
[20:48:03] HookButtons: scanning 28 behaviours
[20:48:03] Button hook complete — hooked 0 button(s)
[20:48:04] HookButtons: scanning 28 behaviours
[20:48:04] Button hook complete — hooked 0 button(s)
[20:48:04] HookButtons: scanning 28 behaviours
[20:48:04] Button hook complete — hooked 0 button(s)
[20:48:04] HookButtons: scanning 28 behaviours
[20:48:04] Button hook complete — hooked 0 button(s)
[20:48:04] HookButtons: scanning 28 behaviours
[20:48:04] Button hook complete — hooked 0 button(s)
[20:48:04] HookButtons: scanning 28 behaviours
[20:48:04] Button hook complete — hooked 0 button(s)
[20:48:04] HookButtons: scanning 28 behaviours
[20:48:04] Button hook complete — hooked 0 button(s)
[20:48:05] HookButtons: scanning 28 behaviours
[20:48:05] Button hook complete — hooked 0 button(s)
[20:48:05] HookButtons: scanning 28 behaviours
[20:48:05] Button hook complete — hooked 0 button(s)
[20:48:05] HookButtons: scanning 28 behaviours
[20:48:05] Button hook complete — hooked 0 button(s)
[20:48:05] HookButtons: scanning 28 behaviours
[20:48:05] Button hook complete — hooked 0 button(s)
[20:48:05] HookButtons: scanning 28 behaviours
[20:48:05] Button hook complete — hooked 0 button(s)
[20:48:05] HookButtons: scanning 28 behaviours
[20:48:05] Button hook complete — hooked 0 button(s)
[20:48:06] HookButtons: scanning 28 behaviours
[20:48:06] Button hook complete — hooked 0 button(s)
[20:48:06] HookButtons: scanning 28 behaviours
[20:48:06] Button hook complete — hooked 0 button(s)
[20:48:06] HookButtons: scanning 28 behaviours
[20:48:06] Button hook complete — hooked 0 button(s)
[20:48:06] HookButtons: scanning 28 behaviours
[20:48:06] Button hook complete — hooked 0 button(s)
[20:48:06] HookButtons: scanning 28 behaviours
[20:48:06] Button hook complete — hooked 0 button(s)
[20:48:06] HookButtons: scanning 28 behaviours
[20:48:06] Button hook complete — hooked 0 button(s)
[20:48:07] HookButtons: scanning 28 behaviours
[20:48:07] Button hook complete — hooked 0 button(s)
[20:48:07] HookButtons: scanning 28 behaviours
[20:48:07] Button hook complete — hooked 0 button(s)
[20:48:07] HookButtons: scanning 28 behaviours
[20:48:07] Button hook complete — hooked 0 button(s)
[20:48:07] HookButtons: scanning 28 behaviours
[20:48:07] Button hook complete — hooked 0 button(s)
[20:48:07] HookButtons: scanning 28 behaviours
[20:48:07] Button hook complete — hooked 0 button(s)
[20:48:07] HookButtons: scanning 28 behaviours
[20:48:07] Button hook complete — hooked 0 button(s)
[20:48:08] HookButtons: scanning 28 behaviours
[20:48:08] Button hook complete — hooked 0 button(s)
[20:48:08] HookButtons: scanning 28 behaviours
[20:48:08] Button hook complete — hooked 0 button(s)
[20:48:08] HookButtons: scanning 28 behaviours
[20:48:08] Button hook complete — hooked 0 button(s)
[20:48:08] HookButtons: scanning 28 behaviours
[20:48:08] Button hook complete — hooked 0 button(s)
[20:48:08] HookButtons: scanning 28 behaviours
[20:48:08] Button hook complete — hooked 0 button(s)
[20:48:08] HookButtons: scanning 28 behaviours
[20:48:08] Button hook complete — hooked 0 button(s)
[20:48:08] HookButtons: scanning 28 behaviours
[20:48:08] Button hook complete — hooked 0 button(s)
[20:48:09] HookButtons: scanning 28 behaviours
[20:48:09] Button hook complete — hooked 0 button(s)
[20:48:09] HookButtons: scanning 28 behaviours
[20:48:09] Button hook complete — hooked 0 button(s)
[20:48:09] HookButtons: scanning 28 behaviours
[20:48:09] Button hook complete — hooked 0 button(s)
[20:48:09] HookButtons: scanning 28 behaviours
[20:48:09] Button hook complete — hooked 0 button(s)
[20:48:09] HookButtons: scanning 28 behaviours
[20:48:09] Button hook complete — hooked 0 button(s)
[20:48:09] HookButtons: scanning 28 behaviours
[20:48:09] Button hook complete — hooked 0 button(s)
[20:48:10] HookButtons: scanning 28 behaviours
[20:48:10] Button hook complete — hooked 0 button(s)
[20:48:10] HookButtons: scanning 28 behaviours
[20:48:10] Button hook complete — hooked 0 button(s)
[20:48:10] HookButtons: scanning 28 behaviours
[20:48:10] Button hook complete — hooked 0 button(s)
[20:48:10] HookButtons: scanning 28 behaviours
[20:48:10] Button hook complete — hooked 0 button(s)
[20:48:10] HookButtons: scanning 28 behaviours
[20:48:10] Button hook complete — hooked 0 button(s)
[20:48:10] HookButtons: scanning 28 behaviours
[20:48:10] Button hook complete — hooked 0 button(s)
[20:48:11] HookButtons: scanning 28 behaviours
[20:48:11] Button hook complete — hooked 0 button(s)
[20:48:11] HookButtons: scanning 28 behaviours
[20:48:11] Button hook complete — hooked 0 button(s)
[20:48:11] HookButtons: scanning 28 behaviours
[20:48:11] Button hook complete — hooked 0 button(s)
[20:48:11] HookButtons: scanning 28 behaviours
[20:48:11] Button hook complete — hooked 0 button(s)
[20:48:11] HookButtons: scanning 28 behaviours
[20:48:11] Button hook complete — hooked 0 button(s)
[20:48:11] HookButtons: scanning 28 behaviours
[20:48:11] Button hook complete — hooked 0 button(s)
[20:48:12] HookButtons: scanning 28 behaviours
[20:48:12] Button hook complete — hooked 0 button(s)
[20:48:12] HookButtons: scanning 28 behaviours
[20:48:12] Button hook complete — hooked 0 button(s)
[20:48:12] HookButtons: scanning 28 behaviours
[20:48:12] Button hook complete — hooked 0 button(s)
[20:48:12] HookButtons: scanning 28 behaviours
[20:48:12] Button hook complete — hooked 0 button(s)
[20:48:12] HookButtons: scanning 28 behaviours
[20:48:12] Button hook complete — hooked 0 button(s)
[20:48:12] HookButtons: scanning 28 behaviours
[20:48:12] Button hook complete — hooked 0 button(s)
[20:48:13] HookButtons: scanning 28 behaviours
[20:48:13] Button hook complete — hooked 0 button(s)
[20:48:13] HookButtons: scanning 28 behaviours
[20:48:13] Button hook complete — hooked 0 button(s)
[20:48:13] HookButtons: scanning 28 behaviours
[20:48:13] Button hook complete — hooked 0 button(s)
[20:48:13] HookButtons: scanning 28 behaviours
[20:48:13] Button hook complete — hooked 0 button(s)
[20:48:13] HookButtons: scanning 28 behaviours
[20:48:13] Button hook complete — hooked 0 button(s)
[20:48:13] HookButtons: scanning 28 behaviours
[20:48:13] Button hook complete — hooked 0 button(s)
[20:48:14] HookButtons: scanning 28 behaviours
[20:48:14] Button hook complete — hooked 0 button(s)
[20:48:14] HookButtons: scanning 28 behaviours
[20:48:14] Button hook complete — hooked 0 button(s)
[20:48:14] HookButtons: scanning 28 behaviours
[20:48:14] Button hook complete — hooked 0 button(s)
[20:48:14] HookButtons: scanning 28 behaviours
[20:48:14] Button hook complete — hooked 0 button(s)
[20:48:14] HookButtons: scanning 28 behaviours
[20:48:14] Button hook complete — hooked 0 button(s)
[20:48:14] HookButtons: scanning 28 behaviours
[20:48:14] Button hook complete — hooked 0 button(s)
[20:48:15] HookButtons: scanning 28 behaviours
[20:48:15] Button hook complete — hooked 0 button(s)
[20:48:15] HookButtons: scanning 28 behaviours
[20:48:15] Button hook complete — hooked 0 button(s)
[20:48:15] HookButtons: scanning 28 behaviours
[20:48:15] Button hook complete — hooked 0 button(s)
[20:48:15] HookButtons: scanning 28 behaviours
[20:48:15] Button hook complete — hooked 0 button(s)
[20:48:15] HookButtons: scanning 28 behaviours
[20:48:15] Button hook complete — hooked 0 button(s)
[20:48:15] HookButtons: scanning 28 behaviours
[20:48:15] Button hook complete — hooked 0 button(s)
[20:48:16] HookButtons: scanning 28 behaviours
[20:48:16] Button hook complete — hooked 0 button(s)
[20:48:16] HookButtons: scanning 28 behaviours
[20:48:16] Button hook complete — hooked 0 button(s)
[20:48:16] HookButtons: scanning 28 behaviours
[20:48:16] Button hook complete — hooked 0 button(s)
[20:48:16] HookButtons: scanning 28 behaviours
[20:48:16] Button hook complete — hooked 0 button(s)
[20:48:16] HookButtons: scanning 28 behaviours
[20:48:16] Button hook complete — hooked 0 button(s)
[20:48:16] HookButtons: scanning 28 behaviours
[20:48:16] Button hook complete — hooked 0 button(s)
[20:48:17] HookButtons: scanning 28 behaviours
[20:48:17] Button hook complete — hooked 0 button(s)
[20:48:17] HookButtons: scanning 28 behaviours
[20:48:17] Button hook complete — hooked 0 button(s)
[20:48:17] HookButtons: scanning 28 behaviours
[20:48:17] Button hook complete — hooked 0 button(s)
[20:48:17] HookButtons: scanning 28 behaviours
[20:48:17] Button hook complete — hooked 0 button(s)
[20:48:17] HookButtons: scanning 28 behaviours
[20:48:17] Button hook complete — hooked 0 button(s)
[20:48:17] HookButtons: scanning 28 behaviours
[20:48:17] Button hook complete — hooked 0 button(s)
[20:48:18] HookButtons: scanning 28 behaviours
[20:48:18] Button hook complete — hooked 0 button(s)
[20:48:18] HookButtons: scanning 28 behaviours
[20:48:18] Button hook complete — hooked 0 button(s)
[20:48:18] HookButtons: scanning 28 behaviours
[20:48:18] Button hook complete — hooked 0 button(s)
[20:48:18] HookButtons: scanning 28 behaviours
[20:48:18] Button hook complete — hooked 0 button(s)
[20:48:18] HookButtons: scanning 28 behaviours
[20:48:18] Button hook complete — hooked 0 button(s)
[20:48:18] HookButtons: scanning 28 behaviours
[20:48:18] Button hook complete — hooked 0 button(s)
[20:48:19] HookButtons: scanning 28 behaviours
[20:48:19] Button hook complete — hooked 0 button(s)
[20:48:19] HookButtons: scanning 28 behaviours
[20:48:19] Button hook complete — hooked 0 button(s)
[20:48:19] HookButtons: scanning 28 behaviours
[20:48:19] Button hook complete — hooked 0 button(s)
[20:48:19] HookButtons: scanning 28 behaviours
[20:48:19] Button hook complete — hooked 0 button(s)
[20:48:19] HookButtons: scanning 28 behaviours
[20:48:19] Button hook complete — hooked 0 button(s)
[20:48:19] HookButtons: scanning 28 behaviours
[20:48:19] Button hook complete — hooked 0 button(s)
[20:48:20] HookButtons: scanning 28 behaviours
[20:48:20] Button hook complete — hooked 0 button(s)
[20:48:20] HookButtons: scanning 28 behaviours
[20:48:20] Button hook complete — hooked 0 button(s)
[20:48:20] HookButtons: scanning 28 behaviours
[20:48:20] Button hook complete — hooked 0 button(s)
[20:48:20] HookButtons: scanning 28 behaviours
[20:48:20] Button hook complete — hooked 0 button(s)
[20:48:20] HookButtons: scanning 28 behaviours
[20:48:20] Button hook complete — hooked 0 button(s)
[20:48:20] HookButtons: scanning 28 behaviours
[20:48:20] Button hook complete — hooked 0 button(s)
[20:48:21] HookButtons: scanning 28 behaviours
[20:48:21] Button hook complete — hooked 0 button(s)
[20:48:21] HookButtons: scanning 28 behaviours
[20:48:21] Button hook complete — hooked 0 button(s)
[20:48:21] HookButtons: scanning 28 behaviours
[20:48:21] Button hook complete — hooked 0 button(s)
[20:48:21] HookButtons: scanning 28 behaviours
[20:48:21] Button hook complete — hooked 0 button(s)
[20:48:21] HookButtons: scanning 28 behaviours
[20:48:21] Button hook complete — hooked 0 button(s)
[20:48:21] HookButtons: scanning 28 behaviours
[20:48:21] Button hook complete — hooked 0 button(s)
[20:48:22] HookButtons: scanning 28 behaviours
[20:48:22] Button hook complete — hooked 0 button(s)
[20:48:22] HookButtons: scanning 28 behaviours
[20:48:22] Button hook complete — hooked 0 button(s)
[20:48:22] HookButtons: scanning 28 behaviours
[20:48:22] Button hook complete — hooked 0 button(s)
[20:48:22] HookButtons: scanning 28 behaviours
[20:48:22] Button hook complete — hooked 0 button(s)
[20:48:22] HookButtons: scanning 28 behaviours
[20:48:22] Button hook complete — hooked 0 button(s)
[20:48:22] HookButtons: scanning 28 behaviours
[20:48:22] Button hook complete — hooked 0 button(s)
[20:48:23] HookButtons: scanning 28 behaviours
[20:48:23] Button hook complete — hooked 0 button(s)
[20:48:23] HookButtons: scanning 28 behaviours
[20:48:23] Button hook complete — hooked 0 button(s)
[20:48:23] HookButtons: scanning 28 behaviours
[20:48:23] Button hook complete — hooked 0 button(s)
[20:48:23] HookButtons: scanning 28 behaviours
[20:48:23] Button hook complete — hooked 0 button(s)
[20:48:23] HookButtons: scanning 28 behaviours
[20:48:23] Button hook complete — hooked 0 button(s)
[20:48:23] HookButtons: scanning 28 behaviours
[20:48:23] Button hook complete — hooked 0 button(s)
[20:48:24] HookButtons: scanning 28 behaviours
[20:48:24] Button hook complete — hooked 0 button(s)
[20:48:24] HookButtons: scanning 28 behaviours
[20:48:24] Button hook complete — hooked 0 button(s)
[20:48:24] HookButtons: scanning 28 behaviours
[20:48:24] Button hook complete — hooked 0 button(s)
[20:48:24] HookButtons: scanning 28 behaviours
[20:48:24] Button hook complete — hooked 0 button(s)
[20:48:24] HookButtons: scanning 28 behaviours
[20:48:24] Button hook complete — hooked 0 button(s)
[20:48:24] HookButtons: scanning 28 behaviours
[20:48:24] Button hook complete — hooked 0 button(s)
[20:48:25] HookButtons: scanning 28 behaviours
[20:48:25] Button hook complete — hooked 0 button(s)
[20:48:25] HookButtons: scanning 28 behaviours
[20:48:25] Button hook complete — hooked 0 button(s)
[20:48:25] HookButtons: scanning 28 behaviours
[20:48:25] Button hook complete — hooked 0 button(s)
[20:48:25] HookButtons: scanning 28 behaviours
[20:48:25] Button hook complete — hooked 0 button(s)
[20:48:25] HookButtons: scanning 28 behaviours
[20:48:25] Button hook complete — hooked 0 button(s)
[20:48:25] HookButtons: scanning 28 behaviours
[20:48:25] Button hook complete — hooked 0 button(s)
[20:48:26] HookButtons: scanning 28 behaviours
[20:48:26] Button hook complete — hooked 0 button(s)
[20:48:26] HookButtons: scanning 28 behaviours
[20:48:26] Button hook complete — hooked 0 button(s)
[20:48:26] HookButtons: scanning 28 behaviours
[20:48:26] Button hook complete — hooked 0 button(s)
[20:48:26] HookButtons: scanning 28 behaviours
[20:48:26] Button hook complete — hooked 0 button(s)
[20:48:26] HookButtons: scanning 28 behaviours
[20:48:26] Button hook complete — hooked 0 button(s)
[20:48:26] HookButtons: scanning 28 behaviours
[20:48:26] Button hook complete — hooked 0 button(s)
[20:48:27] HookButtons: scanning 28 behaviours
[20:48:27] Button hook complete — hooked 0 button(s)
[20:48:27] HookButtons: scanning 28 behaviours
[20:48:27] Button hook complete — hooked 0 button(s)
[20:48:27] HookButtons: scanning 28 behaviours
[20:48:27] Button hook complete — hooked 0 button(s)
[20:48:27] HookButtons: scanning 28 behaviours
[20:48:27] Button hook complete — hooked 0 button(s)
[20:48:27] HookButtons: scanning 28 behaviours
[20:48:27] Button hook complete — hooked 0 button(s)
[20:48:27] HookButtons: scanning 28 behaviours
[20:48:27] Button hook complete — hooked 0 button(s)
[20:48:27] HookButtons: scanning 28 behaviours
[20:48:28] Button hook complete — hooked 0 button(s)
[20:48:28] HookButtons: scanning 28 behaviours
[20:48:28] Button hook complete — hooked 0 button(s)
[20:48:28] HookButtons: scanning 28 behaviours
[20:48:28] Button hook complete — hooked 0 button(s)
[20:48:28] HookButtons: scanning 28 behaviours
[20:48:28] Button hook complete — hooked 0 button(s)
[20:48:28] HookButtons: scanning 28 behaviours
[20:48:28] Button hook complete — hooked 0 button(s)
[20:48:28] HookButtons: scanning 28 behaviours
[20:48:28] Button hook complete — hooked 0 button(s)
[20:48:28] HookButtons: scanning 28 behaviours
[20:48:28] Button hook complete — hooked 0 button(s)
[20:48:29] HookButtons: scanning 28 behaviours
[20:48:29] Button hook complete — hooked 0 button(s)
[20:48:29] HookButtons: scanning 28 behaviours
[20:48:29] Button hook complete — hooked 0 button(s)
[20:48:29] HookButtons: scanning 28 behaviours
[20:48:29] Button hook complete — hooked 0 button(s)
[20:48:29] HookButtons: scanning 28 behaviours
[20:48:29] Button hook complete — hooked 0 button(s)
[20:48:29] HookButtons: scanning 28 behaviours
[20:48:29] Button hook complete — hooked 0 button(s)
[20:48:29] HookButtons: scanning 28 behaviours
[20:48:29] Button hook complete — hooked 0 button(s)
[20:48:30] HookButtons: scanning 28 behaviours
[20:48:30] Button hook complete — hooked 0 button(s)
[20:48:30] HookButtons: scanning 28 behaviours
[20:48:30] Button hook complete — hooked 0 button(s)
[20:48:30] HookButtons: scanning 28 behaviours
[20:48:30] Button hook complete — hooked 0 button(s)
[20:48:30] HookButtons: scanning 28 behaviours
[20:48:30] Button hook complete — hooked 0 button(s)
[20:48:30] HookButtons: scanning 28 behaviours
[20:48:30] Button hook complete — hooked 0 button(s)
[20:48:30] HookButtons: scanning 28 behaviours
[20:48:30] Button hook complete — hooked 0 button(s)
[20:48:31] HookButtons: scanning 28 behaviours
[20:48:31] Button hook complete — hooked 0 button(s)
[20:48:31] HookButtons: scanning 28 behaviours
[20:48:31] Button hook complete — hooked 0 button(s)
[20:48:31] HookButtons: scanning 28 behaviours
[20:48:31] Button hook complete — hooked 0 button(s)
[20:48:31] HookButtons: scanning 28 behaviours
[20:48:31] Button hook complete — hooked 0 button(s)
[20:48:31] HookButtons: scanning 28 behaviours
[20:48:31] Button hook complete — hooked 0 button(s)
[20:48:31] HookButtons: scanning 28 behaviours
[20:48:31] Button hook complete — hooked 0 button(s)
[20:48:32] HookButtons: scanning 28 behaviours
[20:48:32] Button hook complete — hooked 0 button(s)
[20:48:32] HookButtons: scanning 28 behaviours
[20:48:32] Button hook complete — hooked 0 button(s)
[20:48:32] HookButtons: scanning 28 behaviours
[20:48:32] Button hook complete — hooked 0 button(s)
[20:48:32] HookButtons: scanning 28 behaviours
[20:48:32] Button hook complete — hooked 0 button(s)
[20:48:32] HookButtons: scanning 28 behaviours
[20:48:32] Button hook complete — hooked 0 button(s)
[20:48:32] HookButtons: scanning 28 behaviours
[20:48:32] Button hook complete — hooked 0 button(s)
[20:48:33] HookButtons: scanning 28 behaviours
[20:48:33] Button hook complete — hooked 0 button(s)
[20:48:33] HookButtons: scanning 28 behaviours
[20:48:33] Button hook complete — hooked 0 button(s)
[20:48:33] HookButtons: scanning 28 behaviours
[20:48:33] Button hook complete — hooked 0 button(s)
[20:48:33] HookButtons: scanning 28 behaviours
[20:48:33] Button hook complete — hooked 0 button(s)
[20:48:33] HookButtons: scanning 28 behaviours
[20:48:33] Button hook complete — hooked 0 button(s)
[20:48:33] HookButtons: scanning 28 behaviours
[20:48:33] Button hook complete — hooked 0 button(s)
[20:48:34] HookButtons: scanning 28 behaviours
[20:48:34] Button hook complete — hooked 0 button(s)
[20:48:34] HookButtons: scanning 28 behaviours
[20:48:34] Button hook complete — hooked 0 button(s)
[20:48:34] HookButtons: scanning 28 behaviours
[20:48:34] Button hook complete — hooked 0 button(s)
[20:48:34] HookButtons: scanning 28 behaviours
[20:48:34] Button hook complete — hooked 0 button(s)
[20:48:34] HookButtons: scanning 28 behaviours
[20:48:34] Button hook complete — hooked 0 button(s)
[20:48:34] HookButtons: scanning 28 behaviours
[20:48:34] Button hook complete — hooked 0 button(s)
[20:48:35] HookButtons: scanning 28 behaviours
[20:48:35] Button hook complete — hooked 0 button(s)
[20:48:35] HookButtons: scanning 28 behaviours
[20:48:35] Button hook complete — hooked 0 button(s)
[20:48:35] HookButtons: scanning 28 behaviours
[20:48:35] Button hook complete — hooked 0 button(s)
[20:48:35] HookButtons: scanning 28 behaviours
[20:48:35] Button hook complete — hooked 0 button(s)
[20:48:35] HookButtons: scanning 28 behaviours
[20:48:35] Button hook complete — hooked 0 button(s)
[20:48:35] HookButtons: scanning 28 behaviours
[20:48:35] Button hook complete — hooked 0 button(s)
[20:48:36] HookButtons: scanning 28 behaviours
[20:48:36] Button hook complete — hooked 0 button(s)
[20:48:36] HookButtons: scanning 28 behaviours
[20:48:36] Button hook complete — hooked 0 button(s)
[20:48:36] HookButtons: scanning 28 behaviours
[20:48:36] Button hook complete — hooked 0 button(s)
[20:48:36] HookButtons: scanning 28 behaviours
[20:48:36] Button hook complete — hooked 0 button(s)
[20:48:36] HookButtons: scanning 28 behaviours
[20:48:36] Button hook complete — hooked 0 button(s)
[20:48:36] HookButtons: scanning 28 behaviours
[20:48:36] Button hook complete — hooked 0 button(s)
[20:48:37] HookButtons: scanning 28 behaviours
[20:48:37] Button hook complete — hooked 0 button(s)
[20:48:37] HookButtons: scanning 28 behaviours
[20:48:37] Button hook complete — hooked 0 button(s)
[20:48:37] HookButtons: scanning 28 behaviours
[20:48:37] Button hook complete — hooked 0 button(s)
[20:48:37] HookButtons: scanning 28 behaviours
[20:48:37] Button hook complete — hooked 0 button(s)
[20:48:37] HookButtons: scanning 28 behaviours
[20:48:37] Button hook complete — hooked 0 button(s)
[20:48:37] HookButtons: scanning 28 behaviours
[20:48:37] Button hook complete — hooked 0 button(s)
[20:48:38] HookButtons: scanning 28 behaviours
[20:48:38] Button hook complete — hooked 0 button(s)
[20:48:38] HookButtons: scanning 28 behaviours
[20:48:38] Button hook complete — hooked 0 button(s)
[20:48:38] HookButtons: scanning 28 behaviours
[20:48:38] Button hook complete — hooked 0 button(s)
[20:48:38] HookButtons: scanning 28 behaviours
[20:48:38] Button hook complete — hooked 0 button(s)
[20:48:38] HookButtons: scanning 28 behaviours
[20:48:38] Button hook complete — hooked 0 button(s)
[20:48:38] HookButtons: scanning 28 behaviours
[20:48:38] Button hook complete — hooked 0 button(s)
[20:48:39] HookButtons: scanning 28 behaviours
[20:48:39] Button hook complete — hooked 0 button(s)
[20:48:39] HookButtons: scanning 28 behaviours
[20:48:39] Button hook complete — hooked 0 button(s)
[20:48:39] HookButtons: scanning 28 behaviours
[20:48:39] Button hook complete — hooked 0 button(s)
[20:48:39] HookButtons: scanning 28 behaviours
[20:48:39] Button hook complete — hooked 0 button(s)
[20:48:39] HookButtons: scanning 28 behaviours
[20:48:39] Button hook complete — hooked 0 button(s)
[20:48:39] HookButtons: scanning 28 behaviours
[20:48:39] Button hook complete — hooked 0 button(s)
[20:48:39] HookButtons: scanning 28 behaviours
[20:48:40] Button hook complete — hooked 0 button(s)
[20:48:40] HookButtons: scanning 28 behaviours
[20:48:40] Button hook complete — hooked 0 button(s)
[20:48:40] HookButtons: scanning 28 behaviours
[20:48:40] Button hook complete — hooked 0 button(s)
[20:48:40] HookButtons: scanning 28 behaviours
[20:48:40] Button hook complete — hooked 0 button(s)
[20:48:40] HookButtons: scanning 28 behaviours
[20:48:40] Button hook complete — hooked 0 button(s)
[20:48:40] HookButtons: scanning 28 behaviours
[20:48:40] Button hook complete — hooked 0 button(s)
[20:48:40] HookButtons: scanning 28 behaviours
[20:48:40] Button hook complete — hooked 0 button(s)
[20:48:41] HookButtons: scanning 28 behaviours
[20:48:41] Button hook complete — hooked 0 button(s)
[20:48:41] HookButtons: scanning 28 behaviours
[20:48:41] Button hook complete — hooked 0 button(s)
[20:48:41] HookButtons: scanning 28 behaviours
[20:48:41] Button hook complete — hooked 0 button(s)
[20:48:41] HookButtons: scanning 28 behaviours
[20:48:41] Button hook complete — hooked 0 button(s)
[20:48:41] HookButtons: scanning 28 behaviours
[20:48:41] Button hook complete — hooked 0 button(s)
[20:48:41] HookButtons: scanning 28 behaviours
[20:48:41] Button hook complete — hooked 0 button(s)
[20:48:42] HookButtons: scanning 28 behaviours
[20:48:42] Button hook complete — hooked 0 button(s)
[20:48:42] HookButtons: scanning 28 behaviours
[20:48:42] Button hook complete — hooked 0 button(s)
[20:48:42] HookButtons: scanning 28 behaviours
[20:48:42] Button hook complete — hooked 0 button(s)
[20:48:42] HookButtons: scanning 28 behaviours
[20:48:42] Button hook complete — hooked 0 button(s)
[20:48:42] HookButtons: scanning 28 behaviours
[20:48:42] Button hook complete — hooked 0 button(s)
[20:48:42] HookButtons: scanning 28 behaviours
[20:48:42] Button hook complete — hooked 0 button(s)
[20:48:43] HookButtons: scanning 28 behaviours
[20:48:43] Button hook complete — hooked 0 button(s)
[20:48:43] HookButtons: scanning 28 behaviours
[20:48:43] Button hook complete — hooked 0 button(s)
[20:48:43] HookButtons: scanning 28 behaviours
[20:48:43] Button hook complete — hooked 0 button(s)
[20:48:43] HookButtons: scanning 28 behaviours
[20:48:43] Button hook complete — hooked 0 button(s)
[20:48:43] HookButtons: scanning 28 behaviours
[20:48:43] Button hook complete — hooked 0 button(s)
[20:48:43] HookButtons: scanning 28 behaviours
[20:48:43] Button hook complete — hooked 0 button(s)
[20:48:44] HookButtons: scanning 28 behaviours
[20:48:44] Button hook complete — hooked 0 button(s)
[20:48:44] HookButtons: scanning 28 behaviours
[20:48:44] Button hook complete — hooked 0 button(s)
[20:48:44] HookButtons: scanning 28 behaviours
[20:48:44] Button hook complete — hooked 0 button(s)
[20:48:44] HookButtons: scanning 28 behaviours
[20:48:44] Button hook complete — hooked 0 button(s)
[20:48:44] HookButtons: scanning 28 behaviours
[20:48:44] Button hook complete — hooked 0 button(s)
[20:48:44] HookButtons: scanning 28 behaviours
[20:48:44] Button hook complete — hooked 0 button(s)
[20:48:45] HookButtons: scanning 28 behaviours
[20:48:45] Button hook complete — hooked 0 button(s)
[20:48:45] HookButtons: scanning 28 behaviours
[20:48:45] Button hook complete — hooked 0 button(s)
[20:48:45] HookButtons: scanning 28 behaviours
[20:48:45] Button hook complete — hooked 0 button(s)
[20:48:45] HookButtons: scanning 28 behaviours
[20:48:45] Button hook complete — hooked 0 button(s)
[20:48:45] HookButtons: scanning 28 behaviours
[20:48:45] Button hook complete — hooked 0 button(s)
[20:48:45] HookButtons: scanning 28 behaviours
[20:48:45] Button hook complete — hooked 0 button(s)
[20:48:46] HookButtons: scanning 28 behaviours
[20:48:46] Button hook complete — hooked 0 button(s)
[20:48:46] HookButtons: scanning 28 behaviours
[20:48:46] Button hook complete — hooked 0 button(s)
[20:48:46] HookButtons: scanning 28 behaviours
[20:48:46] Button hook complete — hooked 0 button(s)
[20:48:46] HookButtons: scanning 28 behaviours
[20:48:46] Button hook complete — hooked 0 button(s)
[20:48:46] HookButtons: scanning 28 behaviours
[20:48:46] Button hook complete — hooked 0 button(s)
[20:48:46] HookButtons: scanning 28 behaviours
[20:48:46] Button hook complete — hooked 0 button(s)
[20:48:47] HookButtons: scanning 28 behaviours
[20:48:47] Button hook complete — hooked 0 button(s)
[20:48:47] HookButtons: scanning 28 behaviours
[20:48:47] Button hook complete — hooked 0 button(s)
[20:48:47] HookButtons: scanning 28 behaviours
[20:48:47] Button hook complete — hooked 0 button(s)
[20:48:47] HookButtons: scanning 28 behaviours
[20:48:47] Button hook complete — hooked 0 button(s)
[20:48:47] HookButtons: scanning 28 behaviours
[20:48:47] Button hook complete — hooked 0 button(s)
[20:48:47] HookButtons: scanning 28 behaviours
[20:48:47] Button hook complete — hooked 0 button(s)
[20:48:48] HookButtons: scanning 28 behaviours
[20:48:48] Button hook complete — hooked 0 button(s)
[20:48:48] HookButtons: scanning 28 behaviours
[20:48:48] Button hook complete — hooked 0 button(s)
[20:48:48] HookButtons: scanning 28 behaviours
[20:48:48] Button hook complete — hooked 0 button(s)
[20:48:48] HookButtons: scanning 28 behaviours
[20:48:48] Button hook complete — hooked 0 button(s)
[20:48:48] HookButtons: scanning 28 behaviours
[20:48:48] Button hook complete — hooked 0 button(s)
[20:48:48] HookButtons: scanning 28 behaviours
[20:48:48] Button hook complete — hooked 0 button(s)
[20:48:49] HookButtons: scanning 28 behaviours
[20:48:49] Button hook complete — hooked 0 button(s)
[20:48:49] HookButtons: scanning 28 behaviours
[20:48:49] Button hook complete — hooked 0 button(s)
[20:48:49] HookButtons: scanning 28 behaviours
[20:48:49] Button hook complete — hooked 0 button(s)
[20:48:49] HookButtons: scanning 28 behaviours
[20:48:49] Button hook complete — hooked 0 button(s)
[20:48:49] HookButtons: scanning 28 behaviours
[20:48:49] Button hook complete — hooked 0 button(s)
[20:48:49] HookButtons: scanning 28 behaviours
[20:48:49] Button hook complete — hooked 0 button(s)
[20:48:50] HookButtons: scanning 28 behaviours
[20:48:50] Button hook complete — hooked 0 button(s)
[20:48:50] HookButtons: scanning 28 behaviours
[20:48:50] Button hook complete — hooked 0 button(s)
[20:48:50] HookButtons: scanning 28 behaviours
[20:48:50] Button hook complete — hooked 0 button(s)
[20:48:50] HookButtons: scanning 28 behaviours
[20:48:50] Button hook complete — hooked 0 button(s)
[20:48:50] HookButtons: scanning 28 behaviours
[20:48:50] Button hook complete — hooked 0 button(s)
[20:48:50] HookButtons: scanning 28 behaviours
[20:48:50] Button hook complete — hooked 0 button(s)
[20:48:51] HookButtons: scanning 28 behaviours
[20:48:51] Button hook complete — hooked 0 button(s)
[20:48:51] HookButtons: scanning 28 behaviours
[20:48:51] Button hook complete — hooked 0 button(s)
[20:48:51] HookButtons: scanning 28 behaviours
[20:48:51] Button hook complete — hooked 0 button(s)
[20:48:51] HookButtons: scanning 28 behaviours
[20:48:51] Button hook complete — hooked 0 button(s)
[20:48:51] HookButtons: scanning 28 behaviours
[20:48:51] Button hook complete — hooked 0 button(s)
[20:48:51] HookButtons: scanning 28 behaviours
[20:48:51] Button hook complete — hooked 0 button(s)
[20:48:52] HookButtons: scanning 28 behaviours
[20:48:52] Button hook complete — hooked 0 button(s)
[20:48:52] HookButtons: scanning 28 behaviours
[20:48:52] Button hook complete — hooked 0 button(s)
[20:48:52] HookButtons: scanning 28 behaviours
[20:48:52] Button hook complete — hooked 0 button(s)
[20:48:52] HookButtons: scanning 28 behaviours
[20:48:52] Button hook complete — hooked 0 button(s)
[20:48:52] HookButtons: scanning 28 behaviours
[20:48:52] Button hook complete — hooked 0 button(s)
[20:48:52] HookButtons: scanning 28 behaviours
[20:48:52] Button hook complete — hooked 0 button(s)
[20:48:53] HookButtons: scanning 28 behaviours
[20:48:53] Button hook complete — hooked 0 button(s)
[20:48:53] HookButtons: scanning 28 behaviours
[20:48:53] Button hook complete — hooked 0 button(s)
[20:48:53] HookButtons: scanning 28 behaviours
[20:48:53] Button hook complete — hooked 0 button(s)
[20:48:53] HookButtons: scanning 28 behaviours
[20:48:53] Button hook complete — hooked 0 button(s)
[20:48:53] HookButtons: scanning 28 behaviours
[20:48:53] Button hook complete — hooked 0 button(s)
[20:48:53] HookButtons: scanning 28 behaviours
[20:48:53] Button hook complete — hooked 0 button(s)
[20:48:54] HookButtons: scanning 28 behaviours
[20:48:54] Button hook complete — hooked 0 button(s)
[20:48:54] HookButtons: scanning 28 behaviours
[20:48:54] Button hook complete — hooked 0 button(s)
[20:48:54] HookButtons: scanning 28 behaviours
[20:48:54] Button hook complete — hooked 0 button(s)
[20:48:54] HookButtons: scanning 28 behaviours
[20:48:54] Button hook complete — hooked 0 button(s)
[20:48:54] HookButtons: scanning 28 behaviours
[20:48:54] Button hook complete — hooked 0 button(s)
[20:48:54] HookButtons: scanning 28 behaviours
[20:48:54] Button hook complete — hooked 0 button(s)
[20:48:54] HookButtons: scanning 28 behaviours
[20:48:54] Button hook complete — hooked 0 button(s)
[20:48:55] HookButtons: scanning 28 behaviours
[20:48:55] Button hook complete — hooked 0 button(s)
[20:48:55] HookButtons: scanning 28 behaviours
[20:48:55] Button hook complete — hooked 0 button(s)
[20:48:55] HookButtons: scanning 28 behaviours
[20:48:55] Button hook complete — hooked 0 button(s)
[20:48:55] HookButtons: scanning 28 behaviours
[20:48:55] Button hook complete — hooked 0 button(s)
[20:48:55] HookButtons: scanning 28 behaviours
[20:48:55] Button hook complete — hooked 0 button(s)
[20:48:55] HookButtons: scanning 28 behaviours
[20:48:55] Button hook complete — hooked 0 button(s)
[20:48:56] HookButtons: scanning 28 behaviours
[20:48:56] Button hook complete — hooked 0 button(s)
[20:48:56] HookButtons: scanning 28 behaviours
[20:48:56] Button hook complete — hooked 0 button(s)
[20:48:56] HookButtons: scanning 28 behaviours
[20:48:56] Button hook complete — hooked 0 button(s)
[20:48:56] HookButtons: scanning 28 behaviours
[20:48:56] Button hook complete — hooked 0 button(s)
[20:48:56] HookButtons: scanning 28 behaviours
[20:48:56] Button hook complete — hooked 0 button(s)
[20:48:56] HookButtons: scanning 28 behaviours
[20:48:56] Button hook complete — hooked 0 button(s)
[20:48:57] HookButtons: scanning 28 behaviours
[20:48:57] Button hook complete — hooked 0 button(s)
[20:48:57] HookButtons: scanning 28 behaviours
[20:48:57] Button hook complete — hooked 0 button(s)
[20:48:57] HookButtons: scanning 28 behaviours
[20:48:57] Button hook complete — hooked 0 button(s)
[20:48:57] HookButtons: scanning 28 behaviours
[20:48:57] Button hook complete — hooked 0 button(s)
[20:48:57] HookButtons: scanning 28 behaviours
[20:48:57] Button hook complete — hooked 0 button(s)
[20:48:57] HookButtons: scanning 28 behaviours
[20:48:57] Button hook complete — hooked 0 button(s)
[20:48:58] HookButtons: scanning 28 behaviours
[20:48:58] Button hook complete — hooked 0 button(s)
[20:48:58] HookButtons: scanning 28 behaviours
[20:48:58] Button hook complete — hooked 0 button(s)
[20:48:58] HookButtons: scanning 28 behaviours
[20:48:58] Button hook complete — hooked 0 button(s)
[20:48:58] HookButtons: scanning 28 behaviours
[20:48:58] Button hook complete — hooked 0 button(s)
[20:48:58] HookButtons: scanning 28 behaviours
[20:48:58] Button hook complete — hooked 0 button(s)
[20:48:58] HookButtons: scanning 28 behaviours
[20:48:58] Button hook complete — hooked 0 button(s)
[20:48:59] HookButtons: scanning 28 behaviours
[20:48:59] Button hook complete — hooked 0 button(s)
[20:48:59] HookButtons: scanning 28 behaviours
[20:48:59] Button hook complete — hooked 0 button(s)
[20:48:59] HookButtons: scanning 28 behaviours
[20:48:59] Button hook complete — hooked 0 button(s)
[20:48:59] HookButtons: scanning 28 behaviours
[20:48:59] Button hook complete — hooked 0 button(s)
[20:48:59] HookButtons: scanning 28 behaviours
[20:48:59] Button hook complete — hooked 0 button(s)
[20:48:59] HookButtons: scanning 28 behaviours
[20:48:59] Button hook complete — hooked 0 button(s)
[20:49:00] HookButtons: scanning 28 behaviours
[20:49:00] Button hook complete — hooked 0 button(s)
[20:49:00] HookButtons: scanning 28 behaviours
[20:49:00] Button hook complete — hooked 0 button(s)
[20:49:00] HookButtons: scanning 28 behaviours
[20:49:00] Button hook complete — hooked 0 button(s)
[20:49:00] HookButtons: scanning 28 behaviours
[20:49:00] Button hook complete — hooked 0 button(s)
[20:49:00] HookButtons: scanning 28 behaviours
[20:49:00] Button hook complete — hooked 0 button(s)
[20:49:00] HookButtons: scanning 28 behaviours
[20:49:00] Button hook complete — hooked 0 button(s)
[20:49:01] HookButtons: scanning 28 behaviours
[20:49:01] Button hook complete — hooked 0 button(s)
[20:49:01] HookButtons: scanning 28 behaviours
[20:49:01] Button hook complete — hooked 0 button(s)
[20:49:01] HookButtons: scanning 28 behaviours
[20:49:01] Button hook complete — hooked 0 button(s)
[20:49:01] HookButtons: scanning 28 behaviours
[20:49:01] Button hook complete — hooked 0 button(s)
[20:49:01] HookButtons: scanning 28 behaviours
[20:49:01] Button hook complete — hooked 0 button(s)
[20:49:01] HookButtons: scanning 28 behaviours
[20:49:01] Button hook complete — hooked 0 button(s)
[20:49:02] HookButtons: scanning 28 behaviours
[20:49:02] Button hook complete — hooked 0 button(s)
[20:49:02] HookButtons: scanning 28 behaviours
[20:49:02] Button hook complete — hooked 0 button(s)
[20:49:02] HookButtons: scanning 28 behaviours
[20:49:02] Button hook complete — hooked 0 button(s)
[20:49:02] HookButtons: scanning 28 behaviours
[20:49:02] Button hook complete — hooked 0 button(s)
[20:49:02] HookButtons: scanning 28 behaviours
[20:49:02] Button hook complete — hooked 0 button(s)
[20:49:02] HookButtons: scanning 28 behaviours
[20:49:02] Button hook complete — hooked 0 button(s)
[20:49:03] HookButtons: scanning 28 behaviours
[20:49:03] Button hook complete — hooked 0 button(s)
[20:49:03] HookButtons: scanning 28 behaviours
[20:49:03] Button hook complete — hooked 0 button(s)
[20:49:03] HookButtons: scanning 28 behaviours
[20:49:03] Button hook complete — hooked 0 button(s)
[20:49:03] HookButtons: scanning 28 behaviours
[20:49:03] Button hook complete — hooked 0 button(s)
[20:49:03] HookButtons: scanning 28 behaviours
[20:49:03] Button hook complete — hooked 0 button(s)
[20:49:03] HookButtons: scanning 28 behaviours
[20:49:03] Button hook complete — hooked 0 button(s)
[20:49:04] HookButtons: scanning 28 behaviours
[20:49:04] Button hook complete — hooked 0 button(s)
[20:49:04] HookButtons: scanning 28 behaviours
[20:49:04] Button hook complete — hooked 0 button(s)
[20:49:04] HookButtons: scanning 28 behaviours
[20:49:04] Button hook complete — hooked 0 button(s)
[20:49:04] HookButtons: scanning 28 behaviours
[20:49:04] Button hook complete — hooked 0 button(s)
[20:49:04] HookButtons: scanning 28 behaviours
[20:49:04] Button hook complete — hooked 0 button(s)
[20:49:04] HookButtons: scanning 28 behaviours
[20:49:04] Button hook complete — hooked 0 button(s)
[20:49:05] HookButtons: scanning 28 behaviours
[20:49:05] Button hook complete — hooked 0 button(s)
[20:49:05] HookButtons: scanning 28 behaviours
[20:49:05] Button hook complete — hooked 0 button(s)
[20:49:05] HookButtons: scanning 28 behaviours
[20:49:05] Button hook complete — hooked 0 button(s)
[20:49:05] HookButtons: scanning 28 behaviours
[20:49:05] Button hook complete — hooked 0 button(s)
[20:49:05] HookButtons: scanning 28 behaviours
[20:49:05] Button hook complete — hooked 0 button(s)
[20:49:05] HookButtons: scanning 28 behaviours
[20:49:05] Button hook complete — hooked 0 button(s)
[20:49:05] HookButtons: scanning 28 behaviours
[20:49:05] Button hook complete — hooked 0 button(s)
[20:49:06] HookButtons: scanning 28 behaviours
[20:49:06] Button hook complete — hooked 0 button(s)
[20:49:06] HookButtons: scanning 28 behaviours
[20:49:06] Button hook complete — hooked 0 button(s)
[20:49:06] HookButtons: scanning 28 behaviours
[20:49:06] Button hook complete — hooked 0 button(s)
[20:49:06] HookButtons: scanning 28 behaviours
[20:49:06] Button hook complete — hooked 0 button(s)
[20:49:06] HookButtons: scanning 28 behaviours
[20:49:06] Button hook complete — hooked 0 button(s)
[20:49:06] HookButtons: scanning 28 behaviours
[20:49:06] Button hook complete — hooked 0 button(s)
[20:49:07] HookButtons: scanning 28 behaviours
[20:49:07] Button hook complete — hooked 0 button(s)
[20:49:07] HookButtons: scanning 28 behaviours
[20:49:07] Button hook complete — hooked 0 button(s)
[20:49:07] HookButtons: scanning 28 behaviours
[20:49:07] Button hook complete — hooked 0 button(s)
[20:49:07] HookButtons: scanning 28 behaviours
[20:49:07] Button hook complete — hooked 0 button(s)
[20:49:07] HookButtons: scanning 28 behaviours
[20:49:07] Button hook complete — hooked 0 button(s)
[20:49:07] HookButtons: scanning 28 behaviours
[20:49:07] Button hook complete — hooked 0 button(s)
[20:49:08] HookButtons: scanning 28 behaviours
[20:49:08] Button hook complete — hooked 0 button(s)
[20:49:08] HookButtons: scanning 28 behaviours
[20:49:08] Button hook complete — hooked 0 button(s)
[20:49:08] HookButtons: scanning 28 behaviours
[20:49:08] Button hook complete — hooked 0 button(s)
[20:49:08] HookButtons: scanning 28 behaviours
[20:49:08] Button hook complete — hooked 0 button(s)
[20:49:08] HookButtons: scanning 28 behaviours
[20:49:08] Button hook complete — hooked 0 button(s)
[20:49:08] HookButtons: scanning 28 behaviours
[20:49:08] Button hook complete — hooked 0 button(s)
[20:49:09] HookButtons: scanning 28 behaviours
[20:49:09] Button hook complete — hooked 0 button(s)
[20:49:09] HookButtons: scanning 28 behaviours
[20:49:09] Button hook complete — hooked 0 button(s)
[20:49:09] HookButtons: scanning 28 behaviours
[20:49:09] Button hook complete — hooked 0 button(s)
[20:49:09] HookButtons: scanning 28 behaviours
[20:49:09] Button hook complete — hooked 0 button(s)
[20:49:09] HookButtons: scanning 28 behaviours
[20:49:09] Button hook complete — hooked 0 button(s)
[20:49:09] HookButtons: scanning 28 behaviours
[20:49:09] Button hook complete — hooked 0 button(s)
[20:49:10] HookButtons: scanning 28 behaviours
[20:49:10] Button hook complete — hooked 0 button(s)
[20:49:10] HookButtons: scanning 28 behaviours
[20:49:10] Button hook complete — hooked 0 button(s)
[20:49:10] HookButtons: scanning 28 behaviours
[20:49:10] Button hook complete — hooked 0 button(s)
[20:49:10] HookButtons: scanning 28 behaviours
[20:49:10] Button hook complete — hooked 0 button(s)
[20:49:10] HookButtons: scanning 28 behaviours
[20:49:10] Button hook complete — hooked 0 button(s)
[20:49:10] HookButtons: scanning 28 behaviours
[20:49:10] Button hook complete — hooked 0 button(s)
[20:49:11] HookButtons: scanning 28 behaviours
[20:49:11] Button hook complete — hooked 0 button(s)
[20:49:11] HookButtons: scanning 28 behaviours
[20:49:11] Button hook complete — hooked 0 button(s)
[20:49:11] HookButtons: scanning 28 behaviours
[20:49:11] Button hook complete — hooked 0 button(s)
[20:49:11] HookButtons: scanning 28 behaviours
[20:49:11] Button hook complete — hooked 0 button(s)
[20:49:11] HookButtons: scanning 28 behaviours
[20:49:11] Button hook complete — hooked 0 button(s)
[20:49:11] HookButtons: scanning 28 behaviours
[20:49:11] Button hook complete — hooked 0 button(s)
[20:49:11] HookButtons: scanning 28 behaviours
[20:49:11] Button hook complete — hooked 0 button(s)
[20:49:12] HookButtons: scanning 28 behaviours
[20:49:12] Button hook complete — hooked 0 button(s)
[20:49:12] HookButtons: scanning 28 behaviours
[20:49:12] Button hook complete — hooked 0 button(s)
[20:49:12] HookButtons: scanning 28 behaviours
[20:49:12] Button hook complete — hooked 0 button(s)
[20:49:12] HookButtons: scanning 28 behaviours
[20:49:12] Button hook complete — hooked 0 button(s)
[20:49:12] HookButtons: scanning 28 behaviours
[20:49:12] Button hook complete — hooked 0 button(s)
[20:49:12] HookButtons: scanning 28 behaviours
[20:49:12] Button hook complete — hooked 0 button(s)
[20:49:13] HookButtons: scanning 28 behaviours
[20:49:13] Button hook complete — hooked 0 button(s)
[20:49:13] HookButtons: scanning 28 behaviours
[20:49:13] Button hook complete — hooked 0 button(s)
[20:49:13] HookButtons: scanning 28 behaviours
[20:49:13] Button hook complete — hooked 0 button(s)
[20:49:13] HookButtons: scanning 28 behaviours
[20:49:13] Button hook complete — hooked 0 button(s)
[20:49:13] HookButtons: scanning 28 behaviours
[20:49:13] Button hook complete — hooked 0 button(s)
[20:49:13] HookButtons: scanning 28 behaviours
[20:49:13] Button hook complete — hooked 0 button(s)
[20:49:14] HookButtons: scanning 28 behaviours
[20:49:14] Button hook complete — hooked 0 button(s)
[20:49:14] HookButtons: scanning 28 behaviours
[20:49:14] Button hook complete — hooked 0 button(s)
[20:49:14] HookButtons: scanning 28 behaviours
[20:49:14] Button hook complete — hooked 0 button(s)
[20:49:14] HookButtons: scanning 28 behaviours
[20:49:14] Button hook complete — hooked 0 button(s)
[20:49:14] HookButtons: scanning 28 behaviours
[20:49:14] Button hook complete — hooked 0 button(s)
[20:49:14] HookButtons: scanning 28 behaviours
[20:49:14] Button hook complete — hooked 0 button(s)
[20:49:15] HookButtons: scanning 28 behaviours
[20:49:15] Button hook complete — hooked 0 button(s)
[20:49:15] HookButtons: scanning 28 behaviours
[20:49:15] Button hook complete — hooked 0 button(s)
[20:49:15] HookButtons: scanning 28 behaviours
[20:49:15] Button hook complete — hooked 0 button(s)
[20:49:15] HookButtons: scanning 28 behaviours
[20:49:15] Button hook complete — hooked 0 button(s)
[20:49:15] HookButtons: scanning 28 behaviours
[20:49:15] Button hook complete — hooked 0 button(s)
[20:49:15] HookButtons: scanning 28 behaviours
[20:49:15] Button hook complete — hooked 0 button(s)
[20:49:16] HookButtons: scanning 28 behaviours
[20:49:16] Button hook complete — hooked 0 button(s)
[20:49:16] HookButtons: scanning 28 behaviours
[20:49:16] Button hook complete — hooked 0 button(s)
[20:49:16] HookButtons: scanning 28 behaviours
[20:49:16] Button hook complete — hooked 0 button(s)
[20:49:16] HookButtons: scanning 28 behaviours
[20:49:16] Button hook complete — hooked 0 button(s)
[20:49:16] HookButtons: scanning 28 behaviours
[20:49:16] Button hook complete — hooked 0 button(s)
[20:49:16] HookButtons: scanning 28 behaviours
[20:49:16] Button hook complete — hooked 0 button(s)
[20:49:17] HookButtons: scanning 28 behaviours
[20:49:17] Button hook complete — hooked 0 button(s)
[20:49:17] HookButtons: scanning 28 behaviours
[20:49:17] Button hook complete — hooked 0 button(s)
[20:49:17] HookButtons: scanning 28 behaviours
[20:49:17] Button hook complete — hooked 0 button(s)
[20:49:17] HookButtons: scanning 28 behaviours
[20:49:17] Button hook complete — hooked 0 button(s)
[20:49:17] HookButtons: scanning 28 behaviours
[20:49:17] Button hook complete — hooked 0 button(s)
[20:49:17] HookButtons: scanning 28 behaviours
[20:49:17] Button hook complete — hooked 0 button(s)
[20:49:18] HookButtons: scanning 28 behaviours
[20:49:18] Button hook complete — hooked 0 button(s)
[20:49:18] HookButtons: scanning 28 behaviours
[20:49:18] Button hook complete — hooked 0 button(s)
[20:49:18] HookButtons: scanning 28 behaviours
[20:49:18] Button hook complete — hooked 0 button(s)
[20:49:18] HookButtons: scanning 28 behaviours
[20:49:18] Button hook complete — hooked 0 button(s)
[20:49:18] HookButtons: scanning 28 behaviours
[20:49:18] Button hook complete — hooked 0 button(s)
[20:49:18] HookButtons: scanning 28 behaviours
[20:49:18] Button hook complete — hooked 0 button(s)
[20:49:19] HookButtons: scanning 28 behaviours
[20:49:19] Button hook complete — hooked 0 button(s)
[20:49:19] HookButtons: scanning 28 behaviours
[20:49:19] Button hook complete — hooked 0 button(s)
[20:49:19] HookButtons: scanning 28 behaviours
[20:49:19] Button hook complete — hooked 0 button(s)
[20:49:19] HookButtons: scanning 28 behaviours
[20:49:19] Button hook complete — hooked 0 button(s)
[20:49:19] HookButtons: scanning 28 behaviours
[20:49:19] Button hook complete — hooked 0 button(s)
[20:49:19] HookButtons: scanning 28 behaviours
[20:49:19] Button hook complete — hooked 0 button(s)
[20:49:20] HookButtons: scanning 28 behaviours
[20:49:20] Button hook complete — hooked 0 button(s)
[20:49:20] HookButtons: scanning 28 behaviours
[20:49:20] Button hook complete — hooked 0 button(s)
[20:49:20] HookButtons: scanning 28 behaviours
[20:49:20] Button hook complete — hooked 0 button(s)
[20:49:20] HookButtons: scanning 28 behaviours
[20:49:20] Button hook complete — hooked 0 button(s)
[20:49:20] HookButtons: scanning 28 behaviours
[20:49:20] Button hook complete — hooked 0 button(s)
[20:49:20] HookButtons: scanning 28 behaviours
[20:49:20] Button hook complete — hooked 0 button(s)
[20:49:21] HookButtons: scanning 28 behaviours
[20:49:21] Button hook complete — hooked 0 button(s)
[20:49:21] HookButtons: scanning 28 behaviours
[20:49:21] Button hook complete — hooked 0 button(s)
[20:49:21] HookButtons: scanning 28 behaviours
[20:49:21] Button hook complete — hooked 0 button(s)
[20:49:21] HookButtons: scanning 28 behaviours
[20:49:21] Button hook complete — hooked 0 button(s)
[20:49:21] HookButtons: scanning 28 behaviours
[20:49:21] Button hook complete — hooked 0 button(s)
[20:49:21] HookButtons: scanning 28 behaviours
[20:49:21] Button hook complete — hooked 0 button(s)
[20:49:22] HookButtons: scanning 28 behaviours
[20:49:22] Button hook complete — hooked 0 button(s)
[20:49:22] HookButtons: scanning 28 behaviours
[20:49:22] Button hook complete — hooked 0 button(s)
[20:49:22] HookButtons: scanning 28 behaviours
[20:49:22] Button hook complete — hooked 0 button(s)
[20:49:22] HookButtons: scanning 28 behaviours
[20:49:22] Button hook complete — hooked 0 button(s)
[20:49:22] HookButtons: scanning 28 behaviours
[20:49:22] Button hook complete — hooked 0 button(s)
[20:49:22] HookButtons: scanning 28 behaviours
[20:49:22] Button hook complete — hooked 0 button(s)
[20:49:23] HookButtons: scanning 28 behaviours
[20:49:23] Button hook complete — hooked 0 button(s)
[20:49:23] HookButtons: scanning 28 behaviours
[20:49:23] Button hook complete — hooked 0 button(s)
[20:49:23] HookButtons: scanning 28 behaviours
[20:49:23] Button hook complete — hooked 0 button(s)
[20:49:23] HookButtons: scanning 28 behaviours
[20:49:23] Button hook complete — hooked 0 button(s)
[20:49:23] HookButtons: scanning 28 behaviours
[20:49:23] Button hook complete — hooked 0 button(s)
[20:49:23] HookButtons: scanning 28 behaviours
[20:49:23] Button hook complete — hooked 0 button(s)
[20:49:24] HookButtons: scanning 28 behaviours
[20:49:24] Button hook complete — hooked 0 button(s)
[20:49:24] HookButtons: scanning 28 behaviours
[20:49:24] Button hook complete — hooked 0 button(s)
[20:49:24] HookButtons: scanning 28 behaviours
[20:49:24] Button hook complete — hooked 0 button(s)
[20:49:24] HookButtons: scanning 28 behaviours
[20:49:24] Button hook complete — hooked 0 button(s)
[20:49:24] HookButtons: scanning 28 behaviours
[20:49:24] Button hook complete — hooked 0 button(s)
[20:49:24] HookButtons: scanning 28 behaviours
[20:49:24] Button hook complete — hooked 0 button(s)
[20:49:25] HookButtons: scanning 28 behaviours
[20:49:25] Button hook complete — hooked 0 button(s)
[20:49:25] HookButtons: scanning 28 behaviours
[20:49:25] Button hook complete — hooked 0 button(s)
[20:49:25] HookButtons: scanning 28 behaviours
[20:49:25] Button hook complete — hooked 0 button(s)
[20:49:25] HookButtons: scanning 28 behaviours
[20:49:25] Button hook complete — hooked 0 button(s)
[20:49:25] HookButtons: scanning 28 behaviours
[20:49:25] Button hook complete — hooked 0 button(s)
[20:49:25] HookButtons: scanning 28 behaviours
[20:49:25] Button hook complete — hooked 0 button(s)
[20:49:26] HookButtons: scanning 28 behaviours
[20:49:26] Button hook complete — hooked 0 button(s)
[20:49:26] HookButtons: scanning 28 behaviours
[20:49:26] Button hook complete — hooked 0 button(s)
[20:49:26] HookButtons: scanning 28 behaviours
[20:49:26] Button hook complete — hooked 0 button(s)
[20:49:26] HookButtons: scanning 28 behaviours
[20:49:26] Button hook complete — hooked 0 button(s)
[20:49:26] HookButtons: scanning 28 behaviours
[20:49:26] Button hook complete — hooked 0 button(s)
[20:49:26] HookButtons: scanning 28 behaviours
[20:49:26] Button hook complete — hooked 0 button(s)
[20:49:27] HookButtons: scanning 28 behaviours
[20:49:27] Button hook complete — hooked 0 button(s)
[20:49:27] HookButtons: scanning 28 behaviours
[20:49:27] Button hook complete — hooked 0 button(s)
[20:49:27] HookButtons: scanning 28 behaviours
[20:49:27] Button hook complete — hooked 0 button(s)
[20:49:27] HookButtons: scanning 28 behaviours
[20:49:27] Button hook complete — hooked 0 button(s)
[20:49:27] HookButtons: scanning 28 behaviours
[20:49:27] Button hook complete — hooked 0 button(s)
[20:49:27] HookButtons: scanning 28 behaviours
[20:49:27] Button hook complete — hooked 0 button(s)
[20:49:28] HookButtons: scanning 28 behaviours
[20:49:28] Button hook complete — hooked 0 button(s)
[20:49:28] HookButtons: scanning 28 behaviours
[20:49:28] Button hook complete — hooked 0 button(s)
[20:49:28] HookButtons: scanning 28 behaviours
[20:49:28] Button hook complete — hooked 0 button(s)
[20:49:28] HookButtons: scanning 28 behaviours
[20:49:28] Button hook complete — hooked 0 button(s)
[20:49:28] HookButtons: scanning 28 behaviours
[20:49:28] Button hook complete — hooked 0 button(s)
[20:49:28] HookButtons: scanning 28 behaviours
[20:49:28] Button hook complete — hooked 0 button(s)
[20:49:28] HookButtons: scanning 28 behaviours
[20:49:28] Button hook complete — hooked 0 button(s)
[20:49:29] HookButtons: scanning 28 behaviours
[20:49:29] Button hook complete — hooked 0 button(s)
[20:49:29] HookButtons: scanning 28 behaviours
[20:49:29] Button hook complete — hooked 0 button(s)
[20:49:29] HookButtons: scanning 28 behaviours
[20:49:29] Button hook complete — hooked 0 button(s)
[20:49:29] HookButtons: scanning 28 behaviours
[20:49:29] Button hook complete — hooked 0 button(s)
[20:49:29] HookButtons: scanning 28 behaviours
[20:49:29] Button hook complete — hooked 0 button(s)
[20:49:29] HookButtons: scanning 28 behaviours
[20:49:29] Button hook complete — hooked 0 button(s)
[20:49:30] HookButtons: scanning 28 behaviours
[20:49:30] Button hook complete — hooked 0 button(s)
[20:49:30] HookButtons: scanning 28 behaviours
[20:49:30] Button hook complete — hooked 0 button(s)
[20:49:30] HookButtons: scanning 28 behaviours
[20:49:30] Button hook complete — hooked 0 button(s)
[20:49:30] HookButtons: scanning 28 behaviours
[20:49:30] Button hook complete — hooked 0 button(s)
[20:49:30] HookButtons: scanning 28 behaviours
[20:49:30] Button hook complete — hooked 0 button(s)
[20:49:30] HookButtons: scanning 28 behaviours
[20:49:30] Button hook complete — hooked 0 button(s)
[20:49:31] HookButtons: scanning 28 behaviours
[20:49:31] Button hook complete — hooked 0 button(s)
[20:49:31] HookButtons: scanning 28 behaviours
[20:49:31] Button hook complete — hooked 0 button(s)
[20:49:31] HookButtons: scanning 28 behaviours
[20:49:31] Button hook complete — hooked 0 button(s)
[20:49:31] HookButtons: scanning 28 behaviours
[20:49:31] Button hook complete — hooked 0 button(s)
[20:49:31] HookButtons: scanning 28 behaviours
[20:49:31] Button hook complete — hooked 0 button(s)
[20:49:31] HookButtons: scanning 28 behaviours
[20:49:31] Button hook complete — hooked 0 button(s)
[20:49:32] HookButtons: scanning 28 behaviours
[20:49:32] Button hook complete — hooked 0 button(s)
[20:49:32] HookButtons: scanning 28 behaviours
[20:49:32] Button hook complete — hooked 0 button(s)
[20:49:32] HookButtons: scanning 28 behaviours
[20:49:32] Button hook complete — hooked 0 button(s)
[20:49:32] HookButtons: scanning 28 behaviours
[20:49:32] Button hook complete — hooked 0 button(s)
[20:49:32] HookButtons: scanning 28 behaviours
[20:49:32] Button hook complete — hooked 0 button(s)
[20:49:32] HookButtons: scanning 28 behaviours
[20:49:32] Button hook complete — hooked 0 button(s)
[20:49:33] HookButtons: scanning 28 behaviours
[20:49:33] Button hook complete — hooked 0 button(s)
[20:49:33] HookButtons: scanning 28 behaviours
[20:49:33] Button hook complete — hooked 0 button(s)
[20:49:33] HookButtons: scanning 28 behaviours
[20:49:33] Button hook complete — hooked 0 button(s)
[20:49:33] HookButtons: scanning 28 behaviours
[20:49:33] Button hook complete — hooked 0 button(s)
[20:49:33] HookButtons: scanning 28 behaviours
[20:49:33] Button hook complete — hooked 0 button(s)
[20:49:33] HookButtons: scanning 28 behaviours
[20:49:33] Button hook complete — hooked 0 button(s)
[20:49:34] HookButtons: scanning 28 behaviours
[20:49:34] Button hook complete — hooked 0 button(s)
[20:49:34] HookButtons: scanning 28 behaviours
[20:49:34] Button hook complete — hooked 0 button(s)
[20:49:34] HookButtons: scanning 28 behaviours
[20:49:34] Button hook complete — hooked 0 button(s)
[20:49:34] HookButtons: scanning 28 behaviours
[20:49:34] Button hook complete — hooked 0 button(s)
[20:49:34] HookButtons: scanning 28 behaviours
[20:49:34] Button hook complete — hooked 0 button(s)
[20:49:34] HookButtons: scanning 28 behaviours
[20:49:34] Button hook complete — hooked 0 button(s)
[20:49:35] HookButtons: scanning 28 behaviours
[20:49:35] Button hook complete — hooked 0 button(s)
[20:49:35] HookButtons: scanning 28 behaviours
[20:49:35] Button hook complete — hooked 0 button(s)
[20:49:35] HookButtons: scanning 28 behaviours
[20:49:35] Button hook complete — hooked 0 button(s)
[20:49:35] HookButtons: scanning 28 behaviours
[20:49:35] Button hook complete — hooked 0 button(s)
[20:49:35] HookButtons: scanning 28 behaviours
[20:49:35] Button hook complete — hooked 0 button(s)
[20:49:35] HookButtons: scanning 28 behaviours
[20:49:35] Button hook complete — hooked 0 button(s)
[20:49:36] HookButtons: scanning 28 behaviours
[20:49:36] Button hook complete — hooked 0 button(s)
[20:49:36] HookButtons: scanning 28 behaviours
[20:49:36] Button hook complete — hooked 0 button(s)
[20:49:36] HookButtons: scanning 28 behaviours
[20:49:36] Button hook complete — hooked 0 button(s)
[20:49:36] HookButtons: scanning 28 behaviours
[20:49:36] Button hook complete — hooked 0 button(s)
[20:49:36] HookButtons: scanning 28 behaviours
[20:49:36] Button hook complete — hooked 0 button(s)
[20:49:36] HookButtons: scanning 28 behaviours
[20:49:36] Button hook complete — hooked 0 button(s)
[20:49:37] HookButtons: scanning 28 behaviours
[20:49:37] Button hook complete — hooked 0 button(s)
[20:49:37] HookButtons: scanning 28 behaviours
[20:49:37] Button hook complete — hooked 0 button(s)
[20:49:37] HookButtons: scanning 28 behaviours
[20:49:37] Button hook complete — hooked 0 button(s)
[20:49:37] HookButtons: scanning 28 behaviours
[20:49:37] Button hook complete — hooked 0 button(s)
[20:49:37] HookButtons: scanning 28 behaviours
[20:49:37] Button hook complete — hooked 0 button(s)
[20:49:37] HookButtons: scanning 28 behaviours
[20:49:37] Button hook complete — hooked 0 button(s)
[20:49:38] HookButtons: scanning 28 behaviours
[20:49:38] Button hook complete — hooked 0 button(s)
[20:49:38] HookButtons: scanning 28 behaviours
[20:49:38] Button hook complete — hooked 0 button(s)
[20:49:38] HookButtons: scanning 28 behaviours
[20:49:38] Button hook complete — hooked 0 button(s)
[20:49:38] HookButtons: scanning 28 behaviours
[20:49:38] Button hook complete — hooked 0 button(s)
[20:49:38] HookButtons: scanning 28 behaviours
[20:49:38] Button hook complete — hooked 0 button(s)
[20:49:38] HookButtons: scanning 28 behaviours
[20:49:38] Button hook complete — hooked 0 button(s)
[20:49:39] HookButtons: scanning 28 behaviours
[20:49:39] Button hook complete — hooked 0 button(s)
[20:49:39] HookButtons: scanning 28 behaviours
[20:49:39] Button hook complete — hooked 0 button(s)
[20:49:39] HookButtons: scanning 28 behaviours
[20:49:39] Button hook complete — hooked 0 button(s)
[20:49:39] HookButtons: scanning 28 behaviours
[20:49:39] Button hook complete — hooked 0 button(s)
[20:49:39] HookButtons: scanning 28 behaviours
[20:49:39] Button hook complete — hooked 0 button(s)
[20:49:39] HookButtons: scanning 28 behaviours
[20:49:39] Button hook complete — hooked 0 button(s)
[20:49:40] HookButtons: scanning 28 behaviours
[20:49:40] Button hook complete — hooked 0 button(s)
[20:49:40] HookButtons: scanning 28 behaviours
[20:49:40] Button hook complete — hooked 0 button(s)
[20:49:40] HookButtons: scanning 28 behaviours
[20:49:40] Button hook complete — hooked 0 button(s)
[20:49:40] HookButtons: scanning 28 behaviours
[20:49:40] Button hook complete — hooked 0 button(s)
[20:49:40] HookButtons: scanning 28 behaviours
[20:49:40] Button hook complete — hooked 0 button(s)
[20:49:40] HookButtons: scanning 28 behaviours
[20:49:40] Button hook complete — hooked 0 button(s)
[20:49:41] HookButtons: scanning 28 behaviours
[20:49:41] Button hook complete — hooked 0 button(s)
[20:49:41] HookButtons: scanning 28 behaviours
[20:49:41] Button hook complete — hooked 0 button(s)
[20:49:41] HookButtons: scanning 28 behaviours
[20:49:41] Button hook complete — hooked 0 button(s)
[20:49:41] HookButtons: scanning 28 behaviours
[20:49:41] Button hook complete — hooked 0 button(s)
[20:49:41] HookButtons: scanning 28 behaviours
[20:49:41] Button hook complete — hooked 0 button(s)
[20:49:41] HookButtons: scanning 28 behaviours
[20:49:41] Button hook complete — hooked 0 button(s)
[20:49:42] HookButtons: scanning 28 behaviours
[20:49:42] Button hook complete — hooked 0 button(s)
[20:49:42] HookButtons: scanning 28 behaviours
[20:49:42] Button hook complete — hooked 0 button(s)
[20:49:42] HookButtons: scanning 28 behaviours
[20:49:42] Button hook complete — hooked 0 button(s)
[20:49:42] HookButtons: scanning 28 behaviours
[20:49:42] Button hook complete — hooked 0 button(s)
[20:49:42] HookButtons: scanning 28 behaviours
[20:49:42] Button hook complete — hooked 0 button(s)
[20:49:42] HookButtons: scanning 28 behaviours
[20:49:42] Button hook complete — hooked 0 button(s)
[20:49:43] HookButtons: scanning 28 behaviours
[20:49:43] Button hook complete — hooked 0 button(s)
[20:49:43] HookButtons: scanning 28 behaviours
[20:49:43] Button hook complete — hooked 0 button(s)
[20:49:43] HookButtons: scanning 28 behaviours
[20:49:43] Button hook complete — hooked 0 button(s)
[20:49:43] HookButtons: scanning 28 behaviours
[20:49:43] Button hook complete — hooked 0 button(s)
[20:49:43] HookButtons: scanning 28 behaviours
[20:49:43] Button hook complete — hooked 0 button(s)
[20:49:43] HookButtons: scanning 28 behaviours
[20:49:43] Button hook complete — hooked 0 button(s)
[20:49:44] HookButtons: scanning 28 behaviours
[20:49:44] Button hook complete — hooked 0 button(s)
[20:49:44] HookButtons: scanning 28 behaviours
[20:49:44] Button hook complete — hooked 0 button(s)
[20:49:44] HookButtons: scanning 28 behaviours
[20:49:44] Button hook complete — hooked 0 button(s)
[20:49:44] HookButtons: scanning 28 behaviours
[20:49:44] Button hook complete — hooked 0 button(s)
[20:49:44] HookButtons: scanning 28 behaviours
[20:49:44] Button hook complete — hooked 0 button(s)
[20:49:44] HookButtons: scanning 28 behaviours
[20:49:44] Button hook complete — hooked 0 button(s)
[20:49:44] HookButtons: scanning 28 behaviours
[20:49:44] Button hook complete — hooked 0 button(s)
[20:49:45] HookButtons: scanning 28 behaviours
[20:49:45] Button hook complete — hooked 0 button(s)
[20:49:45] HookButtons: scanning 28 behaviours
[20:49:45] Button hook complete — hooked 0 button(s)
[20:49:45] HookButtons: scanning 28 behaviours
[20:49:45] Button hook complete — hooked 0 button(s)
[20:49:45] HookButtons: scanning 28 behaviours
[20:49:45] Button hook complete — hooked 0 button(s)
[20:49:45] HookButtons: scanning 28 behaviours
[20:49:45] Button hook complete — hooked 0 button(s)
[20:49:45] HookButtons: scanning 28 behaviours
[20:49:45] Button hook complete — hooked 0 button(s)
[20:49:46] HookButtons: scanning 28 behaviours
[20:49:46] Button hook complete — hooked 0 button(s)
[20:49:46] HookButtons: scanning 28 behaviours
[20:49:46] Button hook complete — hooked 0 button(s)
[20:49:46] HookButtons: scanning 28 behaviours
[20:49:46] Button hook complete — hooked 0 button(s)
[20:49:46] HookButtons: scanning 28 behaviours
[20:49:46] Button hook complete — hooked 0 button(s)
[20:49:46] HookButtons: scanning 28 behaviours
[20:49:46] Button hook complete — hooked 0 button(s)
[20:49:46] HookButtons: scanning 28 behaviours
[20:49:46] Button hook complete — hooked 0 button(s)
[20:49:47] HookButtons: scanning 28 behaviours
[20:49:47] Button hook complete — hooked 0 button(s)
[20:49:47] HookButtons: scanning 28 behaviours
[20:49:47] Button hook complete — hooked 0 button(s)
[20:49:47] HookButtons: scanning 28 behaviours
[20:49:47] Button hook complete — hooked 0 button(s)
[20:49:47] HookButtons: scanning 28 behaviours
[20:49:47] Button hook complete — hooked 0 button(s)
[20:49:47] HookButtons: scanning 28 behaviours
[20:49:47] Button hook complete — hooked 0 button(s)
[20:49:47] HookButtons: scanning 28 behaviours
[20:49:47] Button hook complete — hooked 0 button(s)
[20:49:48] HookButtons: scanning 28 behaviours
[20:49:48] Button hook complete — hooked 0 button(s)
[20:49:48] HookButtons: scanning 28 behaviours
[20:49:48] Button hook complete — hooked 0 button(s)
[20:49:48] HookButtons: scanning 28 behaviours
[20:49:48] Button hook complete — hooked 0 button(s)
[20:49:48] HookButtons: scanning 28 behaviours
[20:49:48] Button hook complete — hooked 0 button(s)
[20:49:48] HookButtons: scanning 28 behaviours
[20:49:48] Button hook complete — hooked 0 button(s)
[20:49:48] HookButtons: scanning 28 behaviours
[20:49:48] Button hook complete — hooked 0 button(s)
[20:49:49] HookButtons: scanning 28 behaviours
[20:49:49] Button hook complete — hooked 0 button(s)
[20:49:49] HookButtons: scanning 28 behaviours
[20:49:49] Button hook complete — hooked 0 button(s)
[20:49:49] HookButtons: scanning 28 behaviours
[20:49:49] Button hook complete — hooked 0 button(s)
[20:49:49] HookButtons: scanning 28 behaviours
[20:49:49] Button hook complete — hooked 0 button(s)
[20:49:49] HookButtons: scanning 28 behaviours
[20:49:49] Button hook complete — hooked 0 button(s)
[20:49:49] HookButtons: scanning 28 behaviours
[20:49:49] Button hook complete — hooked 0 button(s)
[20:49:50] HookButtons: scanning 28 behaviours
[20:49:50] Button hook complete — hooked 0 button(s)
[20:49:50] HookButtons: scanning 28 behaviours
[20:49:50] Button hook complete — hooked 0 button(s)
[20:49:50] HookButtons: scanning 28 behaviours
[20:49:50] Button hook complete — hooked 0 button(s)
[20:49:50] HookButtons: scanning 28 behaviours
[20:49:50] Button hook complete — hooked 0 button(s)
[20:49:50] HookButtons: scanning 28 behaviours
[20:49:50] Button hook complete — hooked 0 button(s)
[20:49:50] HookButtons: scanning 28 behaviours
[20:49:50] Button hook complete — hooked 0 button(s)
[20:49:51] HookButtons: scanning 28 behaviours
[20:49:51] Button hook complete — hooked 0 button(s)
[20:49:51] HookButtons: scanning 28 behaviours
[20:49:51] Button hook complete — hooked 0 button(s)
[20:49:51] HookButtons: scanning 28 behaviours
[20:49:51] Button hook complete — hooked 0 button(s)
[20:49:51] HookButtons: scanning 28 behaviours
[20:49:51] Button hook complete — hooked 0 button(s)
[20:49:51] HookButtons: scanning 28 behaviours
[20:49:51] Button hook complete — hooked 0 button(s)
[20:49:51] HookButtons: scanning 28 behaviours
[20:49:51] Button hook complete — hooked 0 button(s)
[20:49:52] HookButtons: scanning 28 behaviours
[20:49:52] Button hook complete — hooked 0 button(s)
[20:49:52] HookButtons: scanning 28 behaviours
[20:49:52] Button hook complete — hooked 0 button(s)
[20:49:52] HookButtons: scanning 28 behaviours
[20:49:52] Button hook complete — hooked 0 button(s)
[20:49:52] HookButtons: scanning 28 behaviours
[20:49:52] Button hook complete — hooked 0 button(s)
[20:49:52] HookButtons: scanning 28 behaviours
[20:49:52] Button hook complete — hooked 0 button(s)
[20:49:52] HookButtons: scanning 28 behaviours
[20:49:52] Button hook complete — hooked 0 button(s)
[20:49:53] HookButtons: scanning 28 behaviours
[20:49:53] Button hook complete — hooked 0 button(s)
[20:49:53] HookButtons: scanning 28 behaviours
[20:49:53] Button hook complete — hooked 0 button(s)
[20:49:53] HookButtons: scanning 28 behaviours
[20:49:53] Button hook complete — hooked 0 button(s)
[20:49:53] HookButtons: scanning 28 behaviours
[20:49:53] Button hook complete — hooked 0 button(s)
[20:49:53] HookButtons: scanning 28 behaviours
[20:49:53] Button hook complete — hooked 0 button(s)
[20:49:53] HookButtons: scanning 28 behaviours
[20:49:53] Button hook complete — hooked 0 button(s)
[20:49:54] HookButtons: scanning 28 behaviours
[20:49:54] Button hook complete — hooked 0 button(s)
[20:49:54] HookButtons: scanning 28 behaviours
[20:49:54] Button hook complete — hooked 0 button(s)
[20:49:54] HookButtons: scanning 28 behaviours
[20:49:54] Button hook complete — hooked 0 button(s)
[20:49:54] HookButtons: scanning 28 behaviours
[20:49:54] Button hook complete — hooked 0 button(s)
[20:49:54] HookButtons: scanning 28 behaviours
[20:49:54] Button hook complete — hooked 0 button(s)
[20:49:54] HookButtons: scanning 28 behaviours
[20:49:54] Button hook complete — hooked 0 button(s)
[20:49:55] HookButtons: scanning 28 behaviours
[20:49:55] Button hook complete — hooked 0 button(s)
[20:49:55] HookButtons: scanning 28 behaviours
[20:49:55] Button hook complete — hooked 0 button(s)
[20:49:55] HookButtons: scanning 28 behaviours
[20:49:55] Button hook complete — hooked 0 button(s)
[20:49:55] HookButtons: scanning 28 behaviours
[20:49:55] Button hook complete — hooked 0 button(s)
[20:49:55] HookButtons: scanning 28 behaviours
[20:49:55] Button hook complete — hooked 0 button(s)
[20:49:55] HookButtons: scanning 28 behaviours
[20:49:55] Button hook complete — hooked 0 button(s)
[20:49:56] HookButtons: scanning 28 behaviours
[20:49:56] Button hook complete — hooked 0 button(s)
[20:49:56] HookButtons: scanning 28 behaviours
[20:49:56] Button hook complete — hooked 0 button(s)
[20:49:56] HookButtons: scanning 28 behaviours
[20:49:56] Button hook complete — hooked 0 button(s)
[20:49:56] HookButtons: scanning 28 behaviours
[20:49:56] Button hook complete — hooked 0 button(s)
[20:49:56] HookButtons: scanning 28 behaviours
[20:49:56] Button hook complete — hooked 0 button(s)
[20:49:56] HookButtons: scanning 28 behaviours
[20:49:56] Button hook complete — hooked 0 button(s)
[20:49:56] HookButtons: scanning 28 behaviours
[20:49:56] Button hook complete — hooked 0 button(s)
[20:49:57] HookButtons: scanning 28 behaviours
[20:49:57] Button hook complete — hooked 0 button(s)
[20:49:57] HookButtons: scanning 28 behaviours
[20:49:57] Button hook complete — hooked 0 button(s)
[20:49:57] HookButtons: scanning 28 behaviours
[20:49:57] Button hook complete — hooked 0 button(s)
[20:49:57] HookButtons: scanning 28 behaviours
[20:49:57] Button hook complete — hooked 0 button(s)
[20:49:57] HookButtons: scanning 28 behaviours
[20:49:57] Button hook complete — hooked 0 button(s)
[20:49:57] HookButtons: scanning 28 behaviours
[20:49:57] Button hook complete — hooked 0 button(s)
[20:49:58] HookButtons: scanning 28 behaviours
[20:49:58] Button hook complete — hooked 0 button(s)
[20:49:58] HookButtons: scanning 28 behaviours
[20:49:58] Button hook complete — hooked 0 button(s)
[20:49:58] HookButtons: scanning 28 behaviours
[20:49:58] Button hook complete — hooked 0 button(s)
[20:49:58] HookButtons: scanning 28 behaviours
[20:49:58] Button hook complete — hooked 0 button(s)
[20:49:58] HookButtons: scanning 28 behaviours
[20:49:58] Button hook complete — hooked 0 button(s)
[20:49:58] HookButtons: scanning 28 behaviours
[20:49:58] Button hook complete — hooked 0 button(s)
[20:49:59] HookButtons: scanning 28 behaviours
[20:49:59] Button hook complete — hooked 0 button(s)
[20:49:59] HookButtons: scanning 28 behaviours
[20:49:59] Button hook complete — hooked 0 button(s)
[20:49:59] HookButtons: scanning 28 behaviours
[20:49:59] Button hook complete — hooked 0 button(s)
[20:49:59] HookButtons: scanning 28 behaviours
[20:49:59] Button hook complete — hooked 0 button(s)
[20:49:59] HookButtons: scanning 28 behaviours
[20:49:59] Button hook complete — hooked 0 button(s)
[20:49:59] HookButtons: scanning 28 behaviours
[20:49:59] Button hook complete — hooked 0 button(s)
[20:50:00] HookButtons: scanning 28 behaviours
[20:50:00] Button hook complete — hooked 0 button(s)
[20:50:00] HookButtons: scanning 28 behaviours
[20:50:00] Button hook complete — hooked 0 button(s)
[20:50:00] HookButtons: scanning 28 behaviours
[20:50:00] Button hook complete — hooked 0 button(s)
[20:50:00] HookButtons: scanning 28 behaviours
[20:50:00] Button hook complete — hooked 0 button(s)
[20:50:00] HookButtons: scanning 28 behaviours
[20:50:00] Button hook complete — hooked 0 button(s)
[20:50:00] HookButtons: scanning 28 behaviours
[20:50:00] Button hook complete — hooked 0 button(s)
[20:50:01] HookButtons: scanning 28 behaviours
[20:50:01] Button hook complete — hooked 0 button(s)
[20:50:01] HookButtons: scanning 28 behaviours
[20:50:01] Button hook complete — hooked 0 button(s)
[20:50:01] HookButtons: scanning 28 behaviours
[20:50:01] Button hook complete — hooked 0 button(s)
[20:50:01] HookButtons: scanning 28 behaviours
[20:50:01] Button hook complete — hooked 0 button(s)
[20:50:01] HookButtons: scanning 28 behaviours
[20:50:01] Button hook complete — hooked 0 button(s)
[20:50:01] HookButtons: scanning 28 behaviours
[20:50:01] Button hook complete — hooked 0 button(s)
[20:50:02] HookButtons: scanning 28 behaviours
[20:50:02] Button hook complete — hooked 0 button(s)
[20:50:02] HookButtons: scanning 28 behaviours
[20:50:02] Button hook complete — hooked 0 button(s)
[20:50:02] HookButtons: scanning 28 behaviours
[20:50:02] Button hook complete — hooked 0 button(s)
[20:50:02] HookButtons: scanning 28 behaviours
[20:50:02] Button hook complete — hooked 0 button(s)
[20:50:02] HookButtons: scanning 28 behaviours
[20:50:02] Button hook complete — hooked 0 button(s)
[20:50:02] HookButtons: scanning 28 behaviours
[20:50:02] Button hook complete — hooked 0 button(s)
[20:50:03] HookButtons: scanning 28 behaviours
[20:50:03] Button hook complete — hooked 0 button(s)
[20:50:03] HookButtons: scanning 28 behaviours
[20:50:03] Button hook complete — hooked 0 button(s)
[20:50:03] HookButtons: scanning 28 behaviours
[20:50:03] Button hook complete — hooked 0 button(s)
[20:50:03] HookButtons: scanning 28 behaviours
[20:50:03] Button hook complete — hooked 0 button(s)
[20:50:03] HookButtons: scanning 28 behaviours
[20:50:03] Button hook complete — hooked 0 button(s)
[20:50:03] HookButtons: scanning 28 behaviours
[20:50:03] Button hook complete — hooked 0 button(s)
[20:50:04] HookButtons: scanning 28 behaviours
[20:50:04] Button hook complete — hooked 0 button(s)
[20:50:04] HookButtons: scanning 28 behaviours
[20:50:04] Button hook complete — hooked 0 button(s)
[20:50:04] HookButtons: scanning 28 behaviours
[20:50:04] Button hook complete — hooked 0 button(s)
[20:50:04] HookButtons: scanning 28 behaviours
[20:50:04] Button hook complete — hooked 0 button(s)
[20:50:04] HookButtons: scanning 28 behaviours
[20:50:04] Button hook complete — hooked 0 button(s)
[20:50:04] HookButtons: scanning 28 behaviours
[20:50:04] Button hook complete — hooked 0 button(s)
[20:50:05] HookButtons: scanning 28 behaviours
[20:50:05] Button hook complete — hooked 0 button(s)
[20:50:05] HookButtons: scanning 28 behaviours
[20:50:05] Button hook complete — hooked 0 button(s)
[20:50:05] HookButtons: scanning 28 behaviours
[20:50:05] Button hook complete — hooked 0 button(s)
[20:50:05] HookButtons: scanning 28 behaviours
[20:50:05] Button hook complete — hooked 0 button(s)
[20:50:05] HookButtons: scanning 28 behaviours
[20:50:05] Button hook complete — hooked 0 button(s)
[20:50:05] HookButtons: scanning 28 behaviours
[20:50:05] Button hook complete — hooked 0 button(s)
[20:50:06] HookButtons: scanning 28 behaviours
[20:50:06] Button hook complete — hooked 0 button(s)
[20:50:06] HookButtons: scanning 28 behaviours
[20:50:06] Button hook complete — hooked 0 button(s)
[20:50:06] HookButtons: scanning 28 behaviours
[20:50:06] Button hook complete — hooked 0 button(s)
[20:50:06] HookButtons: scanning 28 behaviours
[20:50:06] Button hook complete — hooked 0 button(s)
[20:50:06] HookButtons: scanning 28 behaviours
[20:50:06] Button hook complete — hooked 0 button(s)
[20:50:06] HookButtons: scanning 28 behaviours
[20:50:06] Button hook complete — hooked 0 button(s)
[20:50:07] HookButtons: scanning 28 behaviours
[20:50:07] Button hook complete — hooked 0 button(s)
[20:50:07] HookButtons: scanning 28 behaviours
[20:50:07] Button hook complete — hooked 0 button(s)
[20:50:07] HookButtons: scanning 28 behaviours
[20:50:07] Button hook complete — hooked 0 button(s)
[20:50:07] HookButtons: scanning 28 behaviours
[20:50:07] Button hook complete — hooked 0 button(s)
[20:50:07] HookButtons: scanning 28 behaviours
[20:50:07] Button hook complete — hooked 0 button(s)
[20:50:07] HookButtons: scanning 28 behaviours
[20:50:07] Button hook complete — hooked 0 button(s)
[20:50:08] HookButtons: scanning 28 behaviours
[20:50:08] Button hook complete — hooked 0 button(s)
[20:50:08] HookButtons: scanning 28 behaviours
[20:50:08] Button hook complete — hooked 0 button(s)
[20:50:08] HookButtons: scanning 28 behaviours
[20:50:08] Button hook complete — hooked 0 button(s)
[20:50:08] HookButtons: scanning 28 behaviours
[20:50:08] Button hook complete — hooked 0 button(s)
[20:50:08] HookButtons: scanning 28 behaviours
[20:50:08] Button hook complete — hooked 0 button(s)
[20:50:08] HookButtons: scanning 28 behaviours
[20:50:08] Button hook complete — hooked 0 button(s)
[20:50:08] HookButtons: scanning 28 behaviours
[20:50:08] Button hook complete — hooked 0 button(s)
[20:50:09] HookButtons: scanning 28 behaviours
[20:50:09] Button hook complete — hooked 0 button(s)
[20:50:09] HookButtons: scanning 28 behaviours
[20:50:09] Button hook complete — hooked 0 button(s)
[20:50:09] HookButtons: scanning 28 behaviours
[20:50:09] Button hook complete — hooked 0 button(s)
[20:50:09] HookButtons: scanning 28 behaviours
[20:50:09] Button hook complete — hooked 0 button(s)
[20:50:09] HookButtons: scanning 28 behaviours
[20:50:09] Button hook complete — hooked 0 button(s)
[20:50:09] HookButtons: scanning 28 behaviours
[20:50:09] Button hook complete — hooked 0 button(s)
[20:50:10] HookButtons: scanning 28 behaviours
[20:50:10] Button hook complete — hooked 0 button(s)
[20:50:10] HookButtons: scanning 28 behaviours
[20:50:10] Button hook complete — hooked 0 button(s)
[20:50:10] HookButtons: scanning 28 behaviours
[20:50:10] Button hook complete — hooked 0 button(s)
[20:50:10] HookButtons: scanning 28 behaviours
[20:50:10] Button hook complete — hooked 0 button(s)
[20:50:10] HookButtons: scanning 28 behaviours
[20:50:10] Button hook complete — hooked 0 button(s)
[20:50:10] HookButtons: scanning 28 behaviours
[20:50:10] Button hook complete — hooked 0 button(s)
[20:50:11] HookButtons: scanning 28 behaviours
[20:50:11] Button hook complete — hooked 0 button(s)
[20:50:11] HookButtons: scanning 28 behaviours
[20:50:11] Button hook complete — hooked 0 button(s)
[20:50:11] HookButtons: scanning 28 behaviours
[20:50:11] Button hook complete — hooked 0 button(s)
[20:50:11] HookButtons: scanning 28 behaviours
[20:50:11] Button hook complete — hooked 0 button(s)
[20:50:11] HookButtons: scanning 28 behaviours
[20:50:11] Button hook complete — hooked 0 button(s)
[20:50:11] HookButtons: scanning 28 behaviours
[20:50:11] Button hook complete — hooked 0 button(s)
[20:50:12] HookButtons: scanning 28 behaviours
[20:50:12] Button hook complete — hooked 0 button(s)
[20:50:12] HookButtons: scanning 28 behaviours
[20:50:12] Button hook complete — hooked 0 button(s)
[20:50:12] HookButtons: scanning 28 behaviours
[20:50:12] Button hook complete — hooked 0 button(s)
[20:50:12] HookButtons: scanning 28 behaviours
[20:50:12] Button hook complete — hooked 0 button(s)
[20:50:12] HookButtons: scanning 28 behaviours
[20:50:12] Button hook complete — hooked 0 button(s)
[20:50:12] HookButtons: scanning 28 behaviours
[20:50:12] Button hook complete — hooked 0 button(s)
[20:50:13] HookButtons: scanning 28 behaviours
[20:50:13] Button hook complete — hooked 0 button(s)
[20:50:13] HookButtons: scanning 28 behaviours
[20:50:13] Button hook complete — hooked 0 button(s)
[20:50:13] HookButtons: scanning 28 behaviours
[20:50:13] Button hook complete — hooked 0 button(s)
[20:50:13] HookButtons: scanning 28 behaviours
[20:50:13] Button hook complete — hooked 0 button(s)
[20:50:13] HookButtons: scanning 28 behaviours
[20:50:13] Button hook complete — hooked 0 button(s)
[20:50:13] HookButtons: scanning 28 behaviours
[20:50:13] Button hook complete — hooked 0 button(s)
[20:50:14] HookButtons: scanning 28 behaviours
[20:50:14] Button hook complete — hooked 0 button(s)
[20:50:14] HookButtons: scanning 28 behaviours
[20:50:14] Button hook complete — hooked 0 button(s)
[20:50:14] HookButtons: scanning 28 behaviours
[20:50:14] Button hook complete — hooked 0 button(s)
[20:50:14] HookButtons: scanning 28 behaviours
[20:50:14] Button hook complete — hooked 0 button(s)
[20:50:14] HookButtons: scanning 28 behaviours
[20:50:14] Button hook complete — hooked 0 button(s)
[20:50:14] HookButtons: scanning 28 behaviours
[20:50:14] Button hook complete — hooked 0 button(s)
[20:50:15] HookButtons: scanning 28 behaviours
[20:50:15] Button hook complete — hooked 0 button(s)
[20:50:15] HookButtons: scanning 28 behaviours
[20:50:15] Button hook complete — hooked 0 button(s)
[20:50:15] HookButtons: scanning 28 behaviours
[20:50:15] Button hook complete — hooked 0 button(s)
[20:50:15] HookButtons: scanning 28 behaviours
[20:50:15] Button hook complete — hooked 0 button(s)
[20:50:15] HookButtons: scanning 28 behaviours
[20:50:15] Button hook complete — hooked 0 button(s)
[20:50:15] HookButtons: scanning 28 behaviours
[20:50:15] Button hook complete — hooked 0 button(s)
[20:50:16] HookButtons: scanning 28 behaviours
[20:50:16] Button hook complete — hooked 0 button(s)
[20:50:16] HookButtons: scanning 28 behaviours
[20:50:16] Button hook complete — hooked 0 button(s)
[20:50:16] HookButtons: scanning 28 behaviours
[20:50:16] Button hook complete — hooked 0 button(s)
[20:50:16] HookButtons: scanning 28 behaviours
[20:50:16] Button hook complete — hooked 0 button(s)
[20:50:16] HookButtons: scanning 28 behaviours
[20:50:16] Button hook complete — hooked 0 button(s)
[20:50:16] HookButtons: scanning 28 behaviours
[20:50:16] Button hook complete — hooked 0 button(s)
[20:50:17] HookButtons: scanning 28 behaviours
[20:50:17] Button hook complete — hooked 0 button(s)
[20:50:17] HookButtons: scanning 28 behaviours
[20:50:17] Button hook complete — hooked 0 button(s)
[20:50:17] HookButtons: scanning 28 behaviours
[20:50:17] Button hook complete — hooked 0 button(s)
[20:50:17] HookButtons: scanning 28 behaviours
[20:50:17] Button hook complete — hooked 0 button(s)
[20:50:17] HookButtons: scanning 28 behaviours
[20:50:17] Button hook complete — hooked 0 button(s)
[20:50:17] HookButtons: scanning 28 behaviours
[20:50:17] Button hook complete — hooked 0 button(s)
[20:50:17] HookButtons: scanning 28 behaviours
[20:50:17] Button hook complete — hooked 0 button(s)
[20:50:18] HookButtons: scanning 28 behaviours
[20:50:18] Button hook complete — hooked 0 button(s)
[20:50:18] HookButtons: scanning 28 behaviours
[20:50:18] Button hook complete — hooked 0 button(s)
[20:50:18] HookButtons: scanning 28 behaviours
[20:50:18] Button hook complete — hooked 0 button(s)
[20:50:18] HookButtons: scanning 28 behaviours
[20:50:18] Button hook complete — hooked 0 button(s)
[20:50:18] HookButtons: scanning 28 behaviours
[20:50:18] Button hook complete — hooked 0 button(s)
[20:50:18] HookButtons: scanning 28 behaviours
[20:50:18] Button hook complete — hooked 0 button(s)
[20:50:19] HookButtons: scanning 28 behaviours
[20:50:19] Button hook complete — hooked 0 button(s)
[20:50:19] HookButtons: scanning 28 behaviours
[20:50:19] Button hook complete — hooked 0 button(s)
[20:50:19] HookButtons: scanning 28 behaviours
[20:50:19] Button hook complete — hooked 0 button(s)
[20:50:19] HookButtons: scanning 28 behaviours
[20:50:19] Button hook complete — hooked 0 button(s)
[20:50:19] HookButtons: scanning 28 behaviours
[20:50:19] Button hook complete — hooked 0 button(s)
[20:50:19] HookButtons: scanning 28 behaviours
[20:50:19] Button hook complete — hooked 0 button(s)
[20:50:20] HookButtons: scanning 28 behaviours
[20:50:20] Button hook complete — hooked 0 button(s)
[20:50:20] HookButtons: scanning 28 behaviours
[20:50:20] Button hook complete — hooked 0 button(s)
[20:50:20] HookButtons: scanning 28 behaviours
[20:50:20] Button hook complete — hooked 0 button(s)
[20:50:20] HookButtons: scanning 28 behaviours
[20:50:20] Button hook complete — hooked 0 button(s)
[20:50:20] HookButtons: scanning 28 behaviours
[20:50:20] Button hook complete — hooked 0 button(s)
[20:50:20] HookButtons: scanning 28 behaviours
[20:50:20] Button hook complete — hooked 0 button(s)
[20:50:21] HookButtons: scanning 28 behaviours
[20:50:21] Button hook complete — hooked 0 button(s)
[20:50:21] HookButtons: scanning 28 behaviours
[20:50:21] Button hook complete — hooked 0 button(s)
[20:50:21] HookButtons: scanning 28 behaviours
[20:50:21] Button hook complete — hooked 0 button(s)
[20:50:21] HookButtons: scanning 28 behaviours
[20:50:21] Button hook complete — hooked 0 button(s)
[20:50:21] HookButtons: scanning 28 behaviours
[20:50:21] Button hook complete — hooked 0 button(s)
[20:50:21] HookButtons: scanning 28 behaviours
[20:50:21] Button hook complete — hooked 0 button(s)
[20:50:22] HookButtons: scanning 28 behaviours
[20:50:22] Button hook complete — hooked 0 button(s)
[20:50:22] HookButtons: scanning 28 behaviours
[20:50:22] Button hook complete — hooked 0 button(s)
[20:50:22] HookButtons: scanning 28 behaviours
[20:50:22] Button hook complete — hooked 0 button(s)
[20:50:22] HookButtons: scanning 28 behaviours
[20:50:22] Button hook complete — hooked 0 button(s)
[20:50:22] HookButtons: scanning 28 behaviours
[20:50:22] Button hook complete — hooked 0 button(s)
[20:50:22] HookButtons: scanning 28 behaviours
[20:50:22] Button hook complete — hooked 0 button(s)
[20:50:23] HookButtons: scanning 28 behaviours
[20:50:23] Button hook complete — hooked 0 button(s)
[20:50:23] HookButtons: scanning 28 behaviours
[20:50:23] Button hook complete — hooked 0 button(s)
[20:50:23] HookButtons: scanning 28 behaviours
[20:50:23] Button hook complete — hooked 0 button(s)
[20:50:23] HookButtons: scanning 28 behaviours
[20:50:23] Button hook complete — hooked 0 button(s)
[20:50:23] HookButtons: scanning 28 behaviours
[20:50:23] Button hook complete — hooked 0 button(s)
[20:50:23] HookButtons: scanning 28 behaviours
[20:50:23] Button hook complete — hooked 0 button(s)
[20:50:24] HookButtons: scanning 28 behaviours
[20:50:24] Button hook complete — hooked 0 button(s)
[20:50:24] HookButtons: scanning 28 behaviours
[20:50:24] Button hook complete — hooked 0 button(s)
[20:50:24] HookButtons: scanning 28 behaviours
[20:50:24] Button hook complete — hooked 0 button(s)
[20:50:24] HookButtons: scanning 28 behaviours
[20:50:24] Button hook complete — hooked 0 button(s)
[20:50:24] HookButtons: scanning 28 behaviours
[20:50:24] Button hook complete — hooked 0 button(s)
[20:50:24] HookButtons: scanning 28 behaviours
[20:50:24] Button hook complete — hooked 0 button(s)
[20:50:25] HookButtons: scanning 28 behaviours
[20:50:25] Button hook complete — hooked 0 button(s)
[20:50:25] HookButtons: scanning 28 behaviours
[20:50:25] Button hook complete — hooked 0 button(s)
[20:50:25] HookButtons: scanning 28 behaviours
[20:50:25] Button hook complete — hooked 0 button(s)
[20:50:25] HookButtons: scanning 28 behaviours
[20:50:25] Button hook complete — hooked 0 button(s)
[20:50:25] HookButtons: scanning 28 behaviours
[20:50:25] Button hook complete — hooked 0 button(s)
[20:50:25] HookButtons: scanning 28 behaviours
[20:50:25] Button hook complete — hooked 0 button(s)
[20:50:26] HookButtons: scanning 28 behaviours
[20:50:26] Button hook complete — hooked 0 button(s)
[20:50:26] HookButtons: scanning 28 behaviours
[20:50:26] Button hook complete — hooked 0 button(s)
[20:50:26] HookButtons: scanning 28 behaviours
[20:50:26] Button hook complete — hooked 0 button(s)
[20:50:26] HookButtons: scanning 28 behaviours
[20:50:26] Button hook complete — hooked 0 button(s)
[20:50:26] HookButtons: scanning 28 behaviours
[20:50:26] Button hook complete — hooked 0 button(s)
[20:50:26] HookButtons: scanning 28 behaviours
[20:50:26] Button hook complete — hooked 0 button(s)
[20:50:27] HookButtons: scanning 28 behaviours
[20:50:27] Button hook complete — hooked 0 button(s)
[20:50:27] HookButtons: scanning 28 behaviours
[20:50:27] Button hook complete — hooked 0 button(s)
[20:50:27] HookButtons: scanning 28 behaviours
[20:50:27] Button hook complete — hooked 0 button(s)
[20:50:27] HookButtons: scanning 28 behaviours
[20:50:27] Button hook complete — hooked 0 button(s)
[20:50:27] HookButtons: scanning 28 behaviours
[20:50:27] Button hook complete — hooked 0 button(s)
[20:50:27] HookButtons: scanning 28 behaviours
[20:50:27] Button hook complete — hooked 0 button(s)
[20:50:27] HookButtons: scanning 28 behaviours
[20:50:27] Button hook complete — hooked 0 button(s)
[20:50:28] HookButtons: scanning 28 behaviours
[20:50:28] Button hook complete — hooked 0 button(s)
[20:50:28] HookButtons: scanning 28 behaviours
[20:50:28] Button hook complete — hooked 0 button(s)
[20:50:28] HookButtons: scanning 28 behaviours
[20:50:28] Button hook complete — hooked 0 button(s)
[20:50:28] HookButtons: scanning 28 behaviours
[20:50:28] Button hook complete — hooked 0 button(s)
[20:50:28] HookButtons: scanning 28 behaviours
[20:50:28] Button hook complete — hooked 0 button(s)
[20:50:28] HookButtons: scanning 28 behaviours
[20:50:28] Button hook complete — hooked 0 button(s)
[20:50:29] HookButtons: scanning 28 behaviours
[20:50:29] Button hook complete — hooked 0 button(s)
[20:50:29] HookButtons: scanning 28 behaviours
[20:50:29] Button hook complete — hooked 0 button(s)
[20:50:29] HookButtons: scanning 28 behaviours
[20:50:29] Button hook complete — hooked 0 button(s)
[20:50:29] HookButtons: scanning 28 behaviours
[20:50:29] Button hook complete — hooked 0 button(s)
[20:50:29] HookButtons: scanning 28 behaviours
[20:50:29] Button hook complete — hooked 0 button(s)
[20:50:29] HookButtons: scanning 28 behaviours
[20:50:29] Button hook complete — hooked 0 button(s)
[20:50:30] HookButtons: scanning 28 behaviours
[20:50:30] Button hook complete — hooked 0 button(s)
[20:50:30] HookButtons: scanning 28 behaviours
[20:50:30] Button hook complete — hooked 0 button(s)
[20:50:30] HookButtons: scanning 28 behaviours
[20:50:30] Button hook complete — hooked 0 button(s)
[20:50:30] HookButtons: scanning 28 behaviours
[20:50:30] Button hook complete — hooked 0 button(s)
[20:50:30] HookButtons: scanning 28 behaviours
[20:50:30] Button hook complete — hooked 0 button(s)
[20:50:30] HookButtons: scanning 28 behaviours
[20:50:30] Button hook complete — hooked 0 button(s)
[20:50:31] HookButtons: scanning 28 behaviours
[20:50:31] Button hook complete — hooked 0 button(s)
[20:50:31] HookButtons: scanning 28 behaviours
[20:50:31] Button hook complete — hooked 0 button(s)
[20:50:31] HookButtons: scanning 28 behaviours
[20:50:31] Button hook complete — hooked 0 button(s)
[20:50:31] HookButtons: scanning 28 behaviours
[20:50:31] Button hook complete — hooked 0 button(s)
[20:50:31] HookButtons: scanning 28 behaviours
[20:50:31] Button hook complete — hooked 0 button(s)
[20:50:31] HookButtons: scanning 28 behaviours
[20:50:31] Button hook complete — hooked 0 button(s)
[20:50:32] HookButtons: scanning 28 behaviours
[20:50:32] Button hook complete — hooked 0 button(s)
[20:50:32] HookButtons: scanning 28 behaviours
[20:50:32] Button hook complete — hooked 0 button(s)
[20:50:32] HookButtons: scanning 28 behaviours
[20:50:32] Button hook complete — hooked 0 button(s)
[20:50:32] HookButtons: scanning 28 behaviours
[20:50:32] Button hook complete — hooked 0 button(s)
[20:50:32] HookButtons: scanning 28 behaviours
[20:50:32] Button hook complete — hooked 0 button(s)
[20:50:32] HookButtons: scanning 28 behaviours
[20:50:32] Button hook complete — hooked 0 button(s)
[20:50:33] HookButtons: scanning 28 behaviours
[20:50:33] Button hook complete — hooked 0 button(s)
[20:50:33] HookButtons: scanning 28 behaviours
[20:50:33] Button hook complete — hooked 0 button(s)
[20:50:33] HookButtons: scanning 28 behaviours
[20:50:33] Button hook complete — hooked 0 button(s)
[20:50:33] HookButtons: scanning 28 behaviours
[20:50:33] Button hook complete — hooked 0 button(s)
[20:50:33] HookButtons: scanning 28 behaviours
[20:50:33] Button hook complete — hooked 0 button(s)
[20:50:33] HookButtons: scanning 28 behaviours
[20:50:33] Button hook complete — hooked 0 button(s)
[20:50:34] HookButtons: scanning 28 behaviours
[20:50:34] Button hook complete — hooked 0 button(s)
[20:50:34] HookButtons: scanning 28 behaviours
[20:50:34] Button hook complete — hooked 0 button(s)
[20:50:34] HookButtons: scanning 28 behaviours
[20:50:34] Button hook complete — hooked 0 button(s)
[20:50:34] HookButtons: scanning 28 behaviours
[20:50:34] Button hook complete — hooked 0 button(s)
[20:50:34] HookButtons: scanning 28 behaviours
[20:50:34] Button hook complete — hooked 0 button(s)
[20:50:34] HookButtons: scanning 28 behaviours
[20:50:34] Button hook complete — hooked 0 button(s)
[20:50:35] HookButtons: scanning 28 behaviours
[20:50:35] Button hook complete — hooked 0 button(s)
[20:50:35] HookButtons: scanning 28 behaviours
[20:50:35] Button hook complete — hooked 0 button(s)
[20:50:35] HookButtons: scanning 28 behaviours
[20:50:35] Button hook complete — hooked 0 button(s)
[20:50:35] HookButtons: scanning 28 behaviours
[20:50:35] Button hook complete — hooked 0 button(s)
[20:50:35] HookButtons: scanning 28 behaviours
[20:50:35] Button hook complete — hooked 0 button(s)
[20:50:35] HookButtons: scanning 28 behaviours
[20:50:35] Button hook complete — hooked 0 button(s)
[20:50:36] HookButtons: scanning 28 behaviours
[20:50:36] Button hook complete — hooked 0 button(s)
[20:50:36] HookButtons: scanning 28 behaviours
[20:50:36] Button hook complete — hooked 0 button(s)
[20:50:36] HookButtons: scanning 28 behaviours
[20:50:36] Button hook complete — hooked 0 button(s)
[20:50:36] HookButtons: scanning 28 behaviours
[20:50:36] Button hook complete — hooked 0 button(s)
[20:50:36] HookButtons: scanning 28 behaviours
[20:50:36] Button hook complete — hooked 0 button(s)
[20:50:36] HookButtons: scanning 28 behaviours
[20:50:36] Button hook complete — hooked 0 button(s)
[20:50:37] HookButtons: scanning 28 behaviours
[20:50:37] Button hook complete — hooked 0 button(s)
[20:50:37] HookButtons: scanning 28 behaviours
[20:50:37] Button hook complete — hooked 0 button(s)
[20:50:37] HookButtons: scanning 28 behaviours
[20:50:37] Button hook complete — hooked 0 button(s)
[20:50:37] HookButtons: scanning 28 behaviours
[20:50:37] Button hook complete — hooked 0 button(s)
[20:50:37] HookButtons: scanning 28 behaviours
[20:50:37] Button hook complete — hooked 0 button(s)
[20:50:37] HookButtons: scanning 28 behaviours
[20:50:37] Button hook complete — hooked 0 button(s)
[20:50:38] HookButtons: scanning 28 behaviours
[20:50:38] Button hook complete — hooked 0 button(s)
[20:50:38] HookButtons: scanning 28 behaviours
[20:50:38] Button hook complete — hooked 0 button(s)
[20:50:38] HookButtons: scanning 28 behaviours
[20:50:38] Button hook complete — hooked 0 button(s)
[20:50:38] HookButtons: scanning 28 behaviours
[20:50:38] Button hook complete — hooked 0 button(s)
[20:50:38] HookButtons: scanning 28 behaviours
[20:50:38] Button hook complete — hooked 0 button(s)
[20:50:38] HookButtons: scanning 28 behaviours
[20:50:38] Button hook complete — hooked 0 button(s)
[20:50:39] HookButtons: scanning 28 behaviours
[20:50:39] Button hook complete — hooked 0 button(s)
[20:50:39] HookButtons: scanning 28 behaviours
[20:50:39] Button hook complete — hooked 0 button(s)
[20:50:39] HookButtons: scanning 28 behaviours
[20:50:39] Button hook complete — hooked 0 button(s)
[20:50:39] HookButtons: scanning 28 behaviours
[20:50:39] Button hook complete — hooked 0 button(s)
[20:50:39] HookButtons: scanning 28 behaviours
[20:50:39] Button hook complete — hooked 0 button(s)
[20:50:39] HookButtons: scanning 28 behaviours
[20:50:39] Button hook complete — hooked 0 button(s)
[20:50:40] HookButtons: scanning 28 behaviours
[20:50:40] Button hook complete — hooked 0 button(s)
[20:50:40] HookButtons: scanning 28 behaviours
[20:50:40] Button hook complete — hooked 0 button(s)
[20:50:40] HookButtons: scanning 28 behaviours
[20:50:40] Button hook complete — hooked 0 button(s)
[20:50:40] HookButtons: scanning 28 behaviours
[20:50:40] Button hook complete — hooked 0 button(s)
[20:50:40] HookButtons: scanning 28 behaviours
[20:50:40] Button hook complete — hooked 0 button(s)
[20:50:40] HookButtons: scanning 28 behaviours
[20:50:40] Button hook complete — hooked 0 button(s)
[20:50:40] HookButtons: scanning 28 behaviours
[20:50:41] Button hook complete — hooked 0 button(s)
[20:50:41] HookButtons: scanning 28 behaviours
[20:50:41] Button hook complete — hooked 0 button(s)
[20:50:41] HookButtons: scanning 28 behaviours
[20:50:41] Button hook complete — hooked 0 button(s)
[20:50:41] HookButtons: scanning 28 behaviours
[20:50:41] Button hook complete — hooked 0 button(s)
[20:50:41] HookButtons: scanning 28 behaviours
[20:50:41] Button hook complete — hooked 0 button(s)
[20:50:41] HookButtons: scanning 28 behaviours
[20:50:41] Button hook complete — hooked 0 button(s)
[20:50:41] HookButtons: scanning 28 behaviours
[20:50:41] Button hook complete — hooked 0 button(s)
[20:50:42] HookButtons: scanning 28 behaviours
[20:50:42] Button hook complete — hooked 0 button(s)
[20:50:42] HookButtons: scanning 28 behaviours
[20:50:42] Button hook complete — hooked 0 button(s)
[20:50:42] HookButtons: scanning 28 behaviours
[20:50:42] Button hook complete — hooked 0 button(s)
[20:50:42] HookButtons: scanning 28 behaviours
[20:50:42] Button hook complete — hooked 0 button(s)
[20:50:42] HookButtons: scanning 28 behaviours
[20:50:42] Button hook complete — hooked 0 button(s)
[20:50:42] HookButtons: scanning 28 behaviours
[20:50:42] Button hook complete — hooked 0 button(s)
[20:50:43] HookButtons: scanning 28 behaviours
[20:50:43] Button hook complete — hooked 0 button(s)
[20:50:43] HookButtons: scanning 28 behaviours
[20:50:43] Button hook complete — hooked 0 button(s)
[20:50:43] HookButtons: scanning 28 behaviours
[20:50:43] Button hook complete — hooked 0 button(s)
[20:50:43] HookButtons: scanning 28 behaviours
[20:50:43] Button hook complete — hooked 0 button(s)
[20:50:43] HookButtons: scanning 28 behaviours
[20:50:43] Button hook complete — hooked 0 button(s)
[20:50:43] HookButtons: scanning 28 behaviours
[20:50:43] Button hook complete — hooked 0 button(s)
[20:50:44] HookButtons: scanning 28 behaviours
[20:50:44] Button hook complete — hooked 0 button(s)
[20:50:44] HookButtons: scanning 28 behaviours
[20:50:44] Button hook complete — hooked 0 button(s)
[20:50:44] HookButtons: scanning 28 behaviours
[20:50:44] Button hook complete — hooked 0 button(s)
[20:50:44] HookButtons: scanning 28 behaviours
[20:50:44] Button hook complete — hooked 0 button(s)
[20:50:44] HookButtons: scanning 28 behaviours
[20:50:44] Button hook complete — hooked 0 button(s)
[20:50:44] HookButtons: scanning 28 behaviours
[20:50:44] Button hook complete — hooked 0 button(s)
[20:50:45] HookButtons: scanning 28 behaviours
[20:50:45] Button hook complete — hooked 0 button(s)
[20:50:45] HookButtons: scanning 28 behaviours
[20:50:45] Button hook complete — hooked 0 button(s)
[20:50:45] HookButtons: scanning 28 behaviours
[20:50:45] Button hook complete — hooked 0 button(s)
[20:50:45] HookButtons: scanning 28 behaviours
[20:50:45] Button hook complete — hooked 0 button(s)
[20:50:45] HookButtons: scanning 28 behaviours
[20:50:45] Button hook complete — hooked 0 button(s)
[20:50:45] HookButtons: scanning 28 behaviours
[20:50:45] Button hook complete — hooked 0 button(s)
[20:50:46] HookButtons: scanning 28 behaviours
[20:50:46] Button hook complete — hooked 0 button(s)
[20:50:46] HookButtons: scanning 28 behaviours
[20:50:46] Button hook complete — hooked 0 button(s)
[20:50:46] HookButtons: scanning 28 behaviours
[20:50:46] Button hook complete — hooked 0 button(s)
[20:50:46] HookButtons: scanning 28 behaviours
[20:50:46] Button hook complete — hooked 0 button(s)
[20:50:46] HookButtons: scanning 28 behaviours
[20:50:46] Button hook complete — hooked 0 button(s)
[20:50:46] HookButtons: scanning 28 behaviours
[20:50:46] Button hook complete — hooked 0 button(s)
[20:50:47] HookButtons: scanning 28 behaviours
[20:50:47] Button hook complete — hooked 0 button(s)
[20:50:47] HookButtons: scanning 28 behaviours
[20:50:47] Button hook complete — hooked 0 button(s)
[20:50:47] HookButtons: scanning 28 behaviours
[20:50:47] Button hook complete — hooked 0 button(s)
[20:50:47] HookButtons: scanning 28 behaviours
[20:50:47] Button hook complete — hooked 0 button(s)
[20:50:47] HookButtons: scanning 28 behaviours
[20:50:47] Button hook complete — hooked 0 button(s)
[20:50:47] HookButtons: scanning 28 behaviours
[20:50:47] Button hook complete — hooked 0 button(s)
[20:50:48] HookButtons: scanning 28 behaviours
[20:50:48] Button hook complete — hooked 0 button(s)
[20:50:48] HookButtons: scanning 28 behaviours
[20:50:48] Button hook complete — hooked 0 button(s)
[20:50:48] HookButtons: scanning 28 behaviours
[20:50:48] Button hook complete — hooked 0 button(s)
[20:50:48] HookButtons: scanning 28 behaviours
[20:50:48] Button hook complete — hooked 0 button(s)
[20:50:48] HookButtons: scanning 28 behaviours
[20:50:48] Button hook complete — hooked 0 button(s)
[20:50:48] HookButtons: scanning 28 behaviours
[20:50:48] Button hook complete — hooked 0 button(s)
[20:50:49] HookButtons: scanning 28 behaviours
[20:50:49] Button hook complete — hooked 0 button(s)
[20:50:49] HookButtons: scanning 28 behaviours
[20:50:49] Button hook complete — hooked 0 button(s)
[20:50:49] HookButtons: scanning 28 behaviours
[20:50:49] Button hook complete — hooked 0 button(s)
[20:50:49] HookButtons: scanning 28 behaviours
[20:50:49] Button hook complete — hooked 0 button(s)
[20:50:49] HookButtons: scanning 28 behaviours
[20:50:49] Button hook complete — hooked 0 button(s)
[20:50:49] HookButtons: scanning 28 behaviours
[20:50:49] Button hook complete — hooked 0 button(s)
[20:50:50] HookButtons: scanning 28 behaviours
[20:50:50] Button hook complete — hooked 0 button(s)
[20:50:50] HookButtons: scanning 28 behaviours
[20:50:50] Button hook complete — hooked 0 button(s)
[20:50:50] HookButtons: scanning 28 behaviours
[20:50:50] Button hook complete — hooked 0 button(s)
[20:50:50] HookButtons: scanning 28 behaviours
[20:50:50] Button hook complete — hooked 0 button(s)
[20:50:50] HookButtons: scanning 28 behaviours
[20:50:50] Button hook complete — hooked 0 button(s)
[20:50:50] HookButtons: scanning 28 behaviours
[20:50:50] Button hook complete — hooked 0 button(s)
[20:50:51] HookButtons: scanning 28 behaviours
[20:50:51] Button hook complete — hooked 0 button(s)
[20:50:51] HookButtons: scanning 28 behaviours
[20:50:51] Button hook complete — hooked 0 button(s)
[20:50:51] HookButtons: scanning 28 behaviours
[20:50:51] Button hook complete — hooked 0 button(s)
[20:50:51] HookButtons: scanning 28 behaviours
[20:50:51] Button hook complete — hooked 0 button(s)
[20:50:51] HookButtons: scanning 28 behaviours
[20:50:51] Button hook complete — hooked 0 button(s)
[20:50:51] HookButtons: scanning 28 behaviours
[20:50:51] Button hook complete — hooked 0 button(s)
[20:50:52] HookButtons: scanning 28 behaviours
[20:50:52] Button hook complete — hooked 0 button(s)
[20:50:52] HookButtons: scanning 28 behaviours
[20:50:52] Button hook complete — hooked 0 button(s)
[20:50:52] HookButtons: scanning 28 behaviours
[20:50:52] Button hook complete — hooked 0 button(s)
[20:50:52] HookButtons: scanning 28 behaviours
[20:50:52] Button hook complete — hooked 0 button(s)
[20:50:52] HookButtons: scanning 28 behaviours
[20:50:52] Button hook complete — hooked 0 button(s)
[20:50:52] HookButtons: scanning 28 behaviours
[20:50:52] Button hook complete — hooked 0 button(s)
[20:50:53] HookButtons: scanning 28 behaviours
[20:50:53] Button hook complete — hooked 0 button(s)
[20:50:55] === IPRedirectMod Load() ===
[20:50:55] Creating redirect MonoBehaviour for IP: 172.28.48.1
[20:50:55] CustomMaps mod initialized
[20:50:55] Start() — scene=MainMenu
[20:50:58] [Update tick 1] deltaTime=0.0332 unscaled=0.0332 realTime=3.1 timescale=1.00
[20:51:01] [Update tick 2] deltaTime=0.0333 unscaled=0.0333 realTime=6.1 timescale=1.00
[20:51:04] [Update tick 3] deltaTime=0.0332 unscaled=0.0332 realTime=9.1 timescale=1.00
[20:51:07] [Update tick 4] deltaTime=0.0332 unscaled=0.0332 realTime=12.2 timescale=1.00
[20:51:11] [Update tick 5] deltaTime=0.0332 unscaled=0.0332 realTime=15.2 timescale=1.00
[20:51:20] OnLevelWasLoaded: scene=MultiplayerSelect level=5
[20:51:20] Entered connect scene — starting LAN connection
[20:51:20]   ServerAddress = 172.28.48.1
[20:51:20]   ServerPort = 5055
[20:51:20]   AppID = CNRLan
[20:51:20]   HostType = SelfHosted
[20:51:20] Override applied → 172.28.48.1:5055  AppID=CNRLan
[20:51:20] Disconnect() called
[20:51:20] Photon disconnected, swapping to TCP then reconnecting
[20:51:20] SwapToTcp: current peerBase is EnetPeer
[20:51:20] SwapToTcp: usedProtocol = Tcp
[20:51:20] SwapToTcp: Listener set via property setter = NetworkingPeer
[20:51:20] SwapToTcp: peerBase swapped to TPeer - client will connect via TCP
[20:51:20] requestSecurity = false → will use direct OpAuthenticate (no DH)
[20:51:20] About to call ConnectUsingSettings...
[20:51:20] ConnectUsingSettings() returned OK → connecting to 172.28.48.1:5055
[20:51:20] Monitoring connection state (30s timeout)...
[20:51:20] connState=1  detailState=2  (0.0s elapsed)  runInBg=True
[20:51:20] [heartbeat] connState=1  detailState=2  (0.0s elapsed)  runInBg=True  dt=0.0332
[20:51:20] CustomMaps Update: mCurWWSubScene=RoomChoice
[20:51:23] [heartbeat] connState=1  detailState=2  (3.0s elapsed)  runInBg=True  dt=0.0332
[20:51:26] [heartbeat] connState=1  detailState=2  (6.0s elapsed)  runInBg=True  dt=0.0332
[20:51:28] connState=0  detailState=1  (8.6s elapsed)  runInBg=True
[20:51:28] Connection FAILED — Disconnected after 8.6s
[20:51:28] OVERLAY: LAN server unreachable. | 172.28.48.1:5055 | Check server is running.
[20:51:29] OnLevelWasLoaded: scene=MainMenu level=0
[20:51:32] OnLevelWasLoaded: scene=MultiplayerSelect level=5
[20:51:32] Entered connect scene — starting LAN connection
[20:51:32]   ServerAddress = 172.28.48.1
[20:51:32]   ServerPort = 5055
[20:51:32]   AppID = CNRLan
[20:51:32]   HostType = SelfHosted
[20:51:32] Override applied → 172.28.48.1:5055  AppID=CNRLan
[20:51:32] Disconnect() called
[20:51:32] Photon disconnected, swapping to TCP then reconnecting
[20:51:32] SwapToTcp: current peerBase is TPeer
[20:51:32] SwapToTcp: usedProtocol = Tcp
[20:51:32] SwapToTcp: Listener set via property setter = NetworkingPeer
[20:51:32] SwapToTcp: peerBase swapped to TPeer - client will connect via TCP
[20:51:32] requestSecurity = false → will use direct OpAuthenticate (no DH)
[20:51:32] About to call ConnectUsingSettings...
[20:51:32] ConnectUsingSettings() returned OK → connecting to 172.28.48.1:5055
[20:51:32] Monitoring connection state (30s timeout)...
[20:51:32] connState=1  detailState=2  (0.0s elapsed)  runInBg=True
[20:51:32] [heartbeat] connState=1  detailState=2  (0.0s elapsed)  runInBg=True  dt=0.0332
[20:51:32] CustomMaps Update: mCurWWSubScene=RoomChoice
[20:51:34] [heartbeat] connState=1  detailState=2  (3.0s elapsed)  runInBg=True  dt=0.0333
[20:51:37] [heartbeat] connState=1  detailState=2  (6.0s elapsed)  runInBg=True  dt=0.0332
[20:51:41] [heartbeat] connState=1  detailState=2  (9.1s elapsed)  runInBg=True  dt=0.0332
[20:51:44] [heartbeat] connState=1  detailState=2  (12.1s elapsed)  runInBg=True  dt=0.0332
[20:51:47] [heartbeat] connState=1  detailState=2  (15.1s elapsed)  runInBg=True  dt=0.0332
[20:51:50] [heartbeat] connState=1  detailState=2  (18.1s elapsed)  runInBg=True  dt=0.0331
[20:51:53] [heartbeat] connState=1  detailState=2  (21.2s elapsed)  runInBg=True  dt=0.0332
[20:51:56] [heartbeat] connState=1  detailState=2  (24.2s elapsed)  runInBg=True  dt=0.0332
[20:51:59] [heartbeat] connState=1  detailState=2  (27.2s elapsed)  runInBg=True  dt=0.0332
[20:52:01] Connection TIMED OUT after 30s (last detailState=2) — forcing Disconnect()
[20:52:01] OVERLAY: LAN connection timed out. | 172.28.48.1:5055 | detailState was 2 — is server running?
[20:52:12] CustomMaps Update: mCurWWSubScene=RoomCreate
[20:52:12] HookButtons: scanning 307 behaviours (incl. inactive)
[20:52:12]   MapSelectButtonEvent: WorldWideChoice on WorldWideButton
[20:52:12]   MapSelectButtonEvent: WorldWideBack on WorldWideBackButton
[20:52:12]   MapSelectButtonEvent: WWMaxNumSub on WWMaxNumSubButton
[20:52:12]   MapSelectButtonEvent: LocalBack on LocalBackButton
[20:52:12]   MapSelectButtonEvent: WWMaxNumAdd on WWMaxNumAddButton
[20:52:12]   MapSelectButtonEvent: LWFMapPre on LWFMapPreButton
[20:52:12]   MapSelectButtonEvent: WWCreate on WWRoomCreateButton
[20:52:12]   MapSelectButtonEvent: WWQuickStart on WWQuickStartButton
[20:52:12]   MapSelectButtonEvent: WWRoomCreateBack on WWRoomCreateBackButton
[20:52:12]   MapSelectButtonEvent: ChoiceBack on ChoiceBackButton
[20:52:12]   MapSelectButtonEvent: WWMapNext on WWMapNextButton
[20:52:12]   -> HOOKED as Next
[20:52:12]   MapSelectButtonEvent: WWMapPre on WWMapPreButton
[20:52:12]   -> HOOKED as Pre
[20:52:12]   MapSelectButtonEvent: LWFStart on LWFStartButton
[20:52:12]   MapSelectButtonEvent: LocalChoice on LocalButton
[20:52:12]   MapSelectButtonEvent: LWFMapNext on LWFMapNextButton
[20:52:12]   MapSelectButtonEvent: WWStart on WWRoomStartButton
[20:52:12] Button hook complete — hooked 2 button(s)
[20:52:14] Map changed to: FreeRun15_1
[20:52:15] Map changed to: FreeRun14_1
[20:52:15] Map changed to: FreeRun13_1
[20:52:15] Map changed to: FreeRun12_1
[20:52:15] Map changed to: FreeRun11_1
[20:52:16] Map changed to: FreeRun10_1
[20:52:17] Map changed to: FreeRun11_1
[20:52:17] Map changed to: FreeRun12_1
[20:52:17] Map changed to: FreeRun13_1
[20:52:19] Map changed to: FreeRun14_1
[20:52:20] Map changed to: FreeRun13_1
[20:52:20] === IPRedirectMod Load() ===
[20:52:20] Creating redirect MonoBehaviour for IP: 172.28.48.1
[20:52:20] CustomMaps mod initialized
[20:52:20] Start() — scene=MultiplayerSelect
[20:52:20] CustomMaps Update: mCurWWSubScene=RoomCreate
[20:52:21] HookButtons: scanning 311 behaviours (incl. inactive)
[20:52:21]   MapSelectButtonEvent: WorldWideChoice on WorldWideButton
[20:52:21]   MapSelectButtonEvent: WorldWideBack on WorldWideBackButton
[20:52:21]   MapSelectButtonEvent: WWMaxNumSub on WWMaxNumSubButton
[20:52:21]   MapSelectButtonEvent: LocalBack on LocalBackButton
[20:52:21]   MapSelectButtonEvent: WWMaxNumAdd on WWMaxNumAddButton
[20:52:21]   MapSelectButtonEvent: LWFMapPre on LWFMapPreButton
[20:52:21]   MapSelectButtonEvent: WWCreate on WWRoomCreateButton
[20:52:21]   MapSelectButtonEvent: WWQuickStart on WWQuickStartButton
[20:52:21]   MapSelectButtonEvent: WWRoomCreateBack on WWRoomCreateBackButton
[20:52:21]   MapSelectButtonEvent: ChoiceBack on ChoiceBackButton
[20:52:21]   MapSelectButtonEvent: Nil on WWMapNextButton
[20:52:21]   MapSelectButtonEvent: Nil on WWMapPreButton
[20:52:21]   MapSelectButtonEvent: LWFStart on LWFStartButton
[20:52:21]   MapSelectButtonEvent: LocalChoice on LocalButton
[20:52:21]   MapSelectButtonEvent: LWFMapNext on LWFMapNextButton
[20:52:21]   MapSelectButtonEvent: WWStart on WWRoomStartButton
[20:52:21] Button hook complete — hooked 0 button(s)
[20:52:21] OnJoinedRoom: mCurWWMapSelect=FreeRun13_1
[20:52:21] Custom map room joined — LoadLevel(FreeRun13_1) about to fire
[20:52:21] OnJoinedRoom: mCurWWMapSelect=FreeRun13_1
[20:52:21] Custom map room joined — LoadLevel(FreeRun13_1) about to fire
[20:52:21] HookButtons: scanning 311 behaviours (incl. inactive)
[20:52:21]   MapSelectButtonEvent: WorldWideChoice on WorldWideButton
[20:52:21]   MapSelectButtonEvent: WorldWideBack on WorldWideBackButton
[20:52:21]   MapSelectButtonEvent: WWMaxNumSub on WWMaxNumSubButton
[20:52:21]   MapSelectButtonEvent: LocalBack on LocalBackButton
[20:52:21]   MapSelectButtonEvent: WWMaxNumAdd on WWMaxNumAddButton
[20:52:21]   MapSelectButtonEvent: LWFMapPre on LWFMapPreButton
[20:52:21]   MapSelectButtonEvent: WWCreate on WWRoomCreateButton
[20:52:21]   MapSelectButtonEvent: WWQuickStart on WWQuickStartButton
[20:52:21]   MapSelectButtonEvent: WWRoomCreateBack on WWRoomCreateBackButton
[20:52:21]   MapSelectButtonEvent: ChoiceBack on ChoiceBackButton
[20:52:21]   MapSelectButtonEvent: Nil on WWMapNextButton
[20:52:21]   MapSelectButtonEvent: Nil on WWMapPreButton
[20:52:21]   MapSelectButtonEvent: LWFStart on LWFStartButton
[20:52:21]   MapSelectButtonEvent: LocalChoice on LocalButton
[20:52:21]   MapSelectButtonEvent: LWFMapNext on LWFMapNextButton
[20:52:21]   MapSelectButtonEvent: WWStart on WWRoomStartButton
[20:52:21] Button hook complete — hooked 0 button(s)
[20:52:21] HookButtons: scanning 311 behaviours (incl. inactive)
[20:52:21]   MapSelectButtonEvent: WorldWideChoice on WorldWideButton
[20:52:21]   MapSelectButtonEvent: WorldWideBack on WorldWideBackButton
[20:52:21]   MapSelectButtonEvent: WWMaxNumSub on WWMaxNumSubButton
[20:52:21]   MapSelectButtonEvent: LocalBack on LocalBackButton
[20:52:21]   MapSelectButtonEvent: WWMaxNumAdd on WWMaxNumAddButton
[20:52:21]   MapSelectButtonEvent: LWFMapPre on LWFMapPreButton
[20:52:21]   MapSelectButtonEvent: WWCreate on WWRoomCreateButton
[20:52:21]   MapSelectButtonEvent: WWQuickStart on WWQuickStartButton
[20:52:21]   MapSelectButtonEvent: WWRoomCreateBack on WWRoomCreateBackButton
[20:52:21]   MapSelectButtonEvent: ChoiceBack on ChoiceBackButton
[20:52:21]   MapSelectButtonEvent: Nil on WWMapNextButton
[20:52:21]   MapSelectButtonEvent: Nil on WWMapPreButton
[20:52:21]   MapSelectButtonEvent: LWFStart on LWFStartButton
[20:52:21]   MapSelectButtonEvent: LocalChoice on LocalButton
[20:52:21]   MapSelectButtonEvent: LWFMapNext on LWFMapNextButton
[20:52:21]   MapSelectButtonEvent: WWStart on WWRoomStartButton
[20:52:21] Button hook complete — hooked 0 button(s)
[20:52:21] HookButtons: scanning 311 behaviours (incl. inactive)
[20:52:21]   MapSelectButtonEvent: WorldWideChoice on WorldWideButton
[20:52:21]   MapSelectButtonEvent: WorldWideBack on WorldWideBackButton
[20:52:21]   MapSelectButtonEvent: WWMaxNumSub on WWMaxNumSubButton
[20:52:21]   MapSelectButtonEvent: LocalBack on LocalBackButton
[20:52:21]   MapSelectButtonEvent: WWMaxNumAdd on WWMaxNumAddButton
[20:52:21]   MapSelectButtonEvent: LWFMapPre on LWFMapPreButton
[20:52:21]   MapSelectButtonEvent: WWCreate on WWRoomCreateButton
[20:52:21]   MapSelectButtonEvent: WWQuickStart on WWQuickStartButton
[20:52:21]   MapSelectButtonEvent: WWRoomCreateBack on WWRoomCreateBackButton
[20:52:21]   MapSelectButtonEvent: ChoiceBack on ChoiceBackButton
[20:52:21]   MapSelectButtonEvent: Nil on WWMapNextButton
[20:52:21]   MapSelectButtonEvent: Nil on WWMapPreButton
[20:52:21]   MapSelectButtonEvent: LWFStart on LWFStartButton
[20:52:21]   MapSelectButtonEvent: LocalChoice on LocalButton
[20:52:21]   MapSelectButtonEvent: LWFMapNext on LWFMapNextButton
[20:52:21]   MapSelectButtonEvent: WWStart on WWRoomStartButton
[20:52:21] Button hook complete — hooked 0 button(s)
[20:52:21] HookButtons: scanning 311 behaviours (incl. inactive)
[20:52:21]   MapSelectButtonEvent: WorldWideChoice on WorldWideButton
[20:52:21]   MapSelectButtonEvent: WorldWideBack on WorldWideBackButton
[20:52:21]   MapSelectButtonEvent: WWMaxNumSub on WWMaxNumSubButton
[20:52:21]   MapSelectButtonEvent: LocalBack on LocalBackButton
[20:52:21]   MapSelectButtonEvent: WWMaxNumAdd on WWMaxNumAddButton
[20:52:21]   MapSelectButtonEvent: LWFMapPre on LWFMapPreButton
[20:52:21]   MapSelectButtonEvent: WWCreate on WWRoomCreateButton
[20:52:21]   MapSelectButtonEvent: WWQuickStart on WWQuickStartButton
[20:52:21]   MapSelectButtonEvent: WWRoomCreateBack on WWRoomCreateBackButton
[20:52:21]   MapSelectButtonEvent: ChoiceBack on ChoiceBackButton
[20:52:21]   MapSelectButtonEvent: Nil on WWMapNextButton
[20:52:21]   MapSelectButtonEvent: Nil on WWMapPreButton
[20:52:21]   MapSelectButtonEvent: LWFStart on LWFStartButton
[20:52:21]   MapSelectButtonEvent: LocalChoice on LocalButton
[20:52:21]   MapSelectButtonEvent: LWFMapNext on LWFMapNextButton
[20:52:21]   MapSelectButtonEvent: WWStart on WWRoomStartButton
[20:52:21] Button hook complete — hooked 0 button(s)
[20:52:21] HookButtons: scanning 311 behaviours (incl. inactive)
[20:52:21]   MapSelectButtonEvent: WorldWideChoice on WorldWideButton
[20:52:21]   MapSelectButtonEvent: WorldWideBack on WorldWideBackButton
[20:52:21]   MapSelectButtonEvent: WWMaxNumSub on WWMaxNumSubButton
[20:52:21]   MapSelectButtonEvent: LocalBack on LocalBackButton
[20:52:21]   MapSelectButtonEvent: WWMaxNumAdd on WWMaxNumAddButton
[20:52:21]   MapSelectButtonEvent: LWFMapPre on LWFMapPreButton
[20:52:21]   MapSelectButtonEvent: WWCreate on WWRoomCreateButton
[20:52:21]   MapSelectButtonEvent: WWQuickStart on WWQuickStartButton
[20:52:21]   MapSelectButtonEvent: WWRoomCreateBack on WWRoomCreateBackButton
[20:52:21]   MapSelectButtonEvent: ChoiceBack on ChoiceBackButton
[20:52:21]   MapSelectButtonEvent: Nil on WWMapNextButton
[20:52:21]   MapSelectButtonEvent: Nil on WWMapPreButton
[20:52:21]   MapSelectButtonEvent: LWFStart on LWFStartButton
[20:52:21]   MapSelectButtonEvent: LocalChoice on LocalButton
[20:52:21]   MapSelectButtonEvent: LWFMapNext on LWFMapNextButton
[20:52:21]   MapSelectButtonEvent: WWStart on WWRoomStartButton
[20:52:21] Button hook complete — hooked 0 button(s)
[20:52:22] HookButtons: scanning 311 behaviours (incl. inactive)
[20:52:22]   MapSelectButtonEvent: WorldWideChoice on WorldWideButton
[20:52:22]   MapSelectButtonEvent: WorldWideBack on WorldWideBackButton
[20:52:22]   MapSelectButtonEvent: WWMaxNumSub on WWMaxNumSubButton
[20:52:22]   MapSelectButtonEvent: LocalBack on LocalBackButton
[20:52:22]   MapSelectButtonEvent: WWMaxNumAdd on WWMaxNumAddButton
[20:52:22]   MapSelectButtonEvent: LWFMapPre on LWFMapPreButton
[20:52:22]   MapSelectButtonEvent: WWCreate on WWRoomCreateButton
[20:52:22]   MapSelectButtonEvent: WWQuickStart on WWQuickStartButton
[20:52:22]   MapSelectButtonEvent: WWRoomCreateBack on WWRoomCreateBackButton
[20:52:22]   MapSelectButtonEvent: ChoiceBack on ChoiceBackButton
[20:52:22]   MapSelectButtonEvent: Nil on WWMapNextButton
[20:52:22]   MapSelectButtonEvent: Nil on WWMapPreButton
[20:52:22]   MapSelectButtonEvent: LWFStart on LWFStartButton
[20:52:22]   MapSelectButtonEvent: LocalChoice on LocalButton
[20:52:22]   MapSelectButtonEvent: LWFMapNext on LWFMapNextButton
[20:52:22]   MapSelectButtonEvent: WWStart on WWRoomStartButton
[20:52:22] Button hook complete — hooked 0 button(s)
[20:52:22] HookButtons: scanning 311 behaviours (incl. inactive)
[20:52:22]   MapSelectButtonEvent: WorldWideChoice on WorldWideButton
[20:52:22]   MapSelectButtonEvent: WorldWideBack on WorldWideBackButton
[20:52:22]   MapSelectButtonEvent: WWMaxNumSub on WWMaxNumSubButton
[20:52:22]   MapSelectButtonEvent: LocalBack on LocalBackButton
[20:52:22]   MapSelectButtonEvent: WWMaxNumAdd on WWMaxNumAddButton
[20:52:22]   MapSelectButtonEvent: LWFMapPre on LWFMapPreButton
[20:52:22]   MapSelectButtonEvent: WWCreate on WWRoomCreateButton
[20:52:22]   MapSelectButtonEvent: WWQuickStart on WWQuickStartButton
[20:52:22]   MapSelectButtonEvent: WWRoomCreateBack on WWRoomCreateBackButton
[20:52:22]   MapSelectButtonEvent: ChoiceBack on ChoiceBackButton
[20:52:22]   MapSelectButtonEvent: Nil on WWMapNextButton
[20:52:22]   MapSelectButtonEvent: Nil on WWMapPreButton
[20:52:22]   MapSelectButtonEvent: LWFStart on LWFStartButton
[20:52:22]   MapSelectButtonEvent: LocalChoice on LocalButton
[20:52:22]   MapSelectButtonEvent: LWFMapNext on LWFMapNextButton
[20:52:22]   MapSelectButtonEvent: WWStart on WWRoomStartButton
[20:52:22] Button hook complete — hooked 0 button(s)
[20:52:22] HookButtons: scanning 311 behaviours (incl. inactive)
[20:52:22]   MapSelectButtonEvent: WorldWideChoice on WorldWideButton
[20:52:22]   MapSelectButtonEvent: WorldWideBack on WorldWideBackButton
[20:52:22]   MapSelectButtonEvent: WWMaxNumSub on WWMaxNumSubButton
[20:52:22]   MapSelectButtonEvent: LocalBack on LocalBackButton
[20:52:22]   MapSelectButtonEvent: WWMaxNumAdd on WWMaxNumAddButton
[20:52:22]   MapSelectButtonEvent: LWFMapPre on LWFMapPreButton
[20:52:22]   MapSelectButtonEvent: WWCreate on WWRoomCreateButton
[20:52:22]   MapSelectButtonEvent: WWQuickStart on WWQuickStartButton
[20:52:22]   MapSelectButtonEvent: WWRoomCreateBack on WWRoomCreateBackButton
[20:52:22]   MapSelectButtonEvent: ChoiceBack on ChoiceBackButton
[20:52:22]   MapSelectButtonEvent: Nil on WWMapNextButton
[20:52:22]   MapSelectButtonEvent: Nil on WWMapPreButton
[20:52:22]   MapSelectButtonEvent: LWFStart on LWFStartButton
[20:52:22]   MapSelectButtonEvent: LocalChoice on LocalButton
[20:52:22]   MapSelectButtonEvent: LWFMapNext on LWFMapNextButton
[20:52:22]   MapSelectButtonEvent: WWStart on WWRoomStartButton
[20:52:22] Button hook complete — hooked 0 button(s)
[20:52:22] HookButtons: scanning 311 behaviours (incl. inactive)
[20:52:22]   MapSelectButtonEvent: WorldWideChoice on WorldWideButton
[20:52:22]   MapSelectButtonEvent: WorldWideBack on WorldWideBackButton
[20:52:22]   MapSelectButtonEvent: WWMaxNumSub on WWMaxNumSubButton
[20:52:22]   MapSelectButtonEvent: LocalBack on LocalBackButton
[20:52:22]   MapSelectButtonEvent: WWMaxNumAdd on WWMaxNumAddButton
[20:52:22]   MapSelectButtonEvent: LWFMapPre on LWFMapPreButton
[20:52:22]   MapSelectButtonEvent: WWCreate on WWRoomCreateButton
[20:52:22]   MapSelectButtonEvent: WWQuickStart on WWQuickStartButton
[20:52:22]   MapSelectButtonEvent: WWRoomCreateBack on WWRoomCreateBackButton
[20:52:22]   MapSelectButtonEvent: ChoiceBack on ChoiceBackButton
[20:52:22]   MapSelectButtonEvent: Nil on WWMapNextButton
[20:52:22]   MapSelectButtonEvent: Nil on WWMapPreButton
[20:52:22]   MapSelectButtonEvent: LWFStart on LWFStartButton
[20:52:22]   MapSelectButtonEvent: LocalChoice on LocalButton
[20:52:22]   MapSelectButtonEvent: LWFMapNext on LWFMapNextButton
[20:52:22]   MapSelectButtonEvent: WWStart on WWRoomStartButton
[20:52:22] Button hook complete — hooked 0 button(s)
[20:52:22] HookButtons: scanning 311 behaviours (incl. inactive)
[20:52:22]   MapSelectButtonEvent: WorldWideChoice on WorldWideButton
[20:52:22]   MapSelectButtonEvent: WorldWideBack on WorldWideBackButton
[20:52:22]   MapSelectButtonEvent: WWMaxNumSub on WWMaxNumSubButton
[20:52:22]   MapSelectButtonEvent: LocalBack on LocalBackButton
[20:52:22]   MapSelectButtonEvent: WWMaxNumAdd on WWMaxNumAddButton
[20:52:22]   MapSelectButtonEvent: LWFMapPre on LWFMapPreButton
[20:52:22]   MapSelectButtonEvent: WWCreate on WWRoomCreateButton
[20:52:22]   MapSelectButtonEvent: WWQuickStart on WWQuickStartButton
[20:52:22]   MapSelectButtonEvent: WWRoomCreateBack on WWRoomCreateBackButton
[20:52:22]   MapSelectButtonEvent: ChoiceBack on ChoiceBackButton
[20:52:22]   MapSelectButtonEvent: Nil on WWMapNextButton
[20:52:22]   MapSelectButtonEvent: Nil on WWMapPreButton
[20:52:22]   MapSelectButtonEvent: LWFStart on LWFStartButton
[20:52:22]   MapSelectButtonEvent: LocalChoice on LocalButton
[20:52:22]   MapSelectButtonEvent: LWFMapNext on LWFMapNextButton
[20:52:22]   MapSelectButtonEvent: WWStart on WWRoomStartButton
[20:52:22] Button hook complete — hooked 0 button(s)
[20:52:22] HookButtons: scanning 311 behaviours (incl. inactive)
[20:52:22]   MapSelectButtonEvent: WorldWideChoice on WorldWideButton
[20:52:22]   MapSelectButtonEvent: WorldWideBack on WorldWideBackButton
[20:52:22]   MapSelectButtonEvent: WWMaxNumSub on WWMaxNumSubButton
[20:52:22]   MapSelectButtonEvent: LocalBack on LocalBackButton
[20:52:22]   MapSelectButtonEvent: WWMaxNumAdd on WWMaxNumAddButton
[20:52:22]   MapSelectButtonEvent: LWFMapPre on LWFMapPreButton
[20:52:22]   MapSelectButtonEvent: WWCreate on WWRoomCreateButton
[20:52:22]   MapSelectButtonEvent: WWQuickStart on WWQuickStartButton
[20:52:22]   MapSelectButtonEvent: WWRoomCreateBack on WWRoomCreateBackButton
[20:52:22]   MapSelectButtonEvent: ChoiceBack on ChoiceBackButton
[20:52:22]   MapSelectButtonEvent: Nil on WWMapNextButton
[20:52:22]   MapSelectButtonEvent: Nil on WWMapPreButton
[20:52:22]   MapSelectButtonEvent: LWFStart on LWFStartButton
[20:52:22]   MapSelectButtonEvent: LocalChoice on LocalButton
[20:52:22]   MapSelectButtonEvent: LWFMapNext on LWFMapNextButton
[20:52:22]   MapSelectButtonEvent: WWStart on WWRoomStartButton
[20:52:22] Button hook complete — hooked 0 button(s)
[20:52:23] HookButtons: scanning 311 behaviours (incl. inactive)
[20:52:23]   MapSelectButtonEvent: WorldWideChoice on WorldWideButton
[20:52:23]   MapSelectButtonEvent: WorldWideBack on WorldWideBackButton
[20:52:23]   MapSelectButtonEvent: WWMaxNumSub on WWMaxNumSubButton
[20:52:23]   MapSelectButtonEvent: LocalBack on LocalBackButton
[20:52:23]   MapSelectButtonEvent: WWMaxNumAdd on WWMaxNumAddButton
[20:52:23]   MapSelectButtonEvent: LWFMapPre on LWFMapPreButton
[20:52:23]   MapSelectButtonEvent: WWCreate on WWRoomCreateButton
[20:52:23]   MapSelectButtonEvent: WWQuickStart on WWQuickStartButton
[20:52:23]   MapSelectButtonEvent: WWRoomCreateBack on WWRoomCreateBackButton
[20:52:23]   MapSelectButtonEvent: ChoiceBack on ChoiceBackButton
[20:52:23]   MapSelectButtonEvent: Nil on WWMapNextButton
[20:52:23]   MapSelectButtonEvent: Nil on WWMapPreButton
[20:52:23]   MapSelectButtonEvent: LWFStart on LWFStartButton
[20:52:23]   MapSelectButtonEvent: LocalChoice on LocalButton
[20:52:23]   MapSelectButtonEvent: LWFMapNext on LWFMapNextButton
[20:52:23]   MapSelectButtonEvent: WWStart on WWRoomStartButton
[20:52:23] Button hook complete — hooked 0 button(s)
[20:52:23] HookButtons: scanning 311 behaviours (incl. inactive)
[20:52:23]   MapSelectButtonEvent: WorldWideChoice on WorldWideButton
[20:52:23]   MapSelectButtonEvent: WorldWideBack on WorldWideBackButton
[20:52:23]   MapSelectButtonEvent: WWMaxNumSub on WWMaxNumSubButton
[20:52:23]   MapSelectButtonEvent: LocalBack on LocalBackButton
[20:52:23]   MapSelectButtonEvent: WWMaxNumAdd on WWMaxNumAddButton
[20:52:23]   MapSelectButtonEvent: LWFMapPre on LWFMapPreButton
[20:52:23]   MapSelectButtonEvent: WWCreate on WWRoomCreateButton
[20:52:23]   MapSelectButtonEvent: WWQuickStart on WWQuickStartButton
[20:52:23]   MapSelectButtonEvent: WWRoomCreateBack on WWRoomCreateBackButton
[20:52:23]   MapSelectButtonEvent: ChoiceBack on ChoiceBackButton
[20:52:23]   MapSelectButtonEvent: Nil on WWMapNextButton
[20:52:23]   MapSelectButtonEvent: Nil on WWMapPreButton
[20:52:23]   MapSelectButtonEvent: LWFStart on LWFStartButton
[20:52:23]   MapSelectButtonEvent: LocalChoice on LocalButton
[20:52:23]   MapSelectButtonEvent: LWFMapNext on LWFMapNextButton
[20:52:23]   MapSelectButtonEvent: WWStart on WWRoomStartButton
[20:52:23] Button hook complete — hooked 0 button(s)
[20:52:23] HookButtons: scanning 311 behaviours (incl. inactive)
[20:52:23]   MapSelectButtonEvent: WorldWideChoice on WorldWideButton
[20:52:23]   MapSelectButtonEvent: WorldWideBack on WorldWideBackButton
[20:52:23]   MapSelectButtonEvent: WWMaxNumSub on WWMaxNumSubButton
[20:52:23]   MapSelectButtonEvent: LocalBack on LocalBackButton
[20:52:23]   MapSelectButtonEvent: WWMaxNumAdd on WWMaxNumAddButton
[20:52:23]   MapSelectButtonEvent: LWFMapPre on LWFMapPreButton
[20:52:23]   MapSelectButtonEvent: WWCreate on WWRoomCreateButton
[20:52:23]   MapSelectButtonEvent: WWQuickStart on WWQuickStartButton
[20:52:23]   MapSelectButtonEvent: WWRoomCreateBack on WWRoomCreateBackButton
[20:52:23]   MapSelectButtonEvent: ChoiceBack on ChoiceBackButton
[20:52:23]   MapSelectButtonEvent: Nil on WWMapNextButton
[20:52:23]   MapSelectButtonEvent: Nil on WWMapPreButton
[20:52:23]   MapSelectButtonEvent: LWFStart on LWFStartButton
[20:52:23]   MapSelectButtonEvent: LocalChoice on LocalButton
[20:52:23]   MapSelectButtonEvent: LWFMapNext on LWFMapNextButton
[20:52:23]   MapSelectButtonEvent: WWStart on WWRoomStartButton
[20:52:23] Button hook complete — hooked 0 button(s)
[20:52:23] HookButtons: scanning 311 behaviours (incl. inactive)
[20:52:23]   MapSelectButtonEvent: WorldWideChoice on WorldWideButton
[20:52:23]   MapSelectButtonEvent: WorldWideBack on WorldWideBackButton
[20:52:23]   MapSelectButtonEvent: WWMaxNumSub on WWMaxNumSubButton
[20:52:23]   MapSelectButtonEvent: LocalBack on LocalBackButton
[20:52:23]   MapSelectButtonEvent: WWMaxNumAdd on WWMaxNumAddButton
[20:52:23]   MapSelectButtonEvent: LWFMapPre on LWFMapPreButton
[20:52:23]   MapSelectButtonEvent: WWCreate on WWRoomCreateButton
[20:52:23]   MapSelectButtonEvent: WWQuickStart on WWQuickStartButton
[20:52:23]   MapSelectButtonEvent: WWRoomCreateBack on WWRoomCreateBackButton
[20:52:23]   MapSelectButtonEvent: ChoiceBack on ChoiceBackButton
[20:52:23]   MapSelectButtonEvent: Nil on WWMapNextButton
[20:52:23]   MapSelectButtonEvent: Nil on WWMapPreButton
[20:52:23]   MapSelectButtonEvent: LWFStart on LWFStartButton
[20:52:23]   MapSelectButtonEvent: LocalChoice on LocalButton
[20:52:23]   MapSelectButtonEvent: LWFMapNext on LWFMapNextButton
[20:52:23]   MapSelectButtonEvent: WWStart on WWRoomStartButton
[20:52:23] Button hook complete — hooked 0 button(s)
[20:52:23] HookButtons: scanning 311 behaviours (incl. inactive)
[20:52:23]   MapSelectButtonEvent: WorldWideChoice on WorldWideButton
[20:52:23]   MapSelectButtonEvent: WorldWideBack on WorldWideBackButton
[20:52:23]   MapSelectButtonEvent: WWMaxNumSub on WWMaxNumSubButton
[20:52:23]   MapSelectButtonEvent: LocalBack on LocalBackButton
[20:52:23]   MapSelectButtonEvent: WWMaxNumAdd on WWMaxNumAddButton
[20:52:23]   MapSelectButtonEvent: LWFMapPre on LWFMapPreButton
[20:52:23]   MapSelectButtonEvent: WWCreate on WWRoomCreateButton
[20:52:23]   MapSelectButtonEvent: WWQuickStart on WWQuickStartButton
[20:52:23]   MapSelectButtonEvent: WWRoomCreateBack on WWRoomCreateBackButton
[20:52:23]   MapSelectButtonEvent: ChoiceBack on ChoiceBackButton
[20:52:23]   MapSelectButtonEvent: Nil on WWMapNextButton
[20:52:23]   MapSelectButtonEvent: Nil on WWMapPreButton
[20:52:23]   MapSelectButtonEvent: LWFStart on LWFStartButton
[20:52:23]   MapSelectButtonEvent: LocalChoice on LocalButton
[20:52:23]   MapSelectButtonEvent: LWFMapNext on LWFMapNextButton
[20:52:23]   MapSelectButtonEvent: WWStart on WWRoomStartButton
[20:52:23] Button hook complete — hooked 0 button(s)
[20:52:23] HookButtons: scanning 311 behaviours (incl. inactive)
[20:52:23]   MapSelectButtonEvent: WorldWideChoice on WorldWideButton
[20:52:23]   MapSelectButtonEvent: WorldWideBack on WorldWideBackButton
[20:52:23]   MapSelectButtonEvent: WWMaxNumSub on WWMaxNumSubButton
[20:52:23]   MapSelectButtonEvent: LocalBack on LocalBackButton
[20:52:23]   MapSelectButtonEvent: WWMaxNumAdd on WWMaxNumAddButton
[20:52:23]   MapSelectButtonEvent: LWFMapPre on LWFMapPreButton
[20:52:23]   MapSelectButtonEvent: WWCreate on WWRoomCreateButton
[20:52:23]   MapSelectButtonEvent: WWQuickStart on WWQuickStartButton
[20:52:23]   MapSelectButtonEvent: WWRoomCreateBack on WWRoomCreateBackButton
[20:52:23]   MapSelectButtonEvent: ChoiceBack on ChoiceBackButton
[20:52:23]   MapSelectButtonEvent: Nil on WWMapNextButton
[20:52:23]   MapSelectButtonEvent: Nil on WWMapPreButton
[20:52:23]   MapSelectButtonEvent: LWFStart on LWFStartButton
[20:52:23]   MapSelectButtonEvent: LocalChoice on LocalButton
[20:52:23]   MapSelectButtonEvent: LWFMapNext on LWFMapNextButton
[20:52:23]   MapSelectButtonEvent: WWStart on WWRoomStartButton
[20:52:23] Button hook complete — hooked 0 button(s)
[20:52:23] [Update tick 1] deltaTime=0.0332 unscaled=0.0332 realTime=88.2 timescale=1.00
[20:52:24] HookButtons: scanning 311 behaviours (incl. inactive)
[20:52:24]   MapSelectButtonEvent: WorldWideChoice on WorldWideButton
[20:52:24]   MapSelectButtonEvent: WorldWideBack on WorldWideBackButton
[20:52:24]   MapSelectButtonEvent: WWMaxNumSub on WWMaxNumSubButton
[20:52:24]   MapSelectButtonEvent: LocalBack on LocalBackButton
[20:52:24]   MapSelectButtonEvent: WWMaxNumAdd on WWMaxNumAddButton
[20:52:24]   MapSelectButtonEvent: LWFMapPre on LWFMapPreButton
[20:52:24]   MapSelectButtonEvent: WWCreate on WWRoomCreateButton
[20:52:24]   MapSelectButtonEvent: WWQuickStart on WWQuickStartButton
[20:52:24]   MapSelectButtonEvent: WWRoomCreateBack on WWRoomCreateBackButton
[20:52:24]   MapSelectButtonEvent: ChoiceBack on ChoiceBackButton
[20:52:24]   MapSelectButtonEvent: Nil on WWMapNextButton
[20:52:24]   MapSelectButtonEvent: Nil on WWMapPreButton
[20:52:24]   MapSelectButtonEvent: LWFStart on LWFStartButton
[20:52:24]   MapSelectButtonEvent: LocalChoice on LocalButton
[20:52:24]   MapSelectButtonEvent: LWFMapNext on LWFMapNextButton
[20:52:24]   MapSelectButtonEvent: WWStart on WWRoomStartButton
[20:52:24] Button hook complete — hooked 0 button(s)
[20:52:24] HookButtons: scanning 311 behaviours (incl. inactive)
[20:52:24]   MapSelectButtonEvent: WorldWideChoice on WorldWideButton
[20:52:24]   MapSelectButtonEvent: WorldWideBack on WorldWideBackButton
[20:52:24]   MapSelectButtonEvent: WWMaxNumSub on WWMaxNumSubButton
[20:52:24]   MapSelectButtonEvent: LocalBack on LocalBackButton
[20:52:24]   MapSelectButtonEvent: WWMaxNumAdd on WWMaxNumAddButton
[20:52:24]   MapSelectButtonEvent: LWFMapPre on LWFMapPreButton
[20:52:24]   MapSelectButtonEvent: WWCreate on WWRoomCreateButton
[20:52:24]   MapSelectButtonEvent: WWQuickStart on WWQuickStartButton
[20:52:24]   MapSelectButtonEvent: WWRoomCreateBack on WWRoomCreateBackButton
[20:52:24]   MapSelectButtonEvent: ChoiceBack on ChoiceBackButton
[20:52:24]   MapSelectButtonEvent: Nil on WWMapNextButton
[20:52:24]   MapSelectButtonEvent: Nil on WWMapPreButton
[20:52:24]   MapSelectButtonEvent: LWFStart on LWFStartButton
[20:52:24]   MapSelectButtonEvent: LocalChoice on LocalButton
[20:52:24]   MapSelectButtonEvent: LWFMapNext on LWFMapNextButton
[20:52:24]   MapSelectButtonEvent: WWStart on WWRoomStartButton
[20:52:24] Button hook complete — hooked 0 button(s)
[20:52:24] HookButtons: scanning 311 behaviours (incl. inactive)
[20:52:24]   MapSelectButtonEvent: WorldWideChoice on WorldWideButton
[20:52:24]   MapSelectButtonEvent: WorldWideBack on WorldWideBackButton
[20:52:24]   MapSelectButtonEvent: WWMaxNumSub on WWMaxNumSubButton
[20:52:24]   MapSelectButtonEvent: LocalBack on LocalBackButton
[20:52:24]   MapSelectButtonEvent: WWMaxNumAdd on WWMaxNumAddButton
[20:52:24]   MapSelectButtonEvent: LWFMapPre on LWFMapPreButton
[20:52:24]   MapSelectButtonEvent: WWCreate on WWRoomCreateButton
[20:52:24]   MapSelectButtonEvent: WWQuickStart on WWQuickStartButton
[20:52:24]   MapSelectButtonEvent: WWRoomCreateBack on WWRoomCreateBackButton
[20:52:24]   MapSelectButtonEvent: ChoiceBack on ChoiceBackButton
[20:52:24]   MapSelectButtonEvent: Nil on WWMapNextButton
[20:52:24]   MapSelectButtonEvent: Nil on WWMapPreButton
[20:52:24]   MapSelectButtonEvent: LWFStart on LWFStartButton
[20:52:24]   MapSelectButtonEvent: LocalChoice on LocalButton
[20:52:24]   MapSelectButtonEvent: LWFMapNext on LWFMapNextButton
[20:52:24]   MapSelectButtonEvent: WWStart on WWRoomStartButton
[20:52:24] Button hook complete — hooked 0 button(s)
[20:52:24] HookButtons: scanning 311 behaviours (incl. inactive)
[20:52:24]   MapSelectButtonEvent: WorldWideChoice on WorldWideButton
[20:52:24]   MapSelectButtonEvent: WorldWideBack on WorldWideBackButton
[20:52:24]   MapSelectButtonEvent: WWMaxNumSub on WWMaxNumSubButton
[20:52:24]   MapSelectButtonEvent: LocalBack on LocalBackButton
[20:52:24]   MapSelectButtonEvent: WWMaxNumAdd on WWMaxNumAddButton
[20:52:24]   MapSelectButtonEvent: LWFMapPre on LWFMapPreButton
[20:52:24]   MapSelectButtonEvent: WWCreate on WWRoomCreateButton
[20:52:24]   MapSelectButtonEvent: WWQuickStart on WWQuickStartButton
[20:52:24]   MapSelectButtonEvent: WWRoomCreateBack on WWRoomCreateBackButton
[20:52:24]   MapSelectButtonEvent: ChoiceBack on ChoiceBackButton
[20:52:24]   MapSelectButtonEvent: Nil on WWMapNextButton
[20:52:24]   MapSelectButtonEvent: Nil on WWMapPreButton
[20:52:24]   MapSelectButtonEvent: LWFStart on LWFStartButton
[20:52:24]   MapSelectButtonEvent: LocalChoice on LocalButton
[20:52:24]   MapSelectButtonEvent: LWFMapNext on LWFMapNextButton
[20:52:24]   MapSelectButtonEvent: WWStart on WWRoomStartButton
[20:52:24] Button hook complete — hooked 0 button(s)
[20:52:24] HookButtons: scanning 311 behaviours (incl. inactive)
[20:52:24]   MapSelectButtonEvent: WorldWideChoice on WorldWideButton
[20:52:24]   MapSelectButtonEvent: WorldWideBack on WorldWideBackButton
[20:52:24]   MapSelectButtonEvent: WWMaxNumSub on WWMaxNumSubButton
[20:52:24]   MapSelectButtonEvent: LocalBack on LocalBackButton
[20:52:24]   MapSelectButtonEvent: WWMaxNumAdd on WWMaxNumAddButton
[20:52:24]   MapSelectButtonEvent: LWFMapPre on LWFMapPreButton
[20:52:24]   MapSelectButtonEvent: WWCreate on WWRoomCreateButton
[20:52:24]   MapSelectButtonEvent: WWQuickStart on WWQuickStartButton
[20:52:24]   MapSelectButtonEvent: WWRoomCreateBack on WWRoomCreateBackButton
[20:52:24]   MapSelectButtonEvent: ChoiceBack on ChoiceBackButton
[20:52:24]   MapSelectButtonEvent: Nil on WWMapNextButton
[20:52:24]   MapSelectButtonEvent: Nil on WWMapPreButton
[20:52:24]   MapSelectButtonEvent: LWFStart on LWFStartButton
[20:52:24]   MapSelectButtonEvent: LocalChoice on LocalButton
[20:52:24]   MapSelectButtonEvent: LWFMapNext on LWFMapNextButton
[20:52:24]   MapSelectButtonEvent: WWStart on WWRoomStartButton
[20:52:24] Button hook complete — hooked 0 button(s)
[20:52:24] HookButtons: scanning 311 behaviours (incl. inactive)
[20:52:24]   MapSelectButtonEvent: WorldWideChoice on WorldWideButton
[20:52:24]   MapSelectButtonEvent: WorldWideBack on WorldWideBackButton
[20:52:24]   MapSelectButtonEvent: WWMaxNumSub on WWMaxNumSubButton
[20:52:24]   MapSelectButtonEvent: LocalBack on LocalBackButton
[20:52:24]   MapSelectButtonEvent: WWMaxNumAdd on WWMaxNumAddButton
[20:52:24]   MapSelectButtonEvent: LWFMapPre on LWFMapPreButton
[20:52:24]   MapSelectButtonEvent: WWCreate on WWRoomCreateButton
[20:52:24]   MapSelectButtonEvent: WWQuickStart on WWQuickStartButton
[20:52:24]   MapSelectButtonEvent: WWRoomCreateBack on WWRoomCreateBackButton
[20:52:24]   MapSelectButtonEvent: ChoiceBack on ChoiceBackButton
[20:52:24]   MapSelectButtonEvent: Nil on WWMapNextButton
[20:52:24]   MapSelectButtonEvent: Nil on WWMapPreButton
[20:52:24]   MapSelectButtonEvent: LWFStart on LWFStartButton
[20:52:24]   MapSelectButtonEvent: LocalChoice on LocalButton
[20:52:24]   MapSelectButtonEvent: LWFMapNext on LWFMapNextButton
[20:52:24]   MapSelectButtonEvent: WWStart on WWRoomStartButton
[20:52:24] Button hook complete — hooked 0 button(s)
[20:52:24] HookButtons: scanning 311 behaviours (incl. inactive)
[20:52:24]   MapSelectButtonEvent: WorldWideChoice on WorldWideButton
[20:52:24]   MapSelectButtonEvent: WorldWideBack on WorldWideBackButton
[20:52:24]   MapSelectButtonEvent: WWMaxNumSub on WWMaxNumSubButton
[20:52:24]   MapSelectButtonEvent: LocalBack on LocalBackButton
[20:52:24]   MapSelectButtonEvent: WWMaxNumAdd on WWMaxNumAddButton
[20:52:24]   MapSelectButtonEvent: LWFMapPre on LWFMapPreButton
[20:52:24]   MapSelectButtonEvent: WWCreate on WWRoomCreateButton
[20:52:24]   MapSelectButtonEvent: WWQuickStart on WWQuickStartButton
[20:52:24]   MapSelectButtonEvent: WWRoomCreateBack on WWRoomCreateBackButton
[20:52:24]   MapSelectButtonEvent: ChoiceBack on ChoiceBackButton
[20:52:25]   MapSelectButtonEvent: Nil on WWMapNextButton
[20:52:25]   MapSelectButtonEvent: Nil on WWMapPreButton
[20:52:25]   MapSelectButtonEvent: LWFStart on LWFStartButton
[20:52:25]   MapSelectButtonEvent: LocalChoice on LocalButton
[20:52:25]   MapSelectButtonEvent: LWFMapNext on LWFMapNextButton
[20:52:25]   MapSelectButtonEvent: WWStart on WWRoomStartButton
[20:52:25] Button hook complete — hooked 0 button(s)
[20:52:25] HookButtons: scanning 311 behaviours (incl. inactive)
[20:52:25]   MapSelectButtonEvent: WorldWideChoice on WorldWideButton
[20:52:25]   MapSelectButtonEvent: WorldWideBack on WorldWideBackButton
[20:52:25]   MapSelectButtonEvent: WWMaxNumSub on WWMaxNumSubButton
[20:52:25]   MapSelectButtonEvent: LocalBack on LocalBackButton
[20:52:25]   MapSelectButtonEvent: WWMaxNumAdd on WWMaxNumAddButton
[20:52:25]   MapSelectButtonEvent: LWFMapPre on LWFMapPreButton
[20:52:25]   MapSelectButtonEvent: WWCreate on WWRoomCreateButton
[20:52:25]   MapSelectButtonEvent: WWQuickStart on WWQuickStartButton
[20:52:25]   MapSelectButtonEvent: WWRoomCreateBack on WWRoomCreateBackButton
[20:52:25]   MapSelectButtonEvent: ChoiceBack on ChoiceBackButton
[20:52:25]   MapSelectButtonEvent: Nil on WWMapNextButton
[20:52:25]   MapSelectButtonEvent: Nil on WWMapPreButton
[20:52:25]   MapSelectButtonEvent: LWFStart on LWFStartButton
[20:52:25]   MapSelectButtonEvent: LocalChoice on LocalButton
[20:52:25]   MapSelectButtonEvent: LWFMapNext on LWFMapNextButton
[20:52:25]   MapSelectButtonEvent: WWStart on WWRoomStartButton
[20:52:25] Button hook complete — hooked 0 button(s)
[20:52:25] HookButtons: scanning 311 behaviours (incl. inactive)
[20:52:25]   MapSelectButtonEvent: WorldWideChoice on WorldWideButton
[20:52:25]   MapSelectButtonEvent: WorldWideBack on WorldWideBackButton
[20:52:25]   MapSelectButtonEvent: WWMaxNumSub on WWMaxNumSubButton
[20:52:25]   MapSelectButtonEvent: LocalBack on LocalBackButton
[20:52:25]   MapSelectButtonEvent: WWMaxNumAdd on WWMaxNumAddButton
[20:52:25]   MapSelectButtonEvent: LWFMapPre on LWFMapPreButton
[20:52:25]   MapSelectButtonEvent: WWCreate on WWRoomCreateButton
[20:52:25]   MapSelectButtonEvent: WWQuickStart on WWQuickStartButton
[20:52:25]   MapSelectButtonEvent: WWRoomCreateBack on WWRoomCreateBackButton
[20:52:25]   MapSelectButtonEvent: ChoiceBack on ChoiceBackButton
[20:52:25]   MapSelectButtonEvent: Nil on WWMapNextButton
[20:52:25]   MapSelectButtonEvent: Nil on WWMapPreButton
[20:52:25]   MapSelectButtonEvent: LWFStart on LWFStartButton
[20:52:25]   MapSelectButtonEvent: LocalChoice on LocalButton
[20:52:25]   MapSelectButtonEvent: LWFMapNext on LWFMapNextButton
[20:52:25]   MapSelectButtonEvent: WWStart on WWRoomStartButton
[20:52:25] Button hook complete — hooked 0 button(s)
[20:52:25] HookButtons: scanning 311 behaviours (incl. inactive)
[20:52:25]   MapSelectButtonEvent: WorldWideChoice on WorldWideButton
[20:52:25]   MapSelectButtonEvent: WorldWideBack on WorldWideBackButton
[20:52:25]   MapSelectButtonEvent: WWMaxNumSub on WWMaxNumSubButton
[20:52:25]   MapSelectButtonEvent: LocalBack on LocalBackButton
[20:52:25]   MapSelectButtonEvent: WWMaxNumAdd on WWMaxNumAddButton
[20:52:25]   MapSelectButtonEvent: LWFMapPre on LWFMapPreButton
[20:52:25]   MapSelectButtonEvent: WWCreate on WWRoomCreateButton
[20:52:25]   MapSelectButtonEvent: WWQuickStart on WWQuickStartButton
[20:52:25]   MapSelectButtonEvent: WWRoomCreateBack on WWRoomCreateBackButton
[20:52:25]   MapSelectButtonEvent: ChoiceBack on ChoiceBackButton
[20:52:25]   MapSelectButtonEvent: Nil on WWMapNextButton
[20:52:25]   MapSelectButtonEvent: Nil on WWMapPreButton
[20:52:25]   MapSelectButtonEvent: LWFStart on LWFStartButton
[20:52:25]   MapSelectButtonEvent: LocalChoice on LocalButton
[20:52:25]   MapSelectButtonEvent: LWFMapNext on LWFMapNextButton
[20:52:25]   MapSelectButtonEvent: WWStart on WWRoomStartButton
[20:52:25] Button hook complete — hooked 0 button(s)
[20:52:25] HookButtons: scanning 311 behaviours (incl. inactive)
[20:52:25]   MapSelectButtonEvent: WorldWideChoice on WorldWideButton
[20:52:25]   MapSelectButtonEvent: WorldWideBack on WorldWideBackButton
[20:52:25]   MapSelectButtonEvent: WWMaxNumSub on WWMaxNumSubButton
[20:52:25]   MapSelectButtonEvent: LocalBack on LocalBackButton
[20:52:25]   MapSelectButtonEvent: WWMaxNumAdd on WWMaxNumAddButton
[20:52:25]   MapSelectButtonEvent: LWFMapPre on LWFMapPreButton
[20:52:25]   MapSelectButtonEvent: WWCreate on WWRoomCreateButton
[20:52:25]   MapSelectButtonEvent: WWQuickStart on WWQuickStartButton
[20:52:25]   MapSelectButtonEvent: WWRoomCreateBack on WWRoomCreateBackButton
[20:52:25]   MapSelectButtonEvent: ChoiceBack on ChoiceBackButton
[20:52:25]   MapSelectButtonEvent: Nil on WWMapNextButton
[20:52:25]   MapSelectButtonEvent: Nil on WWMapPreButton
[20:52:25]   MapSelectButtonEvent: LWFStart on LWFStartButton
[20:52:25]   MapSelectButtonEvent: LocalChoice on LocalButton
[20:52:25]   MapSelectButtonEvent: LWFMapNext on LWFMapNextButton
[20:52:25]   MapSelectButtonEvent: WWStart on WWRoomStartButton
[20:52:25] Button hook complete — hooked 0 button(s)
[20:52:25] HookButtons: scanning 311 behaviours (incl. inactive)
[20:52:25]   MapSelectButtonEvent: WorldWideChoice on WorldWideButton
[20:52:25]   MapSelectButtonEvent: WorldWideBack on WorldWideBackButton
[20:52:25]   MapSelectButtonEvent: WWMaxNumSub on WWMaxNumSubButton
[20:52:25]   MapSelectButtonEvent: LocalBack on LocalBackButton
[20:52:25]   MapSelectButtonEvent: WWMaxNumAdd on WWMaxNumAddButton
[20:52:25]   MapSelectButtonEvent: LWFMapPre on LWFMapPreButton
[20:52:25]   MapSelectButtonEvent: WWCreate on WWRoomCreateButton
[20:52:25]   MapSelectButtonEvent: WWQuickStart on WWQuickStartButton
[20:52:25]   MapSelectButtonEvent: WWRoomCreateBack on WWRoomCreateBackButton
[20:52:25]   MapSelectButtonEvent: ChoiceBack on ChoiceBackButton
[20:52:25]   MapSelectButtonEvent: Nil on WWMapNextButton
[20:52:25]   MapSelectButtonEvent: Nil on WWMapPreButton
[20:52:25]   MapSelectButtonEvent: LWFStart on LWFStartButton
[20:52:25]   MapSelectButtonEvent: LocalChoice on LocalButton
[20:52:25]   MapSelectButtonEvent: LWFMapNext on LWFMapNextButton
[20:52:25]   MapSelectButtonEvent: WWStart on WWRoomStartButton
[20:52:25] Button hook complete — hooked 0 button(s)
[20:52:25] HookButtons: scanning 311 behaviours (incl. inactive)
[20:52:25]   MapSelectButtonEvent: WorldWideChoice on WorldWideButton
[20:52:25]   MapSelectButtonEvent: WorldWideBack on WorldWideBackButton
[20:52:25]   MapSelectButtonEvent: WWMaxNumSub on WWMaxNumSubButton
[20:52:25]   MapSelectButtonEvent: LocalBack on LocalBackButton
[20:52:25]   MapSelectButtonEvent: WWMaxNumAdd on WWMaxNumAddButton
[20:52:25]   MapSelectButtonEvent: LWFMapPre on LWFMapPreButton
[20:52:25]   MapSelectButtonEvent: WWCreate on WWRoomCreateButton
[20:52:25]   MapSelectButtonEvent: WWQuickStart on WWQuickStartButton
[20:52:25]   MapSelectButtonEvent: WWRoomCreateBack on WWRoomCreateBackButton
[20:52:25]   MapSelectButtonEvent: ChoiceBack on ChoiceBackButton
[20:52:25]   MapSelectButtonEvent: Nil on WWMapNextButton
[20:52:25]   MapSelectButtonEvent: Nil on WWMapPreButton
[20:52:25]   MapSelectButtonEvent: LWFStart on LWFStartButton
[20:52:25]   MapSelectButtonEvent: LocalChoice on LocalButton
[20:52:25]   MapSelectButtonEvent: LWFMapNext on LWFMapNextButton
[20:52:25]   MapSelectButtonEvent: WWStart on WWRoomStartButton
[20:52:25] Button hook complete — hooked 0 button(s)
[20:52:26] HookButtons: scanning 311 behaviours (incl. inactive)
[20:52:26]   MapSelectButtonEvent: WorldWideChoice on WorldWideButton
[20:52:26]   MapSelectButtonEvent: WorldWideBack on WorldWideBackButton
[20:52:26]   MapSelectButtonEvent: WWMaxNumSub on WWMaxNumSubButton
[20:52:26]   MapSelectButtonEvent: LocalBack on LocalBackButton
[20:52:26]   MapSelectButtonEvent: WWMaxNumAdd on WWMaxNumAddButton
[20:52:26]   MapSelectButtonEvent: LWFMapPre on LWFMapPreButton
[20:52:26]   MapSelectButtonEvent: WWCreate on WWRoomCreateButton
[20:52:26]   MapSelectButtonEvent: WWQuickStart on WWQuickStartButton
[20:52:26]   MapSelectButtonEvent: WWRoomCreateBack on WWRoomCreateBackButton
[20:52:26]   MapSelectButtonEvent: ChoiceBack on ChoiceBackButton
[20:52:26]   MapSelectButtonEvent: Nil on WWMapNextButton
[20:52:26]   MapSelectButtonEvent: Nil on WWMapPreButton
[20:52:26]   MapSelectButtonEvent: LWFStart on LWFStartButton
[20:52:26]   MapSelectButtonEvent: LocalChoice on LocalButton
[20:52:26]   MapSelectButtonEvent: LWFMapNext on LWFMapNextButton
[20:52:26]   MapSelectButtonEvent: WWStart on WWRoomStartButton
[20:52:26] Button hook complete — hooked 0 button(s)
[20:52:26] WATCHDOG: still on MultiplayerSelect after 5s — 'FreeRun13_1' may not exist in this APK build. Redirecting to FreeRun3_1
[20:52:26] WATCHDOG: still on MultiplayerSelect after 5s — 'FreeRun13_1' may not exist in this APK build. Redirecting to FreeRun3_1
[20:52:26] OnLevelWasLoaded: scene=FreeRun3_1 level=1
[20:52:26] Scene 'FreeRun3_1' is not a connect scene and not MainMenu — leaving connection untouched
[20:52:26] OnLevelWasLoaded: scene=FreeRun3_1 level=1
[20:52:26] Scene 'FreeRun3_1' is not a connect scene and not MainMenu — leaving connection untouched
[20:52:26] OnLevelWasLoaded: scene=FreeRun3_1 level=1
[20:52:26] Scene 'FreeRun3_1' is not a connect scene and not MainMenu — leaving connection untouched
[20:52:26] OnLevelWasLoaded: scene=FreeRun3_1 level=1
[20:52:26] Scene 'FreeRun3_1' is not a connect scene and not MainMenu — leaving connection untouched
[20:58:52] === IPRedirectMod Load() ===
[20:58:52] Creating redirect MonoBehaviour for IP: 172.28.48.1
[20:58:52] CustomMaps mod initialized
[20:58:52] Start() — scene=MainMenu
[20:58:53] OnLevelWasLoaded: scene=MultiplayerSelect level=5
[20:58:53] Entered connect scene — starting LAN connection
[20:58:53]   ServerAddress = 172.28.48.1
[20:58:53]   ServerPort = 5055
[20:58:53]   AppID = CNRLan
[20:58:53]   HostType = SelfHosted
[20:58:53] Override applied → 172.28.48.1:5055  AppID=CNRLan
[20:58:53] Disconnect() called
[20:58:53] Photon disconnected, swapping to TCP then reconnecting
[20:58:53] SwapToTcp: current peerBase is EnetPeer
[20:58:53] SwapToTcp: usedProtocol = Tcp
[20:58:53] SwapToTcp: Listener set via property setter = NetworkingPeer
[20:58:53] SwapToTcp: peerBase swapped to TPeer - client will connect via TCP
[20:58:53] requestSecurity = false → will use direct OpAuthenticate (no DH)
[20:58:53] About to call ConnectUsingSettings...
[20:58:53] ConnectUsingSettings() returned OK → connecting to 172.28.48.1:5055
[20:58:53] Monitoring connection state (30s timeout)...
[20:58:53] connState=1  detailState=2  (0.0s elapsed)  runInBg=True
[20:58:53] [heartbeat] connState=1  detailState=2  (0.0s elapsed)  runInBg=True  dt=0.0332
[20:58:53] CustomMaps Update: mCurWWSubScene=RoomChoice
[20:58:54] connState=2  detailState=3  (0.0s elapsed)  runInBg=True
[20:58:54] connState=2  detailState=5  (0.4s elapsed)  runInBg=True
[20:58:54] connState=2  detailState=6  (0.5s elapsed)  runInBg=True
[20:58:54] Connected to lobby! detailState=6 after 0.5s
[20:58:55] [Update tick 1] deltaTime=0.0332 unscaled=0.0332 realTime=3.1 timescale=1.00
[20:58:57] CustomMaps Update: mCurWWSubScene=RoomCreate
[20:58:57] HookButtons: scanning 307 behaviours (incl. inactive)
[20:58:57]   MapSelectButtonEvent: WorldWideChoice on WorldWideButton
[20:58:57]   MapSelectButtonEvent: WorldWideBack on WorldWideBackButton
[20:58:57]   MapSelectButtonEvent: WWMaxNumSub on WWMaxNumSubButton
[20:58:57]   MapSelectButtonEvent: LocalBack on LocalBackButton
[20:58:57]   MapSelectButtonEvent: WWMaxNumAdd on WWMaxNumAddButton
[20:58:57]   MapSelectButtonEvent: LWFMapPre on LWFMapPreButton
[20:58:57]   MapSelectButtonEvent: WWCreate on WWRoomCreateButton
[20:58:57]   MapSelectButtonEvent: WWQuickStart on WWQuickStartButton
[20:58:57]   MapSelectButtonEvent: WWRoomCreateBack on WWRoomCreateBackButton
[20:58:57]   MapSelectButtonEvent: ChoiceBack on ChoiceBackButton
[20:58:57]   MapSelectButtonEvent: WWMapNext on WWMapNextButton
[20:58:57]   -> HOOKED as Next
[20:58:57]   MapSelectButtonEvent: WWMapPre on WWMapPreButton
[20:58:57]   -> HOOKED as Pre
[20:58:57]   MapSelectButtonEvent: LWFStart on LWFStartButton
[20:58:57]   MapSelectButtonEvent: LocalChoice on LocalButton
[20:58:57]   MapSelectButtonEvent: LWFMapNext on LWFMapNextButton
[20:58:57]   MapSelectButtonEvent: WWStart on WWRoomStartButton
[20:58:57] Button hook complete — hooked 2 button(s)
[20:58:58] [Update tick 2] deltaTime=0.0332 unscaled=0.0332 realTime=6.1 timescale=1.00
[20:58:59] Map changed to: FreeRun15_1 (loads: FreeRun8_1)
[20:59:00] === IPRedirectMod Load() ===
[20:59:00] Creating redirect MonoBehaviour for IP: 172.28.48.1
[20:59:00] CustomMaps mod initialized
[20:59:00] Start() — scene=MultiplayerSelect
[20:59:00] CustomMaps Update: mCurWWSubScene=RoomCreate
[20:59:00] HookButtons: scanning 310 behaviours (incl. inactive)
[20:59:00]   MapSelectButtonEvent: WorldWideChoice on WorldWideButton
[20:59:00]   MapSelectButtonEvent: WorldWideBack on WorldWideBackButton
[20:59:00]   MapSelectButtonEvent: WWMaxNumSub on WWMaxNumSubButton
[20:59:00]   MapSelectButtonEvent: LocalBack on LocalBackButton
[20:59:00]   MapSelectButtonEvent: WWMaxNumAdd on WWMaxNumAddButton
[20:59:00]   MapSelectButtonEvent: LWFMapPre on LWFMapPreButton
[20:59:00]   MapSelectButtonEvent: WWCreate on WWRoomCreateButton
[20:59:00]   MapSelectButtonEvent: WWQuickStart on WWQuickStartButton
[20:59:00]   MapSelectButtonEvent: WWRoomCreateBack on WWRoomCreateBackButton
[20:59:00]   MapSelectButtonEvent: ChoiceBack on ChoiceBackButton
[20:59:00]   MapSelectButtonEvent: Nil on WWMapNextButton
[20:59:00]   MapSelectButtonEvent: Nil on WWMapPreButton
[20:59:00]   MapSelectButtonEvent: LWFStart on LWFStartButton
[20:59:00]   MapSelectButtonEvent: LocalChoice on LocalButton
[20:59:00]   MapSelectButtonEvent: LWFMapNext on LWFMapNextButton
[20:59:00]   MapSelectButtonEvent: WWStart on WWRoomStartButton
[20:59:00] Button hook complete — hooked 0 button(s)
[20:59:00] OnJoinedRoom: mCurWWMapSelect=FreeRun8_1
[20:59:00] OnJoinedRoom: mCurWWMapSelect=FreeRun8_1
[20:59:01] OnLevelWasLoaded: scene=FreeRun8_1 level=19
[20:59:01] Scene 'FreeRun8_1' is not a connect scene and not MainMenu — leaving connection untouched
[20:59:01] OnLevelWasLoaded: scene=FreeRun8_1 level=19
[20:59:01] Scene 'FreeRun8_1' is not a connect scene and not MainMenu — leaving connection untouched
[20:59:01] [Update tick 3] deltaTime=0.0332 unscaled=0.0332 realTime=9.5 timescale=1.00
[20:59:01] HookButtons: scanning 738 behaviours (incl. inactive)
[20:59:01] Button hook complete — hooked 0 button(s)
[20:59:03] [Update tick 1] deltaTime=0.0332 unscaled=0.0332 realTime=11.5 timescale=1.00
[20:59:04] [Update tick 4] deltaTime=0.0332 unscaled=0.0332 realTime=12.5 timescale=1.00
[20:59:06] [Update tick 2] deltaTime=0.0332 unscaled=0.0332 realTime=14.5 timescale=1.00
[20:59:07] [Update tick 5] deltaTime=0.0332 unscaled=0.0332 realTime=15.5 timescale=1.00
[20:59:09] [Update tick 3] deltaTime=0.0332 unscaled=0.0332 realTime=17.6 timescale=1.00
[20:59:12] [Update tick 4] deltaTime=0.0333 unscaled=0.0333 realTime=20.6 timescale=1.00
[20:59:15] [Update tick 5] deltaTime=0.0332 unscaled=0.0332 realTime=23.6 timescale=1.00
[21:07:00] === IPRedirectMod Load() ===
[21:07:00] Creating redirect MonoBehaviour for IP: 172.28.48.1
[21:07:00] CustomMaps mod initialized
[21:07:00] KeyboardMouseEntry: initialized
[21:07:00] Start() — scene=MainMenu
[21:07:02] KeyboardMod: scene=MultiplayerSelect inGame=False
[21:07:02] OnLevelWasLoaded: scene=MultiplayerSelect level=5
[21:07:02] Entered connect scene — starting LAN connection
[21:07:02]   ServerAddress = 172.28.48.1
[21:07:02]   ServerPort = 5055
[21:07:02]   AppID = CNRLan
[21:07:02]   HostType = SelfHosted
[21:07:02] Override applied → 172.28.48.1:5055  AppID=CNRLan
[21:07:02] Disconnect() called
[21:07:02] Photon disconnected, swapping to TCP then reconnecting
[21:07:02] SwapToTcp: current peerBase is EnetPeer
[21:07:02] SwapToTcp: usedProtocol = Tcp
[21:07:02] SwapToTcp: Listener set via property setter = NetworkingPeer
[21:07:02] SwapToTcp: peerBase swapped to TPeer - client will connect via TCP
[21:07:02] requestSecurity = false → will use direct OpAuthenticate (no DH)
[21:07:02] About to call ConnectUsingSettings...
[21:07:02] ConnectUsingSettings() returned OK → connecting to 172.28.48.1:5055
[21:07:02] Monitoring connection state (30s timeout)...
[21:07:02] connState=1  detailState=2  (0.0s elapsed)  runInBg=True
[21:07:02] [heartbeat] connState=1  detailState=2  (0.0s elapsed)  runInBg=True  dt=0.0332
[21:07:02] CustomMaps Update: mCurWWSubScene=RoomChoice
[21:07:02] connState=2  detailState=3  (0.0s elapsed)  runInBg=True
[21:07:02] connState=2  detailState=5  (0.4s elapsed)  runInBg=True
[21:07:02] connState=2  detailState=6  (0.5s elapsed)  runInBg=True
[21:07:02] Connected to lobby! detailState=6 after 0.5s
[21:07:03] [Update tick 1] deltaTime=0.0333 unscaled=0.0333 realTime=3.0 timescale=1.00
[21:07:06] CustomMaps Update: mCurWWSubScene=RoomCreate
[21:07:06] HookButtons: scanning 308 behaviours (incl. inactive)
[21:07:06]   MapSelectButtonEvent: WorldWideChoice on WorldWideButton
[21:07:06]   MapSelectButtonEvent: WorldWideBack on WorldWideBackButton
[21:07:06]   MapSelectButtonEvent: WWMaxNumSub on WWMaxNumSubButton
[21:07:06]   MapSelectButtonEvent: LocalBack on LocalBackButton
[21:07:06]   MapSelectButtonEvent: WWMaxNumAdd on WWMaxNumAddButton
[21:07:06]   MapSelectButtonEvent: LWFMapPre on LWFMapPreButton
[21:07:06]   MapSelectButtonEvent: WWCreate on WWRoomCreateButton
[21:07:06]   MapSelectButtonEvent: WWQuickStart on WWQuickStartButton
[21:07:06]   MapSelectButtonEvent: WWRoomCreateBack on WWRoomCreateBackButton
[21:07:06]   MapSelectButtonEvent: ChoiceBack on ChoiceBackButton
[21:07:06]   MapSelectButtonEvent: WWMapNext on WWMapNextButton
[21:07:06]   -> HOOKED as Next
[21:07:06]   MapSelectButtonEvent: WWMapPre on WWMapPreButton
[21:07:06]   -> HOOKED as Pre
[21:07:06]   MapSelectButtonEvent: LWFStart on LWFStartButton
[21:07:06]   MapSelectButtonEvent: LocalChoice on LocalButton
[21:07:06]   MapSelectButtonEvent: LWFMapNext on LWFMapNextButton
[21:07:06]   MapSelectButtonEvent: WWStart on WWRoomStartButton
[21:07:06] Button hook complete — hooked 2 button(s)
[21:07:06] [Update tick 2] deltaTime=0.0332 unscaled=0.0332 realTime=6.0 timescale=1.00
[21:07:08] Map changed to: FreeRun15_1 (loads: FreeRun8_1)
[21:07:08] Map changed to: FreeRun14_1 (loads: FreeRun5_1)
[21:07:09] [Update tick 3] deltaTime=0.0332 unscaled=0.0332 realTime=9.1 timescale=1.00
[21:07:09] Map changed to: FreeRun15_1 (loads: FreeRun8_1)
[21:07:10] Map changed to: FreeRun3_1 (loads: FreeRun3_1)
[21:07:11] Map changed to: FreeRun15_1 (loads: FreeRun8_1)
[21:07:11] Map changed to: FreeRun14_1 (loads: FreeRun5_1)
[21:07:12] Map changed to: FreeRun13_1 (loads: FreeRun3_1)
[21:07:12] Map changed to: FreeRun12_1 (loads: FreeRun12_1)
[21:07:12] [Update tick 4] deltaTime=0.0332 unscaled=0.0332 realTime=12.1 timescale=1.00
[21:07:13] Map changed to: FreeRun13_1 (loads: FreeRun3_1)
[21:07:14] Map changed to: FreeRun14_1 (loads: FreeRun5_1)
[21:07:15] === IPRedirectMod Load() ===
[21:07:15] Creating redirect MonoBehaviour for IP: 172.28.48.1
[21:07:15] CustomMaps mod initialized
[21:07:15] KeyboardMouseEntry: initialized
[21:07:15] Start() — scene=MultiplayerSelect
[21:07:15] CustomMaps Update: mCurWWSubScene=RoomCreate
[21:07:15] HookButtons: scanning 313 behaviours (incl. inactive)
[21:07:15]   MapSelectButtonEvent: WorldWideChoice on WorldWideButton
[21:07:15]   MapSelectButtonEvent: WorldWideBack on WorldWideBackButton
[21:07:15]   MapSelectButtonEvent: WWMaxNumSub on WWMaxNumSubButton
[21:07:15]   MapSelectButtonEvent: LocalBack on LocalBackButton
[21:07:15]   MapSelectButtonEvent: WWMaxNumAdd on WWMaxNumAddButton
[21:07:15]   MapSelectButtonEvent: LWFMapPre on LWFMapPreButton
[21:07:15]   MapSelectButtonEvent: WWCreate on WWRoomCreateButton
[21:07:15]   MapSelectButtonEvent: WWQuickStart on WWQuickStartButton
[21:07:15]   MapSelectButtonEvent: WWRoomCreateBack on WWRoomCreateBackButton
[21:07:15]   MapSelectButtonEvent: ChoiceBack on ChoiceBackButton
[21:07:15]   MapSelectButtonEvent: Nil on WWMapNextButton
[21:07:15]   MapSelectButtonEvent: Nil on WWMapPreButton
[21:07:15]   MapSelectButtonEvent: LWFStart on LWFStartButton
[21:07:15]   MapSelectButtonEvent: LocalChoice on LocalButton
[21:07:15]   MapSelectButtonEvent: LWFMapNext on LWFMapNextButton
[21:07:15]   MapSelectButtonEvent: WWStart on WWRoomStartButton
[21:07:15] Button hook complete — hooked 0 button(s)
[21:07:15] OnJoinedRoom: mCurWWMapSelect=FreeRun5_1
[21:07:15] OnJoinedRoom: mCurWWMapSelect=FreeRun5_1
[21:07:15] KeyboardMod: scene=FreeRun5_1 inGame=True
[21:07:15] OnLevelWasLoaded: scene=FreeRun5_1 level=12
[21:07:15] Scene 'FreeRun5_1' is not a connect scene and not MainMenu — leaving connection untouched
[21:07:15] KeyboardMod: scene=FreeRun5_1 inGame=True
[21:07:15] OnLevelWasLoaded: scene=FreeRun5_1 level=12
[21:07:15] Scene 'FreeRun5_1' is not a connect scene and not MainMenu — leaving connection untouched
[21:07:15] [Update tick 5] deltaTime=0.0283 unscaled=0.0283 realTime=15.2 timescale=1.00
[21:07:15] HookButtons: scanning 736 behaviours (incl. inactive)
[21:07:15] Button hook complete — hooked 0 button(s)
[21:07:17] KeyboardMod: Sliderotate hooked
[21:07:17] KeyboardMod: Sliderotate hooked
[21:07:17] KeyboardMod: joystick hooked, dragMax=60
[21:07:17] KeyboardMod: joystick hooked, dragMax=60
[21:07:18] [Update tick 1] deltaTime=0.0332 unscaled=0.0332 realTime=17.4 timescale=1.00
[21:07:21] [Update tick 2] deltaTime=0.0332 unscaled=0.0332 realTime=20.4 timescale=1.00
[21:07:24] [Update tick 3] deltaTime=0.0332 unscaled=0.0332 realTime=23.4 timescale=1.00
[21:07:27] [Update tick 4] deltaTime=0.0332 unscaled=0.0332 realTime=26.5 timescale=1.00
[21:07:30] [Update tick 5] deltaTime=0.0332 unscaled=0.0332 realTime=29.5 timescale=1.00
[21:16:27] OnApplicationPause: True
[21:16:27] OnApplicationPause: True
[21:20:13] === IPRedirectMod Load() ===
[21:20:13] Creating redirect MonoBehaviour for IP: 172.28.48.1
[21:20:13] CustomMaps mod initialized
[21:20:13] SettingsModEntry: initialized
[21:20:13] Start() — scene=MainMenu
[21:20:16] [Update tick 1] deltaTime=0.0332 unscaled=0.0332 realTime=3.0 timescale=1.00
[21:20:17] SettingsMod: scene=MultiplayerSelect inGame=False
[21:20:17] OnLevelWasLoaded: scene=MultiplayerSelect level=5
[21:20:17] Entered connect scene — starting LAN connection
[21:20:17]   ServerAddress = 172.28.48.1
[21:20:17]   ServerPort = 5055
[21:20:17]   AppID = CNRLan
[21:20:17]   HostType = SelfHosted
[21:20:17] Override applied → 172.28.48.1:5055  AppID=CNRLan
[21:20:17] Disconnect() called
[21:20:17] Photon disconnected, swapping to TCP then reconnecting
[21:20:17] SwapToTcp: current peerBase is EnetPeer
[21:20:17] SwapToTcp: usedProtocol = Tcp
[21:20:17] SwapToTcp: Listener set via property setter = NetworkingPeer
[21:20:17] SwapToTcp: peerBase swapped to TPeer - client will connect via TCP
[21:20:17] requestSecurity = false → will use direct OpAuthenticate (no DH)
[21:20:17] About to call ConnectUsingSettings...
[21:20:17] ConnectUsingSettings() returned OK → connecting to 172.28.48.1:5055
[21:20:17] Monitoring connection state (30s timeout)...
[21:20:17] connState=1  detailState=2  (0.0s elapsed)  runInBg=True
[21:20:17] [heartbeat] connState=1  detailState=2  (0.0s elapsed)  runInBg=True  dt=0.0460
[21:20:17] CustomMaps Update: mCurWWSubScene=RoomChoice
[21:20:17] connState=2  detailState=3  (0.0s elapsed)  runInBg=True
[21:20:17] connState=2  detailState=5  (0.5s elapsed)  runInBg=True
[21:20:17] connState=2  detailState=6  (0.5s elapsed)  runInBg=True
[21:20:17] Connected to lobby! detailState=6 after 0.5s
[21:20:19] [Update tick 2] deltaTime=0.0332 unscaled=0.0332 realTime=6.1 timescale=1.00
[21:20:20] CustomMaps Update: mCurWWSubScene=RoomCreate
[21:20:20] HookButtons: scanning 308 behaviours (incl. inactive)
[21:20:20]   MapSelectButtonEvent: WorldWideChoice on WorldWideButton
[21:20:20]   MapSelectButtonEvent: WorldWideBack on WorldWideBackButton
[21:20:20]   MapSelectButtonEvent: WWMaxNumSub on WWMaxNumSubButton
[21:20:20]   MapSelectButtonEvent: LocalBack on LocalBackButton
[21:20:20]   MapSelectButtonEvent: WWMaxNumAdd on WWMaxNumAddButton
[21:20:20]   MapSelectButtonEvent: LWFMapPre on LWFMapPreButton
[21:20:20]   MapSelectButtonEvent: WWCreate on WWRoomCreateButton
[21:20:20]   MapSelectButtonEvent: WWQuickStart on WWQuickStartButton
[21:20:20]   MapSelectButtonEvent: WWRoomCreateBack on WWRoomCreateBackButton
[21:20:20]   MapSelectButtonEvent: ChoiceBack on ChoiceBackButton
[21:20:20]   MapSelectButtonEvent: WWMapNext on WWMapNextButton
[21:20:20]   -> HOOKED as Next
[21:20:20]   MapSelectButtonEvent: WWMapPre on WWMapPreButton
[21:20:20]   -> HOOKED as Pre
[21:20:20]   MapSelectButtonEvent: LWFStart on LWFStartButton
[21:20:20]   MapSelectButtonEvent: LocalChoice on LocalButton
[21:20:20]   MapSelectButtonEvent: LWFMapNext on LWFMapNextButton
[21:20:20]   MapSelectButtonEvent: WWStart on WWRoomStartButton
[21:20:20] Button hook complete — hooked 2 button(s)
[21:20:22] [Update tick 3] deltaTime=0.0332 unscaled=0.0332 realTime=9.1 timescale=1.00
[21:20:22] === IPRedirectMod Load() ===
[21:20:22] Creating redirect MonoBehaviour for IP: 172.28.48.1
[21:20:22] CustomMaps mod initialized
[21:20:22] SettingsModEntry: initialized
[21:20:22] Start() — scene=MultiplayerSelect
[21:20:22] CustomMaps Update: mCurWWSubScene=RoomCreate
[21:20:22] HookButtons: scanning 312 behaviours (incl. inactive)
[21:20:22]   MapSelectButtonEvent: WorldWideChoice on WorldWideButton
[21:20:22]   MapSelectButtonEvent: WorldWideBack on WorldWideBackButton
[21:20:22]   MapSelectButtonEvent: WWMaxNumSub on WWMaxNumSubButton
[21:20:22]   MapSelectButtonEvent: LocalBack on LocalBackButton
[21:20:22]   MapSelectButtonEvent: WWMaxNumAdd on WWMaxNumAddButton
[21:20:22]   MapSelectButtonEvent: LWFMapPre on LWFMapPreButton
[21:20:22]   MapSelectButtonEvent: WWCreate on WWRoomCreateButton
[21:20:22]   MapSelectButtonEvent: WWQuickStart on WWQuickStartButton
[21:20:22]   MapSelectButtonEvent: WWRoomCreateBack on WWRoomCreateBackButton
[21:20:22]   MapSelectButtonEvent: ChoiceBack on ChoiceBackButton
[21:20:22]   MapSelectButtonEvent: Nil on WWMapNextButton
[21:20:22]   MapSelectButtonEvent: Nil on WWMapPreButton
[21:20:22]   MapSelectButtonEvent: LWFStart on LWFStartButton
[21:20:22]   MapSelectButtonEvent: LocalChoice on LocalButton
[21:20:22]   MapSelectButtonEvent: LWFMapNext on LWFMapNextButton
[21:20:22]   MapSelectButtonEvent: WWStart on WWRoomStartButton
[21:20:22] Button hook complete — hooked 0 button(s)
[21:20:22] OnJoinedRoom: mCurWWMapSelect=FreeRun3_1
[21:20:22] OnJoinedRoom: mCurWWMapSelect=FreeRun3_1
[21:20:22] HookButtons: scanning 312 behaviours (incl. inactive)
[21:20:22]   MapSelectButtonEvent: WorldWideChoice on WorldWideButton
[21:20:22]   MapSelectButtonEvent: WorldWideBack on WorldWideBackButton
[21:20:22]   MapSelectButtonEvent: WWMaxNumSub on WWMaxNumSubButton
[21:20:22]   MapSelectButtonEvent: LocalBack on LocalBackButton
[21:20:22]   MapSelectButtonEvent: WWMaxNumAdd on WWMaxNumAddButton
[21:20:22]   MapSelectButtonEvent: LWFMapPre on LWFMapPreButton
[21:20:22]   MapSelectButtonEvent: WWCreate on WWRoomCreateButton
[21:20:22]   MapSelectButtonEvent: WWQuickStart on WWQuickStartButton
[21:20:22]   MapSelectButtonEvent: WWRoomCreateBack on WWRoomCreateBackButton
[21:20:22]   MapSelectButtonEvent: ChoiceBack on ChoiceBackButton
[21:20:22]   MapSelectButtonEvent: Nil on WWMapNextButton
[21:20:22]   MapSelectButtonEvent: Nil on WWMapPreButton
[21:20:22]   MapSelectButtonEvent: LWFStart on LWFStartButton
[21:20:22]   MapSelectButtonEvent: LocalChoice on LocalButton
[21:20:22]   MapSelectButtonEvent: LWFMapNext on LWFMapNextButton
[21:20:22]   MapSelectButtonEvent: WWStart on WWRoomStartButton
[21:20:22] Button hook complete — hooked 0 button(s)
[21:20:23] SettingsMod: scene=FreeRun3_1 inGame=True
[21:20:23] OnLevelWasLoaded: scene=FreeRun3_1 level=1
[21:20:23] Scene 'FreeRun3_1' is not a connect scene and not MainMenu — leaving connection untouched
[21:20:23] SettingsMod: scene=FreeRun3_1 inGame=True
[21:20:23] OnLevelWasLoaded: scene=FreeRun3_1 level=1
[21:20:23] Scene 'FreeRun3_1' is not a connect scene and not MainMenu — leaving connection untouched
[21:20:23] SettingsMod: Sliderotate cached sens=3.20
[21:20:23] SettingsMod: Sliderotate cached sens=3.20
[21:20:25] [Update tick 4] deltaTime=0.0332 unscaled=0.0332 realTime=12.1 timescale=1.00
[21:20:25] [Update tick 1] deltaTime=0.0332 unscaled=0.0332 realTime=12.3 timescale=1.00
[21:20:28] [Update tick 5] deltaTime=0.0332 unscaled=0.0332 realTime=15.1 timescale=1.00
[21:20:28] [Update tick 2] deltaTime=0.0332 unscaled=0.0332 realTime=15.3 timescale=1.00
[21:20:28] SettingsMod: Restart button not found in Panel(Pause)
[21:20:28] SettingsMod: Restart button not found in Panel(Pause)
[21:20:31] SettingsMod: scene=MultiplayerSelect inGame=False
[21:20:31] OnLevelWasLoaded: scene=MultiplayerSelect level=5
[21:20:31] Entered connect scene — starting LAN connection
[21:20:31]   ServerAddress = 172.28.48.1
[21:20:31]   ServerPort = 5055
[21:20:31]   AppID = CNRLan
[21:20:31]   HostType = SelfHosted
[21:20:31] Override applied → 172.28.48.1:5055  AppID=CNRLan
[21:20:31] Disconnect() called
[21:20:31] SettingsMod: scene=MultiplayerSelect inGame=False
[21:20:31] OnLevelWasLoaded: scene=MultiplayerSelect level=5
[21:20:31] Entered connect scene — starting LAN connection
[21:20:31]   ServerAddress = 172.28.48.1
[21:20:31]   ServerPort = 5055
[21:20:31]   AppID = CNRLan
[21:20:31]   HostType = SelfHosted
[21:20:31] Override applied → 172.28.48.1:5055  AppID=CNRLan
[21:20:31] Disconnect() called
[21:20:31] CustomMaps Update: mCurWWSubScene=RoomChoice
[21:20:31] [Update tick 3] deltaTime=0.0332 unscaled=0.0332 realTime=18.4 timescale=1.00
[21:20:31] CustomMaps Update: mCurWWSubScene=RoomChoice
[21:20:31] Photon disconnected, swapping to TCP then reconnecting
[21:20:31] SwapToTcp: current peerBase is TPeer
[21:20:31] SwapToTcp: usedProtocol = Tcp
[21:20:31] SwapToTcp: Listener set via property setter = NetworkingPeer
[21:20:31] SwapToTcp: peerBase swapped to TPeer - client will connect via TCP
[21:20:31] requestSecurity = false → will use direct OpAuthenticate (no DH)
[21:20:31] About to call ConnectUsingSettings...
[21:20:31] ConnectUsingSettings() returned OK → connecting to 172.28.48.1:5055
[21:20:31] Monitoring connection state (30s timeout)...
[21:20:31] connState=1  detailState=2  (0.0s elapsed)  runInBg=True
[21:20:31] [heartbeat] connState=1  detailState=2  (0.0s elapsed)  runInBg=True  dt=0.0332
[21:20:31] connState=2  detailState=3  (0.1s elapsed)  runInBg=True
[21:20:31] connState=2  detailState=5  (0.4s elapsed)  runInBg=True
[21:20:31] connState=2  detailState=6  (0.5s elapsed)  runInBg=True
[21:20:31] Connected to lobby! detailState=6 after 0.5s
[21:20:33] SettingsMod: scene=MainMenu inGame=False
[21:20:33] OnLevelWasLoaded: scene=MainMenu level=0
[21:20:33] SettingsMod: scene=MainMenu inGame=False
[21:20:33] OnLevelWasLoaded: scene=MainMenu level=0
[21:20:34] [Update tick 4] deltaTime=0.0332 unscaled=0.0332 realTime=21.4 timescale=1.00
[21:20:37] [Update tick 5] deltaTime=0.0332 unscaled=0.0332 realTime=24.5 timescale=1.00
[21:20:39] Photon disconnected, swapping to TCP then reconnecting
[21:20:39] SwapToTcp: current peerBase is TPeer
[21:20:39] SwapToTcp: usedProtocol = Tcp
[21:20:39] SwapToTcp: Listener set via property setter = NetworkingPeer
[21:20:39] SwapToTcp: peerBase swapped to TPeer - client will connect via TCP
[21:20:39] requestSecurity = false → will use direct OpAuthenticate (no DH)
[21:20:39] About to call ConnectUsingSettings...
[21:20:39] ConnectUsingSettings() returned OK → connecting to 172.28.48.1:5055
[21:20:39] Monitoring connection state (30s timeout)...
[21:20:39] connState=1  detailState=2  (0.0s elapsed)  runInBg=True
[21:20:39] [heartbeat] connState=1  detailState=2  (0.0s elapsed)  runInBg=True  dt=0.0332
[21:20:39] connState=2  detailState=3  (0.1s elapsed)  runInBg=True
[21:20:39] connState=2  detailState=5  (0.1s elapsed)  runInBg=True
[21:20:39] connState=2  detailState=6  (0.2s elapsed)  runInBg=True
[21:20:39] Connected to lobby! detailState=6 after 0.2s
[21:21:00] SettingsMod: scene=MultiplayerSelect inGame=False
[21:21:00] OnLevelWasLoaded: scene=MultiplayerSelect level=5
[21:21:00] Entered connect scene — starting LAN connection
[21:21:00]   ServerAddress = 172.28.48.1
[21:21:00]   ServerPort = 5055
[21:21:00]   AppID = CNRLan
[21:21:00]   HostType = SelfHosted
[21:21:00] Override applied → 172.28.48.1:5055  AppID=CNRLan
[21:21:00] Disconnect() called
[21:21:00] SettingsMod: scene=MultiplayerSelect inGame=False
[21:21:00] OnLevelWasLoaded: scene=MultiplayerSelect level=5
[21:21:00] Entered connect scene — starting LAN connection
[21:21:00]   ServerAddress = 172.28.48.1
[21:21:00]   ServerPort = 5055
[21:21:00]   AppID = CNRLan
[21:21:00]   HostType = SelfHosted
[21:21:00] Override applied → 172.28.48.1:5055  AppID=CNRLan
[21:21:00] Disconnect() called
[21:21:00] CustomMaps Update: mCurWWSubScene=RoomChoice
[21:21:00] CustomMaps Update: mCurWWSubScene=RoomChoice
[21:21:00] Photon disconnected, swapping to TCP then reconnecting
[21:21:00] SwapToTcp: current peerBase is TPeer
[21:21:00] SwapToTcp: usedProtocol = Tcp
[21:21:00] SwapToTcp: Listener set via property setter = NetworkingPeer
[21:21:00] SwapToTcp: peerBase swapped to TPeer - client will connect via TCP
[21:21:00] requestSecurity = false → will use direct OpAuthenticate (no DH)
[21:21:00] About to call ConnectUsingSettings...
[21:21:00] ConnectUsingSettings() returned OK → connecting to 172.28.48.1:5055
[21:21:00] Monitoring connection state (30s timeout)...
[21:21:00] connState=1  detailState=2  (0.0s elapsed)  runInBg=True
[21:21:00] [heartbeat] connState=1  detailState=2  (0.0s elapsed)  runInBg=True  dt=0.0332
[21:21:00] connState=2  detailState=3  (0.3s elapsed)  runInBg=True
[21:21:00] connState=2  detailState=5  (0.4s elapsed)  runInBg=True
[21:21:00] connState=2  detailState=6  (0.4s elapsed)  runInBg=True
[21:21:00] Connected to lobby! detailState=6 after 0.4s
[21:21:02] CustomMaps Update: mCurWWSubScene=RoomCreate
[21:21:02] CustomMaps Update: mCurWWSubScene=RoomCreate
[21:21:02] HookButtons: scanning 312 behaviours (incl. inactive)
[21:21:02]   MapSelectButtonEvent: WorldWideChoice on WorldWideButton
[21:21:02]   MapSelectButtonEvent: WorldWideBack on WorldWideBackButton
[21:21:02]   MapSelectButtonEvent: WWMaxNumSub on WWMaxNumSubButton
[21:21:02]   MapSelectButtonEvent: LocalBack on LocalBackButton
[21:21:02]   MapSelectButtonEvent: WWMaxNumAdd on WWMaxNumAddButton
[21:21:02]   MapSelectButtonEvent: LWFMapPre on LWFMapPreButton
[21:21:02]   MapSelectButtonEvent: WWCreate on WWRoomCreateButton
[21:21:02]   MapSelectButtonEvent: WWQuickStart on WWQuickStartButton
[21:21:02]   MapSelectButtonEvent: WWRoomCreateBack on WWRoomCreateBackButton
[21:21:02]   MapSelectButtonEvent: ChoiceBack on ChoiceBackButton
[21:21:02]   MapSelectButtonEvent: WWMapNext on WWMapNextButton
[21:21:02]   -> HOOKED as Next
[21:21:02]   MapSelectButtonEvent: WWMapPre on WWMapPreButton
[21:21:02]   -> HOOKED as Pre
[21:21:02]   MapSelectButtonEvent: LWFStart on LWFStartButton
[21:21:02]   MapSelectButtonEvent: LocalChoice on LocalButton
[21:21:02]   MapSelectButtonEvent: LWFMapNext on LWFMapNextButton
[21:21:02]   MapSelectButtonEvent: WWStart on WWRoomStartButton
[21:21:02] Button hook complete — hooked 2 button(s)
[21:21:02] HookButtons: scanning 314 behaviours (incl. inactive)
[21:21:02]   MapSelectButtonEvent: WorldWideChoice on WorldWideButton
[21:21:02]   MapSelectButtonEvent: WorldWideBack on WorldWideBackButton
[21:21:02]   MapSelectButtonEvent: WWMaxNumSub on WWMaxNumSubButton
[21:21:02]   MapSelectButtonEvent: LocalBack on LocalBackButton
[21:21:02]   MapSelectButtonEvent: WWMaxNumAdd on WWMaxNumAddButton
[21:21:02]   MapSelectButtonEvent: LWFMapPre on LWFMapPreButton
[21:21:02]   MapSelectButtonEvent: WWCreate on WWRoomCreateButton
[21:21:02]   MapSelectButtonEvent: WWQuickStart on WWQuickStartButton
[21:21:02]   MapSelectButtonEvent: WWRoomCreateBack on WWRoomCreateBackButton
[21:21:02]   MapSelectButtonEvent: ChoiceBack on ChoiceBackButton
[21:21:02]   MapSelectButtonEvent: Nil on WWMapNextButton
[21:21:02]   MapSelectButtonEvent: Nil on WWMapPreButton
[21:21:02]   MapSelectButtonEvent: LWFStart on LWFStartButton
[21:21:02]   MapSelectButtonEvent: LocalChoice on LocalButton
[21:21:02]   MapSelectButtonEvent: LWFMapNext on LWFMapNextButton
[21:21:02]   MapSelectButtonEvent: WWStart on WWRoomStartButton
[21:21:02] Button hook complete — hooked 0 button(s)
[21:21:02] HookButtons: scanning 314 behaviours (incl. inactive)
[21:21:02]   MapSelectButtonEvent: WorldWideChoice on WorldWideButton
[21:21:02]   MapSelectButtonEvent: WorldWideBack on WorldWideBackButton
[21:21:02]   MapSelectButtonEvent: WWMaxNumSub on WWMaxNumSubButton
[21:21:02]   MapSelectButtonEvent: LocalBack on LocalBackButton
[21:21:02]   MapSelectButtonEvent: WWMaxNumAdd on WWMaxNumAddButton
[21:21:02]   MapSelectButtonEvent: LWFMapPre on LWFMapPreButton
[21:21:02]   MapSelectButtonEvent: WWCreate on WWRoomCreateButton
[21:21:02]   MapSelectButtonEvent: WWQuickStart on WWQuickStartButton
[21:21:02]   MapSelectButtonEvent: WWRoomCreateBack on WWRoomCreateBackButton
[21:21:02]   MapSelectButtonEvent: ChoiceBack on ChoiceBackButton
[21:21:02]   MapSelectButtonEvent: Nil on WWMapNextButton
[21:21:02]   MapSelectButtonEvent: Nil on WWMapPreButton
[21:21:02]   MapSelectButtonEvent: LWFStart on LWFStartButton
[21:21:02]   MapSelectButtonEvent: LocalChoice on LocalButton
[21:21:02]   MapSelectButtonEvent: LWFMapNext on LWFMapNextButton
[21:21:02]   MapSelectButtonEvent: WWStart on WWRoomStartButton
[21:21:02] Button hook complete — hooked 0 button(s)
[21:21:02] HookButtons: scanning 314 behaviours (incl. inactive)
[21:21:02]   MapSelectButtonEvent: WorldWideChoice on WorldWideButton
[21:21:02]   MapSelectButtonEvent: WorldWideBack on WorldWideBackButton
[21:21:02]   MapSelectButtonEvent: WWMaxNumSub on WWMaxNumSubButton
[21:21:02]   MapSelectButtonEvent: LocalBack on LocalBackButton
[21:21:02]   MapSelectButtonEvent: WWMaxNumAdd on WWMaxNumAddButton
[21:21:02]   MapSelectButtonEvent: LWFMapPre on LWFMapPreButton
[21:21:02]   MapSelectButtonEvent: WWCreate on WWRoomCreateButton
[21:21:02]   MapSelectButtonEvent: WWQuickStart on WWQuickStartButton
[21:21:02]   MapSelectButtonEvent: WWRoomCreateBack on WWRoomCreateBackButton
[21:21:02]   MapSelectButtonEvent: ChoiceBack on ChoiceBackButton
[21:21:02]   MapSelectButtonEvent: Nil on WWMapNextButton
[21:21:02]   MapSelectButtonEvent: Nil on WWMapPreButton
[21:21:02]   MapSelectButtonEvent: LWFStart on LWFStartButton
[21:21:02]   MapSelectButtonEvent: LocalChoice on LocalButton
[21:21:02]   MapSelectButtonEvent: LWFMapNext on LWFMapNextButton
[21:21:02]   MapSelectButtonEvent: WWStart on WWRoomStartButton
[21:21:02] Button hook complete — hooked 0 button(s)
[21:21:03] HookButtons: scanning 314 behaviours (incl. inactive)
[21:21:03]   MapSelectButtonEvent: WorldWideChoice on WorldWideButton
[21:21:03]   MapSelectButtonEvent: WorldWideBack on WorldWideBackButton
[21:21:03]   MapSelectButtonEvent: WWMaxNumSub on WWMaxNumSubButton
[21:21:03]   MapSelectButtonEvent: LocalBack on LocalBackButton
[21:21:03]   MapSelectButtonEvent: WWMaxNumAdd on WWMaxNumAddButton
[21:21:03]   MapSelectButtonEvent: LWFMapPre on LWFMapPreButton
[21:21:03]   MapSelectButtonEvent: WWCreate on WWRoomCreateButton
[21:21:03]   MapSelectButtonEvent: WWQuickStart on WWQuickStartButton
[21:21:03]   MapSelectButtonEvent: WWRoomCreateBack on WWRoomCreateBackButton
[21:21:03]   MapSelectButtonEvent: ChoiceBack on ChoiceBackButton
[21:21:03]   MapSelectButtonEvent: Nil on WWMapNextButton
[21:21:03]   MapSelectButtonEvent: Nil on WWMapPreButton
[21:21:03]   MapSelectButtonEvent: LWFStart on LWFStartButton
[21:21:03]   MapSelectButtonEvent: LocalChoice on LocalButton
[21:21:03]   MapSelectButtonEvent: LWFMapNext on LWFMapNextButton
[21:21:03]   MapSelectButtonEvent: WWStart on WWRoomStartButton
[21:21:03] Button hook complete — hooked 0 button(s)
[21:21:03] HookButtons: scanning 314 behaviours (incl. inactive)
[21:21:03]   MapSelectButtonEvent: WorldWideChoice on WorldWideButton
[21:21:03]   MapSelectButtonEvent: WorldWideBack on WorldWideBackButton
[21:21:03]   MapSelectButtonEvent: WWMaxNumSub on WWMaxNumSubButton
[21:21:03]   MapSelectButtonEvent: LocalBack on LocalBackButton
[21:21:03]   MapSelectButtonEvent: WWMaxNumAdd on WWMaxNumAddButton
[21:21:03]   MapSelectButtonEvent: LWFMapPre on LWFMapPreButton
[21:21:03]   MapSelectButtonEvent: WWCreate on WWRoomCreateButton
[21:21:03]   MapSelectButtonEvent: WWQuickStart on WWQuickStartButton
[21:21:03]   MapSelectButtonEvent: WWRoomCreateBack on WWRoomCreateBackButton
[21:21:03]   MapSelectButtonEvent: ChoiceBack on ChoiceBackButton
[21:21:03]   MapSelectButtonEvent: Nil on WWMapNextButton
[21:21:03]   MapSelectButtonEvent: Nil on WWMapPreButton
[21:21:03]   MapSelectButtonEvent: LWFStart on LWFStartButton
[21:21:03]   MapSelectButtonEvent: LocalChoice on LocalButton
[21:21:03]   MapSelectButtonEvent: LWFMapNext on LWFMapNextButton
[21:21:03]   MapSelectButtonEvent: WWStart on WWRoomStartButton
[21:21:03] Button hook complete — hooked 0 button(s)
[21:21:03] HookButtons: scanning 314 behaviours (incl. inactive)
[21:21:03]   MapSelectButtonEvent: WorldWideChoice on WorldWideButton
[21:21:03]   MapSelectButtonEvent: WorldWideBack on WorldWideBackButton
[21:21:03]   MapSelectButtonEvent: WWMaxNumSub on WWMaxNumSubButton
[21:21:03]   MapSelectButtonEvent: LocalBack on LocalBackButton
[21:21:03]   MapSelectButtonEvent: WWMaxNumAdd on WWMaxNumAddButton
[21:21:03]   MapSelectButtonEvent: LWFMapPre on LWFMapPreButton
[21:21:03]   MapSelectButtonEvent: WWCreate on WWRoomCreateButton
[21:21:03]   MapSelectButtonEvent: WWQuickStart on WWQuickStartButton
[21:21:03]   MapSelectButtonEvent: WWRoomCreateBack on WWRoomCreateBackButton
[21:21:03]   MapSelectButtonEvent: ChoiceBack on ChoiceBackButton
[21:21:03]   MapSelectButtonEvent: Nil on WWMapNextButton
[21:21:03]   MapSelectButtonEvent: Nil on WWMapPreButton
[21:21:03]   MapSelectButtonEvent: LWFStart on LWFStartButton
[21:21:03]   MapSelectButtonEvent: LocalChoice on LocalButton
[21:21:03]   MapSelectButtonEvent: LWFMapNext on LWFMapNextButton
[21:21:03]   MapSelectButtonEvent: WWStart on WWRoomStartButton
[21:21:03] Button hook complete — hooked 0 button(s)
[21:21:03] HookButtons: scanning 314 behaviours (incl. inactive)
[21:21:03]   MapSelectButtonEvent: WorldWideChoice on WorldWideButton
[21:21:03]   MapSelectButtonEvent: WorldWideBack on WorldWideBackButton
[21:21:03]   MapSelectButtonEvent: WWMaxNumSub on WWMaxNumSubButton
[21:21:03]   MapSelectButtonEvent: LocalBack on LocalBackButton
[21:21:03]   MapSelectButtonEvent: WWMaxNumAdd on WWMaxNumAddButton
[21:21:03]   MapSelectButtonEvent: LWFMapPre on LWFMapPreButton
[21:21:03]   MapSelectButtonEvent: WWCreate on WWRoomCreateButton
[21:21:03]   MapSelectButtonEvent: WWQuickStart on WWQuickStartButton
[21:21:03]   MapSelectButtonEvent: WWRoomCreateBack on WWRoomCreateBackButton
[21:21:03]   MapSelectButtonEvent: ChoiceBack on ChoiceBackButton
[21:21:03]   MapSelectButtonEvent: Nil on WWMapNextButton
[21:21:03]   MapSelectButtonEvent: Nil on WWMapPreButton
[21:21:03]   MapSelectButtonEvent: LWFStart on LWFStartButton
[21:21:03]   MapSelectButtonEvent: LocalChoice on LocalButton
[21:21:03]   MapSelectButtonEvent: LWFMapNext on LWFMapNextButton
[21:21:03]   MapSelectButtonEvent: WWStart on WWRoomStartButton
[21:21:03] Button hook complete — hooked 0 button(s)
[21:21:03] HookButtons: scanning 314 behaviours (incl. inactive)
[21:21:03]   MapSelectButtonEvent: WorldWideChoice on WorldWideButton
[21:21:03]   MapSelectButtonEvent: WorldWideBack on WorldWideBackButton
[21:21:03]   MapSelectButtonEvent: WWMaxNumSub on WWMaxNumSubButton
[21:21:03]   MapSelectButtonEvent: LocalBack on LocalBackButton
[21:21:03]   MapSelectButtonEvent: WWMaxNumAdd on WWMaxNumAddButton
[21:21:03]   MapSelectButtonEvent: LWFMapPre on LWFMapPreButton
[21:21:03]   MapSelectButtonEvent: WWCreate on WWRoomCreateButton
[21:21:03]   MapSelectButtonEvent: WWQuickStart on WWQuickStartButton
[21:21:03]   MapSelectButtonEvent: WWRoomCreateBack on WWRoomCreateBackButton
[21:21:03]   MapSelectButtonEvent: ChoiceBack on ChoiceBackButton
[21:21:03]   MapSelectButtonEvent: Nil on WWMapNextButton
[21:21:03]   MapSelectButtonEvent: Nil on WWMapPreButton
[21:21:03]   MapSelectButtonEvent: LWFStart on LWFStartButton
[21:21:03]   MapSelectButtonEvent: LocalChoice on LocalButton
[21:21:03]   MapSelectButtonEvent: LWFMapNext on LWFMapNextButton
[21:21:03]   MapSelectButtonEvent: WWStart on WWRoomStartButton
[21:21:03] Button hook complete — hooked 0 button(s)
[21:21:03] HookButtons: scanning 314 behaviours (incl. inactive)
[21:21:03]   MapSelectButtonEvent: WorldWideChoice on WorldWideButton
[21:21:03]   MapSelectButtonEvent: WorldWideBack on WorldWideBackButton
[21:21:03]   MapSelectButtonEvent: WWMaxNumSub on WWMaxNumSubButton
[21:21:03]   MapSelectButtonEvent: LocalBack on LocalBackButton
[21:21:03]   MapSelectButtonEvent: WWMaxNumAdd on WWMaxNumAddButton
[21:21:03]   MapSelectButtonEvent: LWFMapPre on LWFMapPreButton
[21:21:03]   MapSelectButtonEvent: WWCreate on WWRoomCreateButton
[21:21:03]   MapSelectButtonEvent: WWQuickStart on WWQuickStartButton
[21:21:03]   MapSelectButtonEvent: WWRoomCreateBack on WWRoomCreateBackButton
[21:21:03]   MapSelectButtonEvent: ChoiceBack on ChoiceBackButton
[21:21:03]   MapSelectButtonEvent: Nil on WWMapNextButton
[21:21:03]   MapSelectButtonEvent: Nil on WWMapPreButton
[21:21:03]   MapSelectButtonEvent: LWFStart on LWFStartButton
[21:21:03]   MapSelectButtonEvent: LocalChoice on LocalButton
[21:21:03]   MapSelectButtonEvent: LWFMapNext on LWFMapNextButton
[21:21:03]   MapSelectButtonEvent: WWStart on WWRoomStartButton
[21:21:03] Button hook complete — hooked 0 button(s)
[21:21:04] Map changed to: FreeRun15_1 (loads: FreeRun8_1)
[21:21:04] HookButtons: scanning 314 behaviours (incl. inactive)
[21:21:04]   MapSelectButtonEvent: WorldWideChoice on WorldWideButton
[21:21:04]   MapSelectButtonEvent: WorldWideBack on WorldWideBackButton
[21:21:04]   MapSelectButtonEvent: WWMaxNumSub on WWMaxNumSubButton
[21:21:04]   MapSelectButtonEvent: LocalBack on LocalBackButton
[21:21:04]   MapSelectButtonEvent: WWMaxNumAdd on WWMaxNumAddButton
[21:21:04]   MapSelectButtonEvent: LWFMapPre on LWFMapPreButton
[21:21:04]   MapSelectButtonEvent: WWCreate on WWRoomCreateButton
[21:21:04]   MapSelectButtonEvent: WWQuickStart on WWQuickStartButton
[21:21:04]   MapSelectButtonEvent: WWRoomCreateBack on WWRoomCreateBackButton
[21:21:04]   MapSelectButtonEvent: ChoiceBack on ChoiceBackButton
[21:21:04]   MapSelectButtonEvent: Nil on WWMapNextButton
[21:21:04]   MapSelectButtonEvent: Nil on WWMapPreButton
[21:21:04]   MapSelectButtonEvent: LWFStart on LWFStartButton
[21:21:04]   MapSelectButtonEvent: LocalChoice on LocalButton
[21:21:04]   MapSelectButtonEvent: LWFMapNext on LWFMapNextButton
[21:21:04]   MapSelectButtonEvent: WWStart on WWRoomStartButton
[21:21:04] Button hook complete — hooked 0 button(s)
[21:21:04] HookButtons: scanning 314 behaviours (incl. inactive)
[21:21:04]   MapSelectButtonEvent: WorldWideChoice on WorldWideButton
[21:21:04]   MapSelectButtonEvent: WorldWideBack on WorldWideBackButton
[21:21:04]   MapSelectButtonEvent: WWMaxNumSub on WWMaxNumSubButton
[21:21:04]   MapSelectButtonEvent: LocalBack on LocalBackButton
[21:21:04]   MapSelectButtonEvent: WWMaxNumAdd on WWMaxNumAddButton
[21:21:04]   MapSelectButtonEvent: LWFMapPre on LWFMapPreButton
[21:21:04]   MapSelectButtonEvent: WWCreate on WWRoomCreateButton
[21:21:04]   MapSelectButtonEvent: WWQuickStart on WWQuickStartButton
[21:21:04]   MapSelectButtonEvent: WWRoomCreateBack on WWRoomCreateBackButton
[21:21:04]   MapSelectButtonEvent: ChoiceBack on ChoiceBackButton
[21:21:04]   MapSelectButtonEvent: Nil on WWMapNextButton
[21:21:04]   MapSelectButtonEvent: Nil on WWMapPreButton
[21:21:04]   MapSelectButtonEvent: LWFStart on LWFStartButton
[21:21:04]   MapSelectButtonEvent: LocalChoice on LocalButton
[21:21:04]   MapSelectButtonEvent: LWFMapNext on LWFMapNextButton
[21:21:04]   MapSelectButtonEvent: WWStart on WWRoomStartButton
[21:21:04] Button hook complete — hooked 0 button(s)
[21:21:04] HookButtons: scanning 314 behaviours (incl. inactive)
[21:21:04]   MapSelectButtonEvent: WorldWideChoice on WorldWideButton
[21:21:04]   MapSelectButtonEvent: WorldWideBack on WorldWideBackButton
[21:21:04]   MapSelectButtonEvent: WWMaxNumSub on WWMaxNumSubButton
[21:21:04]   MapSelectButtonEvent: LocalBack on LocalBackButton
[21:21:04]   MapSelectButtonEvent: WWMaxNumAdd on WWMaxNumAddButton
[21:21:04]   MapSelectButtonEvent: LWFMapPre on LWFMapPreButton
[21:21:04]   MapSelectButtonEvent: WWCreate on WWRoomCreateButton
[21:21:04]   MapSelectButtonEvent: WWQuickStart on WWQuickStartButton
[21:21:04]   MapSelectButtonEvent: WWRoomCreateBack on WWRoomCreateBackButton
[21:21:04]   MapSelectButtonEvent: ChoiceBack on ChoiceBackButton
[21:21:04]   MapSelectButtonEvent: Nil on WWMapNextButton
[21:21:04]   MapSelectButtonEvent: Nil on WWMapPreButton
[21:21:04]   MapSelectButtonEvent: LWFStart on LWFStartButton
[21:21:04]   MapSelectButtonEvent: LocalChoice on LocalButton
[21:21:04]   MapSelectButtonEvent: LWFMapNext on LWFMapNextButton
[21:21:04]   MapSelectButtonEvent: WWStart on WWRoomStartButton
[21:21:04] Button hook complete — hooked 0 button(s)
[21:21:04] HookButtons: scanning 314 behaviours (incl. inactive)
[21:21:04]   MapSelectButtonEvent: WorldWideChoice on WorldWideButton
[21:21:04]   MapSelectButtonEvent: WorldWideBack on WorldWideBackButton
[21:21:04]   MapSelectButtonEvent: WWMaxNumSub on WWMaxNumSubButton
[21:21:04]   MapSelectButtonEvent: LocalBack on LocalBackButton
[21:21:04]   MapSelectButtonEvent: WWMaxNumAdd on WWMaxNumAddButton
[21:21:04]   MapSelectButtonEvent: LWFMapPre on LWFMapPreButton
[21:21:04]   MapSelectButtonEvent: WWCreate on WWRoomCreateButton
[21:21:04]   MapSelectButtonEvent: WWQuickStart on WWQuickStartButton
[21:21:04]   MapSelectButtonEvent: WWRoomCreateBack on WWRoomCreateBackButton
[21:21:04]   MapSelectButtonEvent: ChoiceBack on ChoiceBackButton
[21:21:04]   MapSelectButtonEvent: Nil on WWMapNextButton
[21:21:04]   MapSelectButtonEvent: Nil on WWMapPreButton
[21:21:04]   MapSelectButtonEvent: LWFStart on LWFStartButton
[21:21:04]   MapSelectButtonEvent: LocalChoice on LocalButton
[21:21:04]   MapSelectButtonEvent: LWFMapNext on LWFMapNextButton
[21:21:04]   MapSelectButtonEvent: WWStart on WWRoomStartButton
[21:21:04] Button hook complete — hooked 0 button(s)
[21:21:04] HookButtons: scanning 314 behaviours (incl. inactive)
[21:21:04]   MapSelectButtonEvent: WorldWideChoice on WorldWideButton
[21:21:04]   MapSelectButtonEvent: WorldWideBack on WorldWideBackButton
[21:21:04]   MapSelectButtonEvent: WWMaxNumSub on WWMaxNumSubButton
[21:21:04]   MapSelectButtonEvent: LocalBack on LocalBackButton
[21:21:04]   MapSelectButtonEvent: WWMaxNumAdd on WWMaxNumAddButton
[21:21:04]   MapSelectButtonEvent: LWFMapPre on LWFMapPreButton
[21:21:04]   MapSelectButtonEvent: WWCreate on WWRoomCreateButton
[21:21:04]   MapSelectButtonEvent: WWQuickStart on WWQuickStartButton
[21:21:04]   MapSelectButtonEvent: WWRoomCreateBack on WWRoomCreateBackButton
[21:21:04]   MapSelectButtonEvent: ChoiceBack on ChoiceBackButton
[21:21:04]   MapSelectButtonEvent: Nil on WWMapNextButton
[21:21:04]   MapSelectButtonEvent: Nil on WWMapPreButton
[21:21:04]   MapSelectButtonEvent: LWFStart on LWFStartButton
[21:21:04]   MapSelectButtonEvent: LocalChoice on LocalButton
[21:21:04]   MapSelectButtonEvent: LWFMapNext on LWFMapNextButton
[21:21:04]   MapSelectButtonEvent: WWStart on WWRoomStartButton
[21:21:04] Button hook complete — hooked 0 button(s)
[21:21:04] Map changed to: FreeRun3_1 (loads: FreeRun3_1)
[21:21:04] HookButtons: scanning 314 behaviours (incl. inactive)
[21:21:04]   MapSelectButtonEvent: WorldWideChoice on WorldWideButton
[21:21:04]   MapSelectButtonEvent: WorldWideBack on WorldWideBackButton
[21:21:04]   MapSelectButtonEvent: WWMaxNumSub on WWMaxNumSubButton
[21:21:04]   MapSelectButtonEvent: LocalBack on LocalBackButton
[21:21:04]   MapSelectButtonEvent: WWMaxNumAdd on WWMaxNumAddButton
[21:21:04]   MapSelectButtonEvent: LWFMapPre on LWFMapPreButton
[21:21:04]   MapSelectButtonEvent: WWCreate on WWRoomCreateButton
[21:21:04]   MapSelectButtonEvent: WWQuickStart on WWQuickStartButton
[21:21:04]   MapSelectButtonEvent: WWRoomCreateBack on WWRoomCreateBackButton
[21:21:04]   MapSelectButtonEvent: ChoiceBack on ChoiceBackButton
[21:21:04]   MapSelectButtonEvent: Nil on WWMapNextButton
[21:21:04]   MapSelectButtonEvent: Nil on WWMapPreButton
[21:21:04]   MapSelectButtonEvent: LWFStart on LWFStartButton
[21:21:04]   MapSelectButtonEvent: LocalChoice on LocalButton
[21:21:04]   MapSelectButtonEvent: LWFMapNext on LWFMapNextButton
[21:21:04]   MapSelectButtonEvent: WWStart on WWRoomStartButton
[21:21:04] Button hook complete — hooked 0 button(s)
[21:21:04] HookButtons: scanning 314 behaviours (incl. inactive)
[21:21:04]   MapSelectButtonEvent: WorldWideChoice on WorldWideButton
[21:21:04]   MapSelectButtonEvent: WorldWideBack on WorldWideBackButton
[21:21:04]   MapSelectButtonEvent: WWMaxNumSub on WWMaxNumSubButton
[21:21:04]   MapSelectButtonEvent: LocalBack on LocalBackButton
[21:21:04]   MapSelectButtonEvent: WWMaxNumAdd on WWMaxNumAddButton
[21:21:04]   MapSelectButtonEvent: LWFMapPre on LWFMapPreButton
[21:21:04]   MapSelectButtonEvent: WWCreate on WWRoomCreateButton
[21:21:04]   MapSelectButtonEvent: WWQuickStart on WWQuickStartButton
[21:21:04]   MapSelectButtonEvent: WWRoomCreateBack on WWRoomCreateBackButton
[21:21:04]   MapSelectButtonEvent: ChoiceBack on ChoiceBackButton
[21:21:04]   MapSelectButtonEvent: Nil on WWMapNextButton
[21:21:04]   MapSelectButtonEvent: Nil on WWMapPreButton
[21:21:04]   MapSelectButtonEvent: LWFStart on LWFStartButton
[21:21:04]   MapSelectButtonEvent: LocalChoice on LocalButton
[21:21:04]   MapSelectButtonEvent: LWFMapNext on LWFMapNextButton
[21:21:04]   MapSelectButtonEvent: WWStart on WWRoomStartButton
[21:21:04] Button hook complete — hooked 0 button(s)
[21:21:05] HookButtons: scanning 314 behaviours (incl. inactive)
[21:21:05]   MapSelectButtonEvent: WorldWideChoice on WorldWideButton
[21:21:05]   MapSelectButtonEvent: WorldWideBack on WorldWideBackButton
[21:21:05]   MapSelectButtonEvent: WWMaxNumSub on WWMaxNumSubButton
[21:21:05]   MapSelectButtonEvent: LocalBack on LocalBackButton
[21:21:05]   MapSelectButtonEvent: WWMaxNumAdd on WWMaxNumAddButton
[21:21:05]   MapSelectButtonEvent: LWFMapPre on LWFMapPreButton
[21:21:05]   MapSelectButtonEvent: WWCreate on WWRoomCreateButton
[21:21:05]   MapSelectButtonEvent: WWQuickStart on WWQuickStartButton
[21:21:05]   MapSelectButtonEvent: WWRoomCreateBack on WWRoomCreateBackButton
[21:21:05]   MapSelectButtonEvent: ChoiceBack on ChoiceBackButton
[21:21:05]   MapSelectButtonEvent: Nil on WWMapNextButton
[21:21:05]   MapSelectButtonEvent: Nil on WWMapPreButton
[21:21:05]   MapSelectButtonEvent: LWFStart on LWFStartButton
[21:21:05]   MapSelectButtonEvent: LocalChoice on LocalButton
[21:21:05]   MapSelectButtonEvent: LWFMapNext on LWFMapNextButton
[21:21:05]   MapSelectButtonEvent: WWStart on WWRoomStartButton
[21:21:05] Button hook complete — hooked 0 button(s)
[21:21:05] HookButtons: scanning 314 behaviours (incl. inactive)
[21:21:05]   MapSelectButtonEvent: WorldWideChoice on WorldWideButton
[21:21:05]   MapSelectButtonEvent: WorldWideBack on WorldWideBackButton
[21:21:05]   MapSelectButtonEvent: WWMaxNumSub on WWMaxNumSubButton
[21:21:05]   MapSelectButtonEvent: LocalBack on LocalBackButton
[21:21:05]   MapSelectButtonEvent: WWMaxNumAdd on WWMaxNumAddButton
[21:21:05]   MapSelectButtonEvent: LWFMapPre on LWFMapPreButton
[21:21:05]   MapSelectButtonEvent: WWCreate on WWRoomCreateButton
[21:21:05]   MapSelectButtonEvent: WWQuickStart on WWQuickStartButton
[21:21:05]   MapSelectButtonEvent: WWRoomCreateBack on WWRoomCreateBackButton
[21:21:05]   MapSelectButtonEvent: ChoiceBack on ChoiceBackButton
[21:21:05]   MapSelectButtonEvent: Nil on WWMapNextButton
[21:21:05]   MapSelectButtonEvent: Nil on WWMapPreButton
[21:21:05]   MapSelectButtonEvent: LWFStart on LWFStartButton
[21:21:05]   MapSelectButtonEvent: LocalChoice on LocalButton
[21:21:05]   MapSelectButtonEvent: LWFMapNext on LWFMapNextButton
[21:21:05]   MapSelectButtonEvent: WWStart on WWRoomStartButton
[21:21:05] Button hook complete — hooked 0 button(s)
[21:21:05] HookButtons: scanning 314 behaviours (incl. inactive)
[21:21:05]   MapSelectButtonEvent: WorldWideChoice on WorldWideButton
[21:21:05]   MapSelectButtonEvent: WorldWideBack on WorldWideBackButton
[21:21:05]   MapSelectButtonEvent: WWMaxNumSub on WWMaxNumSubButton
[21:21:05]   MapSelectButtonEvent: LocalBack on LocalBackButton
[21:21:05]   MapSelectButtonEvent: WWMaxNumAdd on WWMaxNumAddButton
[21:21:05]   MapSelectButtonEvent: LWFMapPre on LWFMapPreButton
[21:21:05]   MapSelectButtonEvent: WWCreate on WWRoomCreateButton
[21:21:05]   MapSelectButtonEvent: WWQuickStart on WWQuickStartButton
[21:21:05]   MapSelectButtonEvent: WWRoomCreateBack on WWRoomCreateBackButton
[21:21:05]   MapSelectButtonEvent: ChoiceBack on ChoiceBackButton
[21:21:05]   MapSelectButtonEvent: Nil on WWMapNextButton
[21:21:05]   MapSelectButtonEvent: Nil on WWMapPreButton
[21:21:05]   MapSelectButtonEvent: LWFStart on LWFStartButton
[21:21:05]   MapSelectButtonEvent: LocalChoice on LocalButton
[21:21:05]   MapSelectButtonEvent: LWFMapNext on LWFMapNextButton
[21:21:05]   MapSelectButtonEvent: WWStart on WWRoomStartButton
[21:21:05] Button hook complete — hooked 0 button(s)
[21:21:05] HookButtons: scanning 314 behaviours (incl. inactive)
[21:21:05]   MapSelectButtonEvent: WorldWideChoice on WorldWideButton
[21:21:05]   MapSelectButtonEvent: WorldWideBack on WorldWideBackButton
[21:21:05]   MapSelectButtonEvent: WWMaxNumSub on WWMaxNumSubButton
[21:21:05]   MapSelectButtonEvent: LocalBack on LocalBackButton
[21:21:05]   MapSelectButtonEvent: WWMaxNumAdd on WWMaxNumAddButton
[21:21:05]   MapSelectButtonEvent: LWFMapPre on LWFMapPreButton
[21:21:05]   MapSelectButtonEvent: WWCreate on WWRoomCreateButton
[21:21:05]   MapSelectButtonEvent: WWQuickStart on WWQuickStartButton
[21:21:05]   MapSelectButtonEvent: WWRoomCreateBack on WWRoomCreateBackButton
[21:21:05]   MapSelectButtonEvent: ChoiceBack on ChoiceBackButton
[21:21:05]   MapSelectButtonEvent: Nil on WWMapNextButton
[21:21:05]   MapSelectButtonEvent: Nil on WWMapPreButton
[21:21:05]   MapSelectButtonEvent: LWFStart on LWFStartButton
[21:21:05]   MapSelectButtonEvent: LocalChoice on LocalButton
[21:21:05]   MapSelectButtonEvent: LWFMapNext on LWFMapNextButton
[21:21:05]   MapSelectButtonEvent: WWStart on WWRoomStartButton
[21:21:05] Button hook complete — hooked 0 button(s)
[21:21:05] HookButtons: scanning 314 behaviours (incl. inactive)
[21:21:05]   MapSelectButtonEvent: WorldWideChoice on WorldWideButton
[21:21:05]   MapSelectButtonEvent: WorldWideBack on WorldWideBackButton
[21:21:05]   MapSelectButtonEvent: WWMaxNumSub on WWMaxNumSubButton
[21:21:05]   MapSelectButtonEvent: LocalBack on LocalBackButton
[21:21:05]   MapSelectButtonEvent: WWMaxNumAdd on WWMaxNumAddButton
[21:21:05]   MapSelectButtonEvent: LWFMapPre on LWFMapPreButton
[21:21:05]   MapSelectButtonEvent: WWCreate on WWRoomCreateButton
[21:21:05]   MapSelectButtonEvent: WWQuickStart on WWQuickStartButton
[21:21:05]   MapSelectButtonEvent: WWRoomCreateBack on WWRoomCreateBackButton
[21:21:05]   MapSelectButtonEvent: ChoiceBack on ChoiceBackButton
[21:21:05]   MapSelectButtonEvent: Nil on WWMapNextButton
[21:21:05]   MapSelectButtonEvent: Nil on WWMapPreButton
[21:21:05]   MapSelectButtonEvent: LWFStart on LWFStartButton
[21:21:05]   MapSelectButtonEvent: LocalChoice on LocalButton
[21:21:05]   MapSelectButtonEvent: LWFMapNext on LWFMapNextButton
[21:21:05]   MapSelectButtonEvent: WWStart on WWRoomStartButton
[21:21:05] Button hook complete — hooked 0 button(s)
[21:21:05] HookButtons: scanning 313 behaviours (incl. inactive)
[21:21:05]   MapSelectButtonEvent: WorldWideChoice on WorldWideButton
[21:21:05]   MapSelectButtonEvent: WorldWideBack on WorldWideBackButton
[21:21:05]   MapSelectButtonEvent: WWMaxNumSub on WWMaxNumSubButton
[21:21:05]   MapSelectButtonEvent: LocalBack on LocalBackButton
[21:21:05]   MapSelectButtonEvent: WWMaxNumAdd on WWMaxNumAddButton
[21:21:05]   MapSelectButtonEvent: LWFMapPre on LWFMapPreButton
[21:21:05]   MapSelectButtonEvent: WWCreate on WWRoomCreateButton
[21:21:05]   MapSelectButtonEvent: WWQuickStart on WWQuickStartButton
[21:21:05]   MapSelectButtonEvent: WWRoomCreateBack on WWRoomCreateBackButton
[21:21:05]   MapSelectButtonEvent: ChoiceBack on ChoiceBackButton
[21:21:05]   MapSelectButtonEvent: Nil on WWMapNextButton
[21:21:05]   MapSelectButtonEvent: Nil on WWMapPreButton
[21:21:05]   MapSelectButtonEvent: LWFStart on LWFStartButton
[21:21:05]   MapSelectButtonEvent: LocalChoice on LocalButton
[21:21:05]   MapSelectButtonEvent: LWFMapNext on LWFMapNextButton
[21:21:05]   MapSelectButtonEvent: WWStart on WWRoomStartButton
[21:21:05] Button hook complete — hooked 0 button(s)
[21:21:06] HookButtons: scanning 313 behaviours (incl. inactive)
[21:21:06]   MapSelectButtonEvent: WorldWideChoice on WorldWideButton
[21:21:06]   MapSelectButtonEvent: WorldWideBack on WorldWideBackButton
[21:21:06]   MapSelectButtonEvent: WWMaxNumSub on WWMaxNumSubButton
[21:21:06]   MapSelectButtonEvent: LocalBack on LocalBackButton
[21:21:06]   MapSelectButtonEvent: WWMaxNumAdd on WWMaxNumAddButton
[21:21:06]   MapSelectButtonEvent: LWFMapPre on LWFMapPreButton
[21:21:06]   MapSelectButtonEvent: WWCreate on WWRoomCreateButton
[21:21:06]   MapSelectButtonEvent: WWQuickStart on WWQuickStartButton
[21:21:06]   MapSelectButtonEvent: WWRoomCreateBack on WWRoomCreateBackButton
[21:21:06]   MapSelectButtonEvent: ChoiceBack on ChoiceBackButton
[21:21:06]   MapSelectButtonEvent: Nil on WWMapNextButton
[21:21:06]   MapSelectButtonEvent: Nil on WWMapPreButton
[21:21:06]   MapSelectButtonEvent: LWFStart on LWFStartButton
[21:21:06]   MapSelectButtonEvent: LocalChoice on LocalButton
[21:21:06]   MapSelectButtonEvent: LWFMapNext on LWFMapNextButton
[21:21:06]   MapSelectButtonEvent: WWStart on WWRoomStartButton
[21:21:06] Button hook complete — hooked 0 button(s)
[21:21:06] OnJoinedRoom: mCurWWMapSelect=FreeRun3_1
[21:21:06] OnJoinedRoom: mCurWWMapSelect=FreeRun3_1
[21:21:06] SettingsMod: scene=FreeRun3_1 inGame=True
[21:21:06] OnLevelWasLoaded: scene=FreeRun3_1 level=1
[21:21:06] Scene 'FreeRun3_1' is not a connect scene and not MainMenu — leaving connection untouched
[21:21:06] SettingsMod: scene=FreeRun3_1 inGame=True
[21:21:06] OnLevelWasLoaded: scene=FreeRun3_1 level=1
[21:21:06] Scene 'FreeRun3_1' is not a connect scene and not MainMenu — leaving connection untouched
[21:21:06] SettingsMod: Sliderotate cached sens=3.20
[21:21:06] SettingsMod: Sliderotate cached sens=3.20
[21:21:06] HookButtons: scanning 740 behaviours (incl. inactive)
[21:21:06] Button hook complete — hooked 0 button(s)
[21:21:08] Photon disconnected, swapping to TCP then reconnecting
[21:21:08] SwapToTcp: current peerBase is TPeer
[21:21:08] SwapToTcp: usedProtocol = Tcp
[21:21:08] SwapToTcp: Listener set via property setter = NetworkingPeer
[21:21:08] SwapToTcp: peerBase swapped to TPeer - client will connect via TCP
[21:21:08] requestSecurity = false → will use direct OpAuthenticate (no DH)
[21:21:08] About to call ConnectUsingSettings...
[21:21:08] ConnectUsingSettings() returned OK → connecting to 172.28.48.1:5055
[21:21:08] Monitoring connection state (30s timeout)...
[21:21:08] connState=1  detailState=2  (0.0s elapsed)  runInBg=True
[21:21:08] [heartbeat] connState=1  detailState=2  (0.0s elapsed)  runInBg=True  dt=0.0332
[21:21:08] connState=2  detailState=3  (0.1s elapsed)  runInBg=True
[21:21:08] connState=2  detailState=5  (0.2s elapsed)  runInBg=True
[21:21:08] connState=2  detailState=6  (0.2s elapsed)  runInBg=True
[21:21:08] Connected to lobby! detailState=6 after 0.2s
[21:21:10] SettingsMod: Restart button not found in Panel(Pause)
[21:21:10] SettingsMod: Restart button not found in Panel(Pause)
[21:21:33] SettingsMod: Restart button not found in Panel(Pause)
[21:21:33] SettingsMod: Restart button not found in Panel(Pause)
[21:21:43] SettingsMod: Restart button not found in Panel(Pause)
[21:21:43] SettingsMod: Restart button not found in Panel(Pause)
[21:21:44] SettingsMod: scene=LoadingToMenu inGame=False
[21:21:44] OnLevelWasLoaded: scene=LoadingToMenu level=13
[21:21:44] Scene 'LoadingToMenu' is not a connect scene and not MainMenu — leaving connection untouched
[21:21:44] SettingsMod: scene=LoadingToMenu inGame=False
[21:21:44] OnLevelWasLoaded: scene=LoadingToMenu level=13
[21:21:44] Scene 'LoadingToMenu' is not a connect scene and not MainMenu — leaving connection untouched
[21:21:46] SettingsMod: scene=MainMenu inGame=False
[21:21:46] OnLevelWasLoaded: scene=MainMenu level=0
[21:21:46] SettingsMod: scene=MainMenu inGame=False
[21:21:46] OnLevelWasLoaded: scene=MainMenu level=0
[21:21:59] SettingsMod: scene=MultiplayerSelect inGame=False
[21:21:59] OnLevelWasLoaded: scene=MultiplayerSelect level=5
[21:21:59] Entered connect scene — starting LAN connection
[21:21:59]   ServerAddress = 172.28.48.1
[21:21:59]   ServerPort = 5055
[21:21:59]   AppID = CNRLan
[21:21:59]   HostType = SelfHosted
[21:21:59] Override applied → 172.28.48.1:5055  AppID=CNRLan
[21:21:59] Disconnect() called
[21:21:59] Photon disconnected, swapping to TCP then reconnecting
[21:21:59] SwapToTcp: current peerBase is TPeer
[21:21:59] SwapToTcp: usedProtocol = Tcp
[21:21:59] SwapToTcp: Listener set via property setter = NetworkingPeer
[21:21:59] SwapToTcp: peerBase swapped to TPeer - client will connect via TCP
[21:21:59] requestSecurity = false → will use direct OpAuthenticate (no DH)
[21:21:59] About to call ConnectUsingSettings...
[21:21:59] ConnectUsingSettings() returned OK → connecting to 172.28.48.1:5055
[21:21:59] Monitoring connection state (30s timeout)...
[21:21:59] connState=1  detailState=2  (0.0s elapsed)  runInBg=True
[21:21:59] [heartbeat] connState=1  detailState=2  (0.0s elapsed)  runInBg=True  dt=0.0332
[21:21:59] SettingsMod: scene=MultiplayerSelect inGame=False
[21:21:59] OnLevelWasLoaded: scene=MultiplayerSelect level=5
[21:21:59] Entered connect scene — starting LAN connection
[21:21:59]   ServerAddress = 172.28.48.1
[21:21:59]   ServerPort = 5055
[21:21:59]   AppID = CNRLan
[21:21:59]   HostType = SelfHosted
[21:21:59] Override applied → 172.28.48.1:5055  AppID=CNRLan
[21:21:59] Disconnect() called
[21:21:59] CustomMaps Update: mCurWWSubScene=RoomChoice
[21:21:59] CustomMaps Update: mCurWWSubScene=RoomChoice
[21:21:59] connState=0  detailState=1  (0.0s elapsed)  runInBg=True
[21:21:59] Connection FAILED — Disconnected after 0.0s
[21:21:59] OVERLAY: LAN server unreachable. | 172.28.48.1:5055 | Check server is running.
[21:21:59] Photon disconnected, swapping to TCP then reconnecting
[21:21:59] SwapToTcp: current peerBase is TPeer
[21:21:59] SwapToTcp: usedProtocol = Tcp
[21:21:59] SwapToTcp: Listener set via property setter = NetworkingPeer
[21:21:59] SwapToTcp: peerBase swapped to TPeer - client will connect via TCP
[21:21:59] requestSecurity = false → will use direct OpAuthenticate (no DH)
[21:21:59] About to call ConnectUsingSettings...
[21:21:59] ConnectUsingSettings() returned OK → connecting to 172.28.48.1:5055
[21:21:59] Monitoring connection state (30s timeout)...
[21:21:59] connState=1  detailState=2  (0.0s elapsed)  runInBg=True
[21:21:59] [heartbeat] connState=1  detailState=2  (0.0s elapsed)  runInBg=True  dt=0.0332
[21:21:59] connState=2  detailState=3  (0.3s elapsed)  runInBg=True
[21:21:59] connState=2  detailState=5  (0.4s elapsed)  runInBg=True
[21:21:59] connState=2  detailState=6  (0.4s elapsed)  runInBg=True
[21:21:59] Connected to lobby! detailState=6 after 0.4s
[21:22:02] CustomMaps Update: mCurWWSubScene=RoomCreate
[21:22:02] CustomMaps Update: mCurWWSubScene=RoomCreate
[21:22:02] HookButtons: scanning 312 behaviours (incl. inactive)
[21:22:02]   MapSelectButtonEvent: WorldWideChoice on WorldWideButton
[21:22:02]   MapSelectButtonEvent: WorldWideBack on WorldWideBackButton
[21:22:02]   MapSelectButtonEvent: WWMaxNumSub on WWMaxNumSubButton
[21:22:02]   MapSelectButtonEvent: LocalBack on LocalBackButton
[21:22:02]   MapSelectButtonEvent: WWMaxNumAdd on WWMaxNumAddButton
[21:22:02]   MapSelectButtonEvent: LWFMapPre on LWFMapPreButton
[21:22:02]   MapSelectButtonEvent: WWCreate on WWRoomCreateButton
[21:22:02]   MapSelectButtonEvent: WWQuickStart on WWQuickStartButton
[21:22:02]   MapSelectButtonEvent: WWRoomCreateBack on WWRoomCreateBackButton
[21:22:02]   MapSelectButtonEvent: ChoiceBack on ChoiceBackButton
[21:22:02]   MapSelectButtonEvent: WWMapNext on WWMapNextButton
[21:22:02]   -> HOOKED as Next
[21:22:02]   MapSelectButtonEvent: WWMapPre on WWMapPreButton
[21:22:02]   -> HOOKED as Pre
[21:22:02]   MapSelectButtonEvent: LWFStart on LWFStartButton
[21:22:02]   MapSelectButtonEvent: LocalChoice on LocalButton
[21:22:02]   MapSelectButtonEvent: LWFMapNext on LWFMapNextButton
[21:22:02]   MapSelectButtonEvent: WWStart on WWRoomStartButton
[21:22:02] Button hook complete — hooked 2 button(s)
[21:22:02] HookButtons: scanning 314 behaviours (incl. inactive)
[21:22:02]   MapSelectButtonEvent: WorldWideChoice on WorldWideButton
[21:22:02]   MapSelectButtonEvent: WorldWideBack on WorldWideBackButton
[21:22:02]   MapSelectButtonEvent: WWMaxNumSub on WWMaxNumSubButton
[21:22:02]   MapSelectButtonEvent: LocalBack on LocalBackButton
[21:22:02]   MapSelectButtonEvent: WWMaxNumAdd on WWMaxNumAddButton
[21:22:02]   MapSelectButtonEvent: LWFMapPre on LWFMapPreButton
[21:22:02]   MapSelectButtonEvent: WWCreate on WWRoomCreateButton
[21:22:02]   MapSelectButtonEvent: WWQuickStart on WWQuickStartButton
[21:22:02]   MapSelectButtonEvent: WWRoomCreateBack on WWRoomCreateBackButton
[21:22:02]   MapSelectButtonEvent: ChoiceBack on ChoiceBackButton
[21:22:02]   MapSelectButtonEvent: Nil on WWMapNextButton
[21:22:02]   MapSelectButtonEvent: Nil on WWMapPreButton
[21:22:02]   MapSelectButtonEvent: LWFStart on LWFStartButton
[21:22:02]   MapSelectButtonEvent: LocalChoice on LocalButton
[21:22:02]   MapSelectButtonEvent: LWFMapNext on LWFMapNextButton
[21:22:02]   MapSelectButtonEvent: WWStart on WWRoomStartButton
[21:22:02] Button hook complete — hooked 0 button(s)
[21:22:03] HookButtons: scanning 314 behaviours (incl. inactive)
[21:22:03]   MapSelectButtonEvent: WorldWideChoice on WorldWideButton
[21:22:03]   MapSelectButtonEvent: WorldWideBack on WorldWideBackButton
[21:22:03]   MapSelectButtonEvent: WWMaxNumSub on WWMaxNumSubButton
[21:22:03]   MapSelectButtonEvent: LocalBack on LocalBackButton
[21:22:03]   MapSelectButtonEvent: WWMaxNumAdd on WWMaxNumAddButton
[21:22:03]   MapSelectButtonEvent: LWFMapPre on LWFMapPreButton
[21:22:03]   MapSelectButtonEvent: WWCreate on WWRoomCreateButton
[21:22:03]   MapSelectButtonEvent: WWQuickStart on WWQuickStartButton
[21:22:03]   MapSelectButtonEvent: WWRoomCreateBack on WWRoomCreateBackButton
[21:22:03]   MapSelectButtonEvent: ChoiceBack on ChoiceBackButton
[21:22:03]   MapSelectButtonEvent: Nil on WWMapNextButton
[21:22:03]   MapSelectButtonEvent: Nil on WWMapPreButton
[21:22:03]   MapSelectButtonEvent: LWFStart on LWFStartButton
[21:22:03]   MapSelectButtonEvent: LocalChoice on LocalButton
[21:22:03]   MapSelectButtonEvent: LWFMapNext on LWFMapNextButton
[21:22:03]   MapSelectButtonEvent: WWStart on WWRoomStartButton
[21:22:03] Button hook complete — hooked 0 button(s)
[21:22:03] HookButtons: scanning 314 behaviours (incl. inactive)
[21:22:03]   MapSelectButtonEvent: WorldWideChoice on WorldWideButton
[21:22:03]   MapSelectButtonEvent: WorldWideBack on WorldWideBackButton
[21:22:03]   MapSelectButtonEvent: WWMaxNumSub on WWMaxNumSubButton
[21:22:03]   MapSelectButtonEvent: LocalBack on LocalBackButton
[21:22:03]   MapSelectButtonEvent: WWMaxNumAdd on WWMaxNumAddButton
[21:22:03]   MapSelectButtonEvent: LWFMapPre on LWFMapPreButton
[21:22:03]   MapSelectButtonEvent: WWCreate on WWRoomCreateButton
[21:22:03]   MapSelectButtonEvent: WWQuickStart on WWQuickStartButton
[21:22:03]   MapSelectButtonEvent: WWRoomCreateBack on WWRoomCreateBackButton
[21:22:03]   MapSelectButtonEvent: ChoiceBack on ChoiceBackButton
[21:22:03]   MapSelectButtonEvent: Nil on WWMapNextButton
[21:22:03]   MapSelectButtonEvent: Nil on WWMapPreButton
[21:22:03]   MapSelectButtonEvent: LWFStart on LWFStartButton
[21:22:03]   MapSelectButtonEvent: LocalChoice on LocalButton
[21:22:03]   MapSelectButtonEvent: LWFMapNext on LWFMapNextButton
[21:22:03]   MapSelectButtonEvent: WWStart on WWRoomStartButton
[21:22:03] Button hook complete — hooked 0 button(s)
[21:22:03] HookButtons: scanning 314 behaviours (incl. inactive)
[21:22:03]   MapSelectButtonEvent: WorldWideChoice on WorldWideButton
[21:22:03]   MapSelectButtonEvent: WorldWideBack on WorldWideBackButton
[21:22:03]   MapSelectButtonEvent: WWMaxNumSub on WWMaxNumSubButton
[21:22:03]   MapSelectButtonEvent: LocalBack on LocalBackButton
[21:22:03]   MapSelectButtonEvent: WWMaxNumAdd on WWMaxNumAddButton
[21:22:03]   MapSelectButtonEvent: LWFMapPre on LWFMapPreButton
[21:22:03]   MapSelectButtonEvent: WWCreate on WWRoomCreateButton
[21:22:03]   MapSelectButtonEvent: WWQuickStart on WWQuickStartButton
[21:22:03]   MapSelectButtonEvent: WWRoomCreateBack on WWRoomCreateBackButton
[21:22:03]   MapSelectButtonEvent: ChoiceBack on ChoiceBackButton
[21:22:03]   MapSelectButtonEvent: Nil on WWMapNextButton
[21:22:03]   MapSelectButtonEvent: Nil on WWMapPreButton
[21:22:03]   MapSelectButtonEvent: LWFStart on LWFStartButton
[21:22:03]   MapSelectButtonEvent: LocalChoice on LocalButton
[21:22:03]   MapSelectButtonEvent: LWFMapNext on LWFMapNextButton
[21:22:03]   MapSelectButtonEvent: WWStart on WWRoomStartButton
[21:22:03] Button hook complete — hooked 0 button(s)
[21:22:03] HookButtons: scanning 314 behaviours (incl. inactive)
[21:22:03]   MapSelectButtonEvent: WorldWideChoice on WorldWideButton
[21:22:03]   MapSelectButtonEvent: WorldWideBack on WorldWideBackButton
[21:22:03]   MapSelectButtonEvent: WWMaxNumSub on WWMaxNumSubButton
[21:22:03]   MapSelectButtonEvent: LocalBack on LocalBackButton
[21:22:03]   MapSelectButtonEvent: WWMaxNumAdd on WWMaxNumAddButton
[21:22:03]   MapSelectButtonEvent: LWFMapPre on LWFMapPreButton
[21:22:03]   MapSelectButtonEvent: WWCreate on WWRoomCreateButton
[21:22:03]   MapSelectButtonEvent: WWQuickStart on WWQuickStartButton
[21:22:03]   MapSelectButtonEvent: WWRoomCreateBack on WWRoomCreateBackButton
[21:22:03]   MapSelectButtonEvent: ChoiceBack on ChoiceBackButton
[21:22:03]   MapSelectButtonEvent: Nil on WWMapNextButton
[21:22:03]   MapSelectButtonEvent: Nil on WWMapPreButton
[21:22:03]   MapSelectButtonEvent: LWFStart on LWFStartButton
[21:22:03]   MapSelectButtonEvent: LocalChoice on LocalButton
[21:22:03]   MapSelectButtonEvent: LWFMapNext on LWFMapNextButton
[21:22:03]   MapSelectButtonEvent: WWStart on WWRoomStartButton
[21:22:03] Button hook complete — hooked 0 button(s)
[21:22:03] HookButtons: scanning 314 behaviours (incl. inactive)
[21:22:03]   MapSelectButtonEvent: WorldWideChoice on WorldWideButton
[21:22:03]   MapSelectButtonEvent: WorldWideBack on WorldWideBackButton
[21:22:03]   MapSelectButtonEvent: WWMaxNumSub on WWMaxNumSubButton
[21:22:03]   MapSelectButtonEvent: LocalBack on LocalBackButton
[21:22:03]   MapSelectButtonEvent: WWMaxNumAdd on WWMaxNumAddButton
[21:22:03]   MapSelectButtonEvent: LWFMapPre on LWFMapPreButton
[21:22:03]   MapSelectButtonEvent: WWCreate on WWRoomCreateButton
[21:22:03]   MapSelectButtonEvent: WWQuickStart on WWQuickStartButton
[21:22:03]   MapSelectButtonEvent: WWRoomCreateBack on WWRoomCreateBackButton
[21:22:03]   MapSelectButtonEvent: ChoiceBack on ChoiceBackButton
[21:22:03]   MapSelectButtonEvent: Nil on WWMapNextButton
[21:22:03]   MapSelectButtonEvent: Nil on WWMapPreButton
[21:22:03]   MapSelectButtonEvent: LWFStart on LWFStartButton
[21:22:03]   MapSelectButtonEvent: LocalChoice on LocalButton
[21:22:03]   MapSelectButtonEvent: LWFMapNext on LWFMapNextButton
[21:22:03]   MapSelectButtonEvent: WWStart on WWRoomStartButton
[21:22:03] Button hook complete — hooked 0 button(s)
[21:22:03] HookButtons: scanning 313 behaviours (incl. inactive)
[21:22:03]   MapSelectButtonEvent: WorldWideChoice on WorldWideButton
[21:22:03]   MapSelectButtonEvent: WorldWideBack on WorldWideBackButton
[21:22:03]   MapSelectButtonEvent: WWMaxNumSub on WWMaxNumSubButton
[21:22:03]   MapSelectButtonEvent: LocalBack on LocalBackButton
[21:22:03]   MapSelectButtonEvent: WWMaxNumAdd on WWMaxNumAddButton
[21:22:03]   MapSelectButtonEvent: LWFMapPre on LWFMapPreButton
[21:22:03]   MapSelectButtonEvent: WWCreate on WWRoomCreateButton
[21:22:03]   MapSelectButtonEvent: WWQuickStart on WWQuickStartButton
[21:22:03]   MapSelectButtonEvent: WWRoomCreateBack on WWRoomCreateBackButton
[21:22:03]   MapSelectButtonEvent: ChoiceBack on ChoiceBackButton
[21:22:03]   MapSelectButtonEvent: Nil on WWMapNextButton
[21:22:03]   MapSelectButtonEvent: Nil on WWMapPreButton
[21:22:03]   MapSelectButtonEvent: LWFStart on LWFStartButton
[21:22:03]   MapSelectButtonEvent: LocalChoice on LocalButton
[21:22:03]   MapSelectButtonEvent: LWFMapNext on LWFMapNextButton
[21:22:03]   MapSelectButtonEvent: WWStart on WWRoomStartButton
[21:22:03] Button hook complete — hooked 0 button(s)
[21:22:04] HookButtons: scanning 313 behaviours (incl. inactive)
[21:22:04]   MapSelectButtonEvent: WorldWideChoice on WorldWideButton
[21:22:04]   MapSelectButtonEvent: WorldWideBack on WorldWideBackButton
[21:22:04]   MapSelectButtonEvent: WWMaxNumSub on WWMaxNumSubButton
[21:22:04]   MapSelectButtonEvent: LocalBack on LocalBackButton
[21:22:04]   MapSelectButtonEvent: WWMaxNumAdd on WWMaxNumAddButton
[21:22:04]   MapSelectButtonEvent: LWFMapPre on LWFMapPreButton
[21:22:04]   MapSelectButtonEvent: WWCreate on WWRoomCreateButton
[21:22:04]   MapSelectButtonEvent: WWQuickStart on WWQuickStartButton
[21:22:04]   MapSelectButtonEvent: WWRoomCreateBack on WWRoomCreateBackButton
[21:22:04]   MapSelectButtonEvent: ChoiceBack on ChoiceBackButton
[21:22:04]   MapSelectButtonEvent: Nil on WWMapNextButton
[21:22:04]   MapSelectButtonEvent: Nil on WWMapPreButton
[21:22:04]   MapSelectButtonEvent: LWFStart on LWFStartButton
[21:22:04]   MapSelectButtonEvent: LocalChoice on LocalButton
[21:22:04]   MapSelectButtonEvent: LWFMapNext on LWFMapNextButton
[21:22:04]   MapSelectButtonEvent: WWStart on WWRoomStartButton
[21:22:04] Button hook complete — hooked 0 button(s)
[21:22:04] OnJoinedRoom: mCurWWMapSelect=FreeRun3_1
[21:22:04] OnJoinedRoom: mCurWWMapSelect=FreeRun3_1
[21:22:04] SettingsMod: scene=FreeRun3_1 inGame=True
[21:22:04] OnLevelWasLoaded: scene=FreeRun3_1 level=1
[21:22:04] Scene 'FreeRun3_1' is not a connect scene and not MainMenu — leaving connection untouched
[21:22:04] SettingsMod: scene=FreeRun3_1 inGame=True
[21:22:04] OnLevelWasLoaded: scene=FreeRun3_1 level=1
[21:22:04] Scene 'FreeRun3_1' is not a connect scene and not MainMenu — leaving connection untouched
[21:22:04] SettingsMod: Sliderotate cached sens=3.24
[21:22:04] SettingsMod: Sliderotate cached sens=3.24
[21:22:04] HookButtons: scanning 741 behaviours (incl. inactive)
[21:22:04] Button hook complete — hooked 0 button(s)
[21:22:08] SettingsMod: Restart button not found in Panel(Pause)
[21:22:08] SettingsMod: Restart button not found in Panel(Pause)
[21:22:09] SettingsMod: scene=MultiplayerSelect inGame=False
[21:22:09] OnLevelWasLoaded: scene=MultiplayerSelect level=5
[21:22:09] Entered connect scene — starting LAN connection
[21:22:09]   ServerAddress = 172.28.48.1
[21:22:09]   ServerPort = 5055
[21:22:09]   AppID = CNRLan
[21:22:09]   HostType = SelfHosted
[21:22:09] Override applied → 172.28.48.1:5055  AppID=CNRLan
[21:22:09] Disconnect() called
[21:22:09] SettingsMod: scene=MultiplayerSelect inGame=False
[21:22:09] OnLevelWasLoaded: scene=MultiplayerSelect level=5
[21:22:09] Entered connect scene — starting LAN connection
[21:22:09]   ServerAddress = 172.28.48.1
[21:22:09]   ServerPort = 5055
[21:22:09]   AppID = CNRLan
[21:22:09]   HostType = SelfHosted
[21:22:09] Override applied → 172.28.48.1:5055  AppID=CNRLan
[21:22:09] Disconnect() called
[21:22:09] CustomMaps Update: mCurWWSubScene=RoomChoice
[21:22:09] CustomMaps Update: mCurWWSubScene=RoomChoice
[21:22:09] Photon disconnected, swapping to TCP then reconnecting
[21:22:09] SwapToTcp: current peerBase is TPeer
[21:22:09] SwapToTcp: usedProtocol = Tcp
[21:22:09] SwapToTcp: Listener set via property setter = NetworkingPeer
[21:22:09] SwapToTcp: peerBase swapped to TPeer - client will connect via TCP
[21:22:09] requestSecurity = false → will use direct OpAuthenticate (no DH)
[21:22:09] About to call ConnectUsingSettings...
[21:22:09] ConnectUsingSettings() returned OK → connecting to 172.28.48.1:5055
[21:22:09] Monitoring connection state (30s timeout)...
[21:22:09] connState=1  detailState=2  (0.0s elapsed)  runInBg=True
[21:22:09] [heartbeat] connState=1  detailState=2  (0.0s elapsed)  runInBg=True  dt=0.0333
[21:22:09] connState=2  detailState=3  (0.3s elapsed)  runInBg=True
[21:22:09] connState=2  detailState=5  (0.4s elapsed)  runInBg=True
[21:22:09] connState=2  detailState=6  (0.5s elapsed)  runInBg=True
[21:22:09] Connected to lobby! detailState=6 after 0.5s
[21:22:11] SettingsMod: scene=MainMenu inGame=False
[21:22:11] OnLevelWasLoaded: scene=MainMenu level=0
[21:22:11] SettingsMod: scene=MainMenu inGame=False
[21:22:11] OnLevelWasLoaded: scene=MainMenu level=0
[21:22:17] Photon disconnected, swapping to TCP then reconnecting
[21:22:17] SwapToTcp: current peerBase is TPeer
[21:22:17] SwapToTcp: usedProtocol = Tcp
[21:22:17] SwapToTcp: Listener set via property setter = NetworkingPeer
[21:22:17] SwapToTcp: peerBase swapped to TPeer - client will connect via TCP
[21:22:17] requestSecurity = false → will use direct OpAuthenticate (no DH)
[21:22:17] About to call ConnectUsingSettings...
[21:22:17] ConnectUsingSettings() returned OK → connecting to 172.28.48.1:5055
[21:22:17] Monitoring connection state (30s timeout)...
[21:22:17] connState=1  detailState=2  (0.0s elapsed)  runInBg=True
[21:22:17] [heartbeat] connState=1  detailState=2  (0.0s elapsed)  runInBg=True  dt=0.0332
[21:22:17] connState=2  detailState=3  (0.1s elapsed)  runInBg=True
[21:22:17] connState=2  detailState=5  (0.1s elapsed)  runInBg=True
[21:22:17] connState=2  detailState=6  (0.2s elapsed)  runInBg=True
[21:22:17] Connected to lobby! detailState=6 after 0.2s
[21:23:17] SettingsMod: scene=SinglePlayerMode inGame=False
[21:23:17] OnLevelWasLoaded: scene=SinglePlayerMode level=30
[21:23:17] Scene 'SinglePlayerMode' is not a connect scene and not MainMenu — leaving connection untouched
[21:23:17] SettingsMod: scene=SinglePlayerMode inGame=False
[21:23:17] OnLevelWasLoaded: scene=SinglePlayerMode level=30
[21:23:17] Scene 'SinglePlayerMode' is not a connect scene and not MainMenu — leaving connection untouched
[21:23:24] SettingsMod: scene=SingleMode_1 inGame=True
[21:23:24] OnLevelWasLoaded: scene=SingleMode_1 level=26
[21:23:24] Scene 'SingleMode_1' is not a connect scene and not MainMenu — leaving connection untouched
[21:23:24] SettingsMod: scene=SingleMode_1 inGame=True
[21:23:24] OnLevelWasLoaded: scene=SingleMode_1 level=26
[21:23:24] Scene 'SingleMode_1' is not a connect scene and not MainMenu — leaving connection untouched
[21:23:24] SettingsMod: Sliderotate cached sens=3.24
[21:23:24] SettingsMod: Sliderotate cached sens=3.24
[21:23:29] SettingsMod: Restart button not found in Panel(Pause)
[21:23:29] SettingsMod: Restart button not found in Panel(Pause)
[21:23:31] SettingsMod: scene=MainMenu inGame=False
[21:23:31] OnLevelWasLoaded: scene=MainMenu level=0
[21:23:31] SettingsMod: scene=MainMenu inGame=False
[21:23:31] OnLevelWasLoaded: scene=MainMenu level=0
[21:23:31] SettingsMod: scene=LoadingToMenu inGame=False
[21:23:31] OnLevelWasLoaded: scene=LoadingToMenu level=13
[21:23:31] Scene 'LoadingToMenu' is not a connect scene and not MainMenu — leaving connection untouched
[21:23:31] SettingsMod: scene=LoadingToMenu inGame=False
[21:23:31] OnLevelWasLoaded: scene=LoadingToMenu level=13
[21:23:31] Scene 'LoadingToMenu' is not a connect scene and not MainMenu — leaving connection untouched
[21:23:33] SettingsMod: scene=MainMenu inGame=False
[21:23:33] OnLevelWasLoaded: scene=MainMenu level=0
[21:23:33] SettingsMod: scene=MainMenu inGame=False
[21:23:33] OnLevelWasLoaded: scene=MainMenu level=0
[21:26:14] === IPRedirectMod Load() ===
[21:26:14] Creating redirect MonoBehaviour for IP: 172.28.48.1
[21:26:14] CustomMaps mod initialized
[21:26:14] SettingsModEntry: initialized
[21:26:14] Start() — scene=MainMenu
[21:26:17] [Update tick 1] deltaTime=0.0332 unscaled=0.0332 realTime=3.0 timescale=1.00
[21:26:20] [Update tick 2] deltaTime=0.0332 unscaled=0.0332 realTime=6.0 timescale=1.00
[21:26:23] [Update tick 3] deltaTime=0.0332 unscaled=0.0332 realTime=9.1 timescale=1.00
[21:26:26] [Update tick 4] deltaTime=0.0332 unscaled=0.0332 realTime=12.1 timescale=1.00
[21:26:29] [Update tick 5] deltaTime=0.0333 unscaled=0.0333 realTime=15.1 timescale=1.00
[21:26:39] SettingsMod: scene=MultiplayerSelect inGame=False
[21:26:39] OnLevelWasLoaded: scene=MultiplayerSelect level=5
[21:26:39] Entered connect scene — starting LAN connection
[21:26:39]   ServerAddress = 172.28.48.1
[21:26:39]   ServerPort = 5055
[21:26:39]   AppID = CNRLan
[21:26:39]   HostType = SelfHosted
[21:26:39] Override applied → 172.28.48.1:5055  AppID=CNRLan
[21:26:39] Disconnect() called
[21:26:39] Photon disconnected, swapping to TCP then reconnecting
[21:26:39] SwapToTcp: current peerBase is EnetPeer
[21:26:39] SwapToTcp: usedProtocol = Tcp
[21:26:39] SwapToTcp: Listener set via property setter = NetworkingPeer
[21:26:39] SwapToTcp: peerBase swapped to TPeer - client will connect via TCP
[21:26:39] requestSecurity = false → will use direct OpAuthenticate (no DH)
[21:26:39] About to call ConnectUsingSettings...
[21:26:39] ConnectUsingSettings() returned OK → connecting to 172.28.48.1:5055
[21:26:39] Monitoring connection state (30s timeout)...
[21:26:39] connState=1  detailState=2  (0.0s elapsed)  runInBg=True
[21:26:39] [heartbeat] connState=1  detailState=2  (0.0s elapsed)  runInBg=True  dt=0.0332
[21:26:39] CustomMaps Update: mCurWWSubScene=RoomChoice
[21:26:39] connState=2  detailState=3  (0.0s elapsed)  runInBg=True
[21:26:39] connState=2  detailState=5  (0.4s elapsed)  runInBg=True
[21:26:39] connState=2  detailState=6  (0.5s elapsed)  runInBg=True
[21:26:39] Connected to lobby! detailState=6 after 0.5s
[21:26:42] CustomMaps Update: mCurWWSubScene=RoomCreate
[21:26:42] HookButtons: scanning 308 behaviours (incl. inactive)
[21:26:42]   MapSelectButtonEvent: WorldWideChoice on WorldWideButton
[21:26:42]   MapSelectButtonEvent: WorldWideBack on WorldWideBackButton
[21:26:42]   MapSelectButtonEvent: WWMaxNumSub on WWMaxNumSubButton
[21:26:42]   MapSelectButtonEvent: LocalBack on LocalBackButton
[21:26:42]   MapSelectButtonEvent: WWMaxNumAdd on WWMaxNumAddButton
[21:26:42]   MapSelectButtonEvent: LWFMapPre on LWFMapPreButton
[21:26:42]   MapSelectButtonEvent: WWCreate on WWRoomCreateButton
[21:26:42]   MapSelectButtonEvent: WWQuickStart on WWQuickStartButton
[21:26:42]   MapSelectButtonEvent: WWRoomCreateBack on WWRoomCreateBackButton
[21:26:42]   MapSelectButtonEvent: ChoiceBack on ChoiceBackButton
[21:26:42]   MapSelectButtonEvent: WWMapNext on WWMapNextButton
[21:26:42]   -> HOOKED as Next
[21:26:42]   MapSelectButtonEvent: WWMapPre on WWMapPreButton
[21:26:42]   -> HOOKED as Pre
[21:26:42]   MapSelectButtonEvent: LWFStart on LWFStartButton
[21:26:42]   MapSelectButtonEvent: LocalChoice on LocalButton
[21:26:42]   MapSelectButtonEvent: LWFMapNext on LWFMapNextButton
[21:26:42]   MapSelectButtonEvent: WWStart on WWRoomStartButton
[21:26:42] Button hook complete — hooked 2 button(s)
[21:26:44] === IPRedirectMod Load() ===
[21:26:44] Creating redirect MonoBehaviour for IP: 172.28.48.1
[21:26:44] CustomMaps mod initialized
[21:26:44] SettingsModEntry: initialized
[21:26:44] Start() — scene=MultiplayerSelect
[21:26:44] CustomMaps Update: mCurWWSubScene=RoomCreate
[21:26:44] HookButtons: scanning 312 behaviours (incl. inactive)
[21:26:44]   MapSelectButtonEvent: WorldWideChoice on WorldWideButton
[21:26:44]   MapSelectButtonEvent: WorldWideBack on WorldWideBackButton
[21:26:44]   MapSelectButtonEvent: WWMaxNumSub on WWMaxNumSubButton
[21:26:44]   MapSelectButtonEvent: LocalBack on LocalBackButton
[21:26:44]   MapSelectButtonEvent: WWMaxNumAdd on WWMaxNumAddButton
[21:26:44]   MapSelectButtonEvent: LWFMapPre on LWFMapPreButton
[21:26:44]   MapSelectButtonEvent: WWCreate on WWRoomCreateButton
[21:26:44]   MapSelectButtonEvent: WWQuickStart on WWQuickStartButton
[21:26:44]   MapSelectButtonEvent: WWRoomCreateBack on WWRoomCreateBackButton
[21:26:44]   MapSelectButtonEvent: ChoiceBack on ChoiceBackButton
[21:26:44]   MapSelectButtonEvent: Nil on WWMapNextButton
[21:26:44]   MapSelectButtonEvent: Nil on WWMapPreButton
[21:26:44]   MapSelectButtonEvent: LWFStart on LWFStartButton
[21:26:44]   MapSelectButtonEvent: LocalChoice on LocalButton
[21:26:44]   MapSelectButtonEvent: LWFMapNext on LWFMapNextButton
[21:26:44]   MapSelectButtonEvent: WWStart on WWRoomStartButton
[21:26:44] Button hook complete — hooked 0 button(s)
[21:26:44] OnJoinedRoom: mCurWWMapSelect=FreeRun3_1
[21:26:44] OnJoinedRoom: mCurWWMapSelect=FreeRun3_1
[21:26:45] SettingsMod: scene=FreeRun3_1 inGame=True
[21:26:45] OnLevelWasLoaded: scene=FreeRun3_1 level=1
[21:26:45] Scene 'FreeRun3_1' is not a connect scene and not MainMenu — leaving connection untouched
[21:26:45] SettingsMod: scene=FreeRun3_1 inGame=True
[21:26:45] OnLevelWasLoaded: scene=FreeRun3_1 level=1
[21:26:45] Scene 'FreeRun3_1' is not a connect scene and not MainMenu — leaving connection untouched
[21:26:45] SettingsMod: Sliderotate cached sens=3.24
[21:26:45] SettingsMod: Sliderotate cached sens=3.24
[21:26:45] HookButtons: scanning 741 behaviours (incl. inactive)
[21:26:45] Button hook complete — hooked 0 button(s)
[21:26:47] [Update tick 1] deltaTime=0.0332 unscaled=0.0332 realTime=33.2 timescale=1.00
[21:26:48] SettingsMod: found UIButtonEventKit buttonName=2 label='MainMenu' go=Image Button(MainMenu)
[21:26:48] SettingsMod: found UIButtonEventKit buttonName=12 label='New Game' go=Image Button(NewGame)
[21:26:48] SettingsMod: found UIButtonEventKit buttonName=3 label='Resume' go=Image Button(Resume)
[21:26:48] SettingsMod: patched button → Settings  go=Image Button(NewGame)
[21:26:48] SettingsMod: found UIButtonEventKit buttonName=2 label='MainMenu' go=Image Button(MainMenu)
[21:26:48] SettingsMod: found UIButtonEventKit buttonName=12 label='Settings' go=Image Button(NewGame)
[21:26:48] SettingsMod: found UIButtonEventKit buttonName=3 label='Resume' go=Image Button(Resume)
[21:26:48] SettingsMod: target button not found in Panel(Pause) — will retry next pause
[21:26:48] SettingsMod: found UIButtonEventKit buttonName=2 label='MainMenu' go=Image Button(MainMenu)
[21:26:48] SettingsMod: found UIButtonEventKit buttonName=12 label='Settings' go=Image Button(NewGame)
[21:26:48] SettingsMod: found UIButtonEventKit buttonName=3 label='Resume' go=Image Button(Resume)
[21:26:48] SettingsMod: target button not found in Panel(Pause) — will retry next pause
[21:26:50] [Update tick 2] deltaTime=0.0332 unscaled=0.0332 realTime=36.2 timescale=1.00
[21:26:53] [Update tick 3] deltaTime=0.0332 unscaled=0.0332 realTime=39.2 timescale=1.00
[21:26:56] [Update tick 4] deltaTime=0.0332 unscaled=0.0332 realTime=42.3 timescale=1.00
[21:26:59] [Update tick 5] deltaTime=0.0331 unscaled=0.0331 realTime=45.3 timescale=1.00
[21:27:54] SettingsMod: found UIButtonEventKit buttonName=2 label='MainMenu' go=Image Button(MainMenu)
[21:27:54] SettingsMod: found UIButtonEventKit buttonName=12 label='Settings' go=Image Button(NewGame)
[21:27:54] SettingsMod: found UIButtonEventKit buttonName=3 label='Resume' go=Image Button(Resume)
[21:27:54] SettingsMod: target button not found in Panel(Pause) — will retry next pause
[21:27:54] SettingsMod: found UIButtonEventKit buttonName=2 label='MainMenu' go=Image Button(MainMenu)
[21:27:54] SettingsMod: found UIButtonEventKit buttonName=12 label='Settings' go=Image Button(NewGame)
[21:27:54] SettingsMod: found UIButtonEventKit buttonName=3 label='Resume' go=Image Button(Resume)
[21:27:54] SettingsMod: target button not found in Panel(Pause) — will retry next pause
[21:27:54] SettingsMod: found UIButtonEventKit buttonName=2 label='MainMenu' go=Image Button(MainMenu)
[21:27:54] SettingsMod: found UIButtonEventKit buttonName=12 label='Settings' go=Image Button(NewGame)
[21:27:54] SettingsMod: found UIButtonEventKit buttonName=3 label='Resume' go=Image Button(Resume)
[21:27:54] SettingsMod: target button not found in Panel(Pause) — will retry next pause
[21:27:54] SettingsMod: found UIButtonEventKit buttonName=2 label='MainMenu' go=Image Button(MainMenu)
[21:27:54] SettingsMod: found UIButtonEventKit buttonName=12 label='Settings' go=Image Button(NewGame)
[21:27:54] SettingsMod: found UIButtonEventKit buttonName=3 label='Resume' go=Image Button(Resume)
[21:27:54] SettingsMod: target button not found in Panel(Pause) — will retry next pause
[21:34:00] OnApplicationPause: True
[21:34:00] OnApplicationPause: True
[21:56:01] OnDestroy — MonoBehaviour destroyed
[21:56:01] OnDestroy — MonoBehaviour destroyed
[21:56:06] === IPRedirectMod Load() ===
[21:56:06] Creating redirect MonoBehaviour for IP: 172.28.48.1
[21:56:06] CustomMaps mod initialized
[21:56:06] LoadExternalMods: loading CNRSettingsMod.dll
[21:56:06] Start() — scene=MainMenu
[21:56:08] OnLevelWasLoaded: scene=MultiplayerSelect level=5
[21:56:08] Entered connect scene — starting LAN connection
[21:56:08]   ServerAddress = 172.28.48.1
[21:56:08]   ServerPort = 5055
[21:56:08]   AppID = CNRLan
[21:56:08]   HostType = SelfHosted
[21:56:08] Override applied → 172.28.48.1:5055  AppID=CNRLan
[21:56:08] Disconnect() called
[21:56:08] Photon disconnected, swapping to TCP then reconnecting
[21:56:08] SwapToTcp: current peerBase is EnetPeer
[21:56:08] SwapToTcp: usedProtocol = Tcp
[21:56:08] SwapToTcp: Listener set via property setter = NetworkingPeer
[21:56:08] SwapToTcp: peerBase swapped to TPeer - client will connect via TCP
[21:56:08] requestSecurity = false → will use direct OpAuthenticate (no DH)
[21:56:08] About to call ConnectUsingSettings...
[21:56:08] ConnectUsingSettings() returned OK → connecting to 172.28.48.1:5055
[21:56:08] Monitoring connection state (30s timeout)...
[21:56:08] connState=1  detailState=2  (0.0s elapsed)  runInBg=True
[21:56:08] [heartbeat] connState=1  detailState=2  (0.0s elapsed)  runInBg=True  dt=0.0332
[21:56:08] CustomMaps Update: mCurWWSubScene=RoomChoice
[21:56:08] connState=2  detailState=3  (0.0s elapsed)  runInBg=True
[21:56:08] connState=2  detailState=5  (0.4s elapsed)  runInBg=True
[21:56:08] connState=2  detailState=6  (0.5s elapsed)  runInBg=True
[21:56:08] Connected to lobby! detailState=6 after 0.5s
[21:56:09] [Update tick 1] deltaTime=0.0363 unscaled=0.0363 realTime=3.1 timescale=1.00
[21:56:11] CustomMaps Update: mCurWWSubScene=RoomCreate
[21:56:11] HookButtons: scanning 308 behaviours (incl. inactive)
[21:56:11]   MapSelectButtonEvent: WorldWideChoice on WorldWideButton
[21:56:11]   MapSelectButtonEvent: WorldWideBack on WorldWideBackButton
[21:56:11]   MapSelectButtonEvent: WWMaxNumSub on WWMaxNumSubButton
[21:56:11]   MapSelectButtonEvent: LocalBack on LocalBackButton
[21:56:11]   MapSelectButtonEvent: WWMaxNumAdd on WWMaxNumAddButton
[21:56:11]   MapSelectButtonEvent: LWFMapPre on LWFMapPreButton
[21:56:11]   MapSelectButtonEvent: WWCreate on WWRoomCreateButton
[21:56:11]   MapSelectButtonEvent: WWQuickStart on WWQuickStartButton
[21:56:11]   MapSelectButtonEvent: WWRoomCreateBack on WWRoomCreateBackButton
[21:56:11]   MapSelectButtonEvent: ChoiceBack on ChoiceBackButton
[21:56:11]   MapSelectButtonEvent: WWMapNext on WWMapNextButton
[21:56:11]   -> HOOKED as Next
[21:56:11]   MapSelectButtonEvent: WWMapPre on WWMapPreButton
[21:56:11]   -> HOOKED as Pre
[21:56:11]   MapSelectButtonEvent: LWFStart on LWFStartButton
[21:56:11]   MapSelectButtonEvent: LocalChoice on LocalButton
[21:56:11]   MapSelectButtonEvent: LWFMapNext on LWFMapNextButton
[21:56:11]   MapSelectButtonEvent: WWStart on WWRoomStartButton
[21:56:11] Button hook complete — hooked 2 button(s)
[21:56:12] === IPRedirectMod Load() ===
[21:56:12] Creating redirect MonoBehaviour for IP: 172.28.48.1
[21:56:12] CustomMaps mod initialized
[21:56:12] LoadExternalMods: loading CNRSettingsMod.dll
[21:56:12] Start() — scene=MultiplayerSelect
[21:56:12] CustomMaps Update: mCurWWSubScene=RoomCreate
[21:56:12] [Update tick 2] deltaTime=0.0332 unscaled=0.0332 realTime=6.1 timescale=1.00
[21:56:12] HookButtons: scanning 312 behaviours (incl. inactive)
[21:56:12]   MapSelectButtonEvent: WorldWideChoice on WorldWideButton
[21:56:12]   MapSelectButtonEvent: WorldWideBack on WorldWideBackButton
[21:56:12]   MapSelectButtonEvent: WWMaxNumSub on WWMaxNumSubButton
[21:56:12]   MapSelectButtonEvent: LocalBack on LocalBackButton
[21:56:12]   MapSelectButtonEvent: WWMaxNumAdd on WWMaxNumAddButton
[21:56:12]   MapSelectButtonEvent: LWFMapPre on LWFMapPreButton
[21:56:12]   MapSelectButtonEvent: WWCreate on WWRoomCreateButton
[21:56:12]   MapSelectButtonEvent: WWQuickStart on WWQuickStartButton
[21:56:12]   MapSelectButtonEvent: WWRoomCreateBack on WWRoomCreateBackButton
[21:56:12]   MapSelectButtonEvent: ChoiceBack on ChoiceBackButton
[21:56:12]   MapSelectButtonEvent: Nil on WWMapNextButton
[21:56:12]   MapSelectButtonEvent: Nil on WWMapPreButton
[21:56:12]   MapSelectButtonEvent: LWFStart on LWFStartButton
[21:56:12]   MapSelectButtonEvent: LocalChoice on LocalButton
[21:56:12]   MapSelectButtonEvent: LWFMapNext on LWFMapNextButton
[21:56:12]   MapSelectButtonEvent: WWStart on WWRoomStartButton
[21:56:12] Button hook complete — hooked 0 button(s)
[21:56:12] OnJoinedRoom: mCurWWMapSelect=FreeRun3_1
[21:56:12] OnJoinedRoom: mCurWWMapSelect=FreeRun3_1
[21:56:13] OnLevelWasLoaded: scene=FreeRun3_1 level=1
[21:56:13] Scene 'FreeRun3_1' is not a connect scene and not MainMenu — leaving connection untouched
[21:56:13] OnLevelWasLoaded: scene=FreeRun3_1 level=1
[21:56:13] Scene 'FreeRun3_1' is not a connect scene and not MainMenu — leaving connection untouched
[21:56:13] HookButtons: scanning 741 behaviours (incl. inactive)
[21:56:13] Button hook complete — hooked 0 button(s)
[21:56:15] [Update tick 1] deltaTime=0.0332 unscaled=0.0332 realTime=9.0 timescale=1.00
[21:56:15] [Update tick 3] deltaTime=0.0332 unscaled=0.0332 realTime=9.1 timescale=1.00
[21:56:18] [Update tick 2] deltaTime=0.0332 unscaled=0.0332 realTime=12.0 timescale=1.00
[21:56:18] [Update tick 4] deltaTime=0.0332 unscaled=0.0332 realTime=12.1 timescale=1.00
[21:56:21] [Update tick 3] deltaTime=0.0332 unscaled=0.0332 realTime=15.0 timescale=1.00
[21:56:21] [Update tick 5] deltaTime=0.0331 unscaled=0.0331 realTime=15.2 timescale=1.00
[21:56:24] [Update tick 4] deltaTime=0.0333 unscaled=0.0333 realTime=18.1 timescale=1.00
[21:56:27] [Update tick 5] deltaTime=0.0332 unscaled=0.0332 realTime=21.1 timescale=1.00
[21:56:32] OnLevelWasLoaded: scene=LoadingToMenu level=13
[21:56:32] Scene 'LoadingToMenu' is not a connect scene and not MainMenu — leaving connection untouched
[21:56:32] OnLevelWasLoaded: scene=LoadingToMenu level=13
[21:56:32] Scene 'LoadingToMenu' is not a connect scene and not MainMenu — leaving connection untouched
[21:56:34] OnLevelWasLoaded: scene=MainMenu level=0
[21:56:34] OnLevelWasLoaded: scene=MainMenu level=0
[21:57:13] OnLevelWasLoaded: scene=MultiplayerSelect level=5
[21:57:13] Entered connect scene — starting LAN connection
[21:57:13]   ServerAddress = 172.28.48.1
[21:57:13]   ServerPort = 5055
[21:57:13]   AppID = CNRLan
[21:57:13]   HostType = SelfHosted
[21:57:13] Override applied → 172.28.48.1:5055  AppID=CNRLan
[21:57:13] Disconnect() called
[21:57:13] Photon disconnected, swapping to TCP then reconnecting
[21:57:13] SwapToTcp: current peerBase is TPeer
[21:57:13] SwapToTcp: usedProtocol = Tcp
[21:57:13] SwapToTcp: Listener set via property setter = NetworkingPeer
[21:57:13] SwapToTcp: peerBase swapped to TPeer - client will connect via TCP
[21:57:13] requestSecurity = false → will use direct OpAuthenticate (no DH)
[21:57:13] About to call ConnectUsingSettings...
[21:57:13] ConnectUsingSettings() returned OK → connecting to 172.28.48.1:5055
[21:57:13] Monitoring connection state (30s timeout)...
[21:57:13] connState=1  detailState=2  (0.0s elapsed)  runInBg=True
[21:57:13] [heartbeat] connState=1  detailState=2  (0.0s elapsed)  runInBg=True  dt=0.0332
[21:57:13] OnLevelWasLoaded: scene=MultiplayerSelect level=5
[21:57:13] Entered connect scene — starting LAN connection
[21:57:13]   ServerAddress = 172.28.48.1
[21:57:13]   ServerPort = 5055
[21:57:13]   AppID = CNRLan
[21:57:13]   HostType = SelfHosted
[21:57:13] Override applied → 172.28.48.1:5055  AppID=CNRLan
[21:57:13] Disconnect() called
[21:57:14] CustomMaps Update: mCurWWSubScene=RoomChoice
[21:57:14] CustomMaps Update: mCurWWSubScene=RoomChoice
[21:57:14] connState=0  detailState=1  (0.0s elapsed)  runInBg=True
[21:57:14] Connection FAILED — Disconnected after 0.0s
[21:57:14] OVERLAY: LAN server unreachable. | 172.28.48.1:5055 | Check server is running.
[21:57:14] Photon disconnected, swapping to TCP then reconnecting
[21:57:14] SwapToTcp: current peerBase is TPeer
[21:57:14] SwapToTcp: usedProtocol = Tcp
[21:57:14] SwapToTcp: Listener set via property setter = NetworkingPeer
[21:57:14] SwapToTcp: peerBase swapped to TPeer - client will connect via TCP
[21:57:14] requestSecurity = false → will use direct OpAuthenticate (no DH)
[21:57:14] About to call ConnectUsingSettings...
[21:57:14] ConnectUsingSettings() returned OK → connecting to 172.28.48.1:5055
[21:57:14] Monitoring connection state (30s timeout)...
[21:57:14] connState=1  detailState=2  (0.0s elapsed)  runInBg=True
[21:57:14] [heartbeat] connState=1  detailState=2  (0.0s elapsed)  runInBg=True  dt=0.0332
[21:57:14] connState=2  detailState=3  (0.3s elapsed)  runInBg=True
[21:57:14] connState=2  detailState=5  (0.4s elapsed)  runInBg=True
[21:57:14] connState=2  detailState=6  (0.5s elapsed)  runInBg=True
[21:57:14] Connected to lobby! detailState=6 after 0.5s
[21:57:21] CustomMaps Update: mCurWWSubScene=RoomCreate
[21:57:21] CustomMaps Update: mCurWWSubScene=RoomCreate
[21:57:22] HookButtons: scanning 312 behaviours (incl. inactive)
[21:57:22]   MapSelectButtonEvent: WorldWideChoice on WorldWideButton
[21:57:22]   MapSelectButtonEvent: WorldWideBack on WorldWideBackButton
[21:57:22]   MapSelectButtonEvent: WWMaxNumSub on WWMaxNumSubButton
[21:57:22]   MapSelectButtonEvent: LocalBack on LocalBackButton
[21:57:22]   MapSelectButtonEvent: WWMaxNumAdd on WWMaxNumAddButton
[21:57:22]   MapSelectButtonEvent: LWFMapPre on LWFMapPreButton
[21:57:22]   MapSelectButtonEvent: WWCreate on WWRoomCreateButton
[21:57:22]   MapSelectButtonEvent: WWQuickStart on WWQuickStartButton
[21:57:22]   MapSelectButtonEvent: WWRoomCreateBack on WWRoomCreateBackButton
[21:57:22]   MapSelectButtonEvent: ChoiceBack on ChoiceBackButton
[21:57:22]   MapSelectButtonEvent: WWMapNext on WWMapNextButton
[21:57:22]   -> HOOKED as Next
[21:57:22]   MapSelectButtonEvent: WWMapPre on WWMapPreButton
[21:57:22]   -> HOOKED as Pre
[21:57:22]   MapSelectButtonEvent: LWFStart on LWFStartButton
[21:57:22]   MapSelectButtonEvent: LocalChoice on LocalButton
[21:57:22]   MapSelectButtonEvent: LWFMapNext on LWFMapNextButton
[21:57:22]   MapSelectButtonEvent: WWStart on WWRoomStartButton
[21:57:22] Button hook complete — hooked 2 button(s)
[21:57:22] HookButtons: scanning 314 behaviours (incl. inactive)
[21:57:22]   MapSelectButtonEvent: WorldWideChoice on WorldWideButton
[21:57:22]   MapSelectButtonEvent: WorldWideBack on WorldWideBackButton
[21:57:22]   MapSelectButtonEvent: WWMaxNumSub on WWMaxNumSubButton
[21:57:22]   MapSelectButtonEvent: LocalBack on LocalBackButton
[21:57:22]   MapSelectButtonEvent: WWMaxNumAdd on WWMaxNumAddButton
[21:57:22]   MapSelectButtonEvent: LWFMapPre on LWFMapPreButton
[21:57:22]   MapSelectButtonEvent: WWCreate on WWRoomCreateButton
[21:57:22]   MapSelectButtonEvent: WWQuickStart on WWQuickStartButton
[21:57:22]   MapSelectButtonEvent: WWRoomCreateBack on WWRoomCreateBackButton
[21:57:22]   MapSelectButtonEvent: ChoiceBack on ChoiceBackButton
[21:57:22]   MapSelectButtonEvent: Nil on WWMapNextButton
[21:57:22]   MapSelectButtonEvent: Nil on WWMapPreButton
[21:57:22]   MapSelectButtonEvent: LWFStart on LWFStartButton
[21:57:22]   MapSelectButtonEvent: LocalChoice on LocalButton
[21:57:22]   MapSelectButtonEvent: LWFMapNext on LWFMapNextButton
[21:57:22]   MapSelectButtonEvent: WWStart on WWRoomStartButton
[21:57:22] Button hook complete — hooked 0 button(s)
[21:57:22] HookButtons: scanning 314 behaviours (incl. inactive)
[21:57:22]   MapSelectButtonEvent: WorldWideChoice on WorldWideButton
[21:57:22]   MapSelectButtonEvent: WorldWideBack on WorldWideBackButton
[21:57:22]   MapSelectButtonEvent: WWMaxNumSub on WWMaxNumSubButton
[21:57:22]   MapSelectButtonEvent: LocalBack on LocalBackButton
[21:57:22]   MapSelectButtonEvent: WWMaxNumAdd on WWMaxNumAddButton
[21:57:22]   MapSelectButtonEvent: LWFMapPre on LWFMapPreButton
[21:57:22]   MapSelectButtonEvent: WWCreate on WWRoomCreateButton
[21:57:22]   MapSelectButtonEvent: WWQuickStart on WWQuickStartButton
[21:57:22]   MapSelectButtonEvent: WWRoomCreateBack on WWRoomCreateBackButton
[21:57:22]   MapSelectButtonEvent: ChoiceBack on ChoiceBackButton
[21:57:22]   MapSelectButtonEvent: Nil on WWMapNextButton
[21:57:22]   MapSelectButtonEvent: Nil on WWMapPreButton
[21:57:22]   MapSelectButtonEvent: LWFStart on LWFStartButton
[21:57:22]   MapSelectButtonEvent: LocalChoice on LocalButton
[21:57:22]   MapSelectButtonEvent: LWFMapNext on LWFMapNextButton
[21:57:22]   MapSelectButtonEvent: WWStart on WWRoomStartButton
[21:57:22] Button hook complete — hooked 0 button(s)
[21:57:22] HookButtons: scanning 314 behaviours (incl. inactive)
[21:57:22]   MapSelectButtonEvent: WorldWideChoice on WorldWideButton
[21:57:22]   MapSelectButtonEvent: WorldWideBack on WorldWideBackButton
[21:57:22]   MapSelectButtonEvent: WWMaxNumSub on WWMaxNumSubButton
[21:57:22]   MapSelectButtonEvent: LocalBack on LocalBackButton
[21:57:22]   MapSelectButtonEvent: WWMaxNumAdd on WWMaxNumAddButton
[21:57:22]   MapSelectButtonEvent: LWFMapPre on LWFMapPreButton
[21:57:22]   MapSelectButtonEvent: WWCreate on WWRoomCreateButton
[21:57:22]   MapSelectButtonEvent: WWQuickStart on WWQuickStartButton
[21:57:22]   MapSelectButtonEvent: WWRoomCreateBack on WWRoomCreateBackButton
[21:57:22]   MapSelectButtonEvent: ChoiceBack on ChoiceBackButton
[21:57:22]   MapSelectButtonEvent: Nil on WWMapNextButton
[21:57:22]   MapSelectButtonEvent: Nil on WWMapPreButton
[21:57:22]   MapSelectButtonEvent: LWFStart on LWFStartButton
[21:57:22]   MapSelectButtonEvent: LocalChoice on LocalButton
[21:57:22]   MapSelectButtonEvent: LWFMapNext on LWFMapNextButton
[21:57:22]   MapSelectButtonEvent: WWStart on WWRoomStartButton
[21:57:22] Button hook complete — hooked 0 button(s)
[21:57:22] HookButtons: scanning 314 behaviours (incl. inactive)
[21:57:22]   MapSelectButtonEvent: WorldWideChoice on WorldWideButton
[21:57:22]   MapSelectButtonEvent: WorldWideBack on WorldWideBackButton
[21:57:22]   MapSelectButtonEvent: WWMaxNumSub on WWMaxNumSubButton
[21:57:22]   MapSelectButtonEvent: LocalBack on LocalBackButton
[21:57:22]   MapSelectButtonEvent: WWMaxNumAdd on WWMaxNumAddButton
[21:57:22]   MapSelectButtonEvent: LWFMapPre on LWFMapPreButton
[21:57:22]   MapSelectButtonEvent: WWCreate on WWRoomCreateButton
[21:57:22]   MapSelectButtonEvent: WWQuickStart on WWQuickStartButton
[21:57:22]   MapSelectButtonEvent: WWRoomCreateBack on WWRoomCreateBackButton
[21:57:22]   MapSelectButtonEvent: ChoiceBack on ChoiceBackButton
[21:57:22]   MapSelectButtonEvent: Nil on WWMapNextButton
[21:57:22]   MapSelectButtonEvent: Nil on WWMapPreButton
[21:57:22]   MapSelectButtonEvent: LWFStart on LWFStartButton
[21:57:22]   MapSelectButtonEvent: LocalChoice on LocalButton
[21:57:22]   MapSelectButtonEvent: LWFMapNext on LWFMapNextButton
[21:57:22]   MapSelectButtonEvent: WWStart on WWRoomStartButton
[21:57:22] Button hook complete — hooked 0 button(s)
[21:57:22] HookButtons: scanning 314 behaviours (incl. inactive)
[21:57:22]   MapSelectButtonEvent: WorldWideChoice on WorldWideButton
[21:57:22]   MapSelectButtonEvent: WorldWideBack on WorldWideBackButton
[21:57:22]   MapSelectButtonEvent: WWMaxNumSub on WWMaxNumSubButton
[21:57:22]   MapSelectButtonEvent: LocalBack on LocalBackButton
[21:57:22]   MapSelectButtonEvent: WWMaxNumAdd on WWMaxNumAddButton
[21:57:22]   MapSelectButtonEvent: LWFMapPre on LWFMapPreButton
[21:57:22]   MapSelectButtonEvent: WWCreate on WWRoomCreateButton
[21:57:22]   MapSelectButtonEvent: WWQuickStart on WWQuickStartButton
[21:57:22]   MapSelectButtonEvent: WWRoomCreateBack on WWRoomCreateBackButton
[21:57:22]   MapSelectButtonEvent: ChoiceBack on ChoiceBackButton
[21:57:22]   MapSelectButtonEvent: Nil on WWMapNextButton
[21:57:22]   MapSelectButtonEvent: Nil on WWMapPreButton
[21:57:22]   MapSelectButtonEvent: LWFStart on LWFStartButton
[21:57:22]   MapSelectButtonEvent: LocalChoice on LocalButton
[21:57:22]   MapSelectButtonEvent: LWFMapNext on LWFMapNextButton
[21:57:22]   MapSelectButtonEvent: WWStart on WWRoomStartButton
[21:57:22] Button hook complete — hooked 0 button(s)
[21:57:22] HookButtons: scanning 314 behaviours (incl. inactive)
[21:57:22]   MapSelectButtonEvent: WorldWideChoice on WorldWideButton
[21:57:22]   MapSelectButtonEvent: WorldWideBack on WorldWideBackButton
[21:57:22]   MapSelectButtonEvent: WWMaxNumSub on WWMaxNumSubButton
[21:57:22]   MapSelectButtonEvent: LocalBack on LocalBackButton
[21:57:22]   MapSelectButtonEvent: WWMaxNumAdd on WWMaxNumAddButton
[21:57:22]   MapSelectButtonEvent: LWFMapPre on LWFMapPreButton
[21:57:22]   MapSelectButtonEvent: WWCreate on WWRoomCreateButton
[21:57:22]   MapSelectButtonEvent: WWQuickStart on WWQuickStartButton
[21:57:22]   MapSelectButtonEvent: WWRoomCreateBack on WWRoomCreateBackButton
[21:57:22]   MapSelectButtonEvent: ChoiceBack on ChoiceBackButton
[21:57:22]   MapSelectButtonEvent: Nil on WWMapNextButton
[21:57:22]   MapSelectButtonEvent: Nil on WWMapPreButton
[21:57:22]   MapSelectButtonEvent: LWFStart on LWFStartButton
[21:57:22]   MapSelectButtonEvent: LocalChoice on LocalButton
[21:57:22]   MapSelectButtonEvent: LWFMapNext on LWFMapNextButton
[21:57:22]   MapSelectButtonEvent: WWStart on WWRoomStartButton
[21:57:22] Button hook complete — hooked 0 button(s)
[21:57:23] HookButtons: scanning 313 behaviours (incl. inactive)
[21:57:23]   MapSelectButtonEvent: WorldWideChoice on WorldWideButton
[21:57:23]   MapSelectButtonEvent: WorldWideBack on WorldWideBackButton
[21:57:23]   MapSelectButtonEvent: WWMaxNumSub on WWMaxNumSubButton
[21:57:23]   MapSelectButtonEvent: LocalBack on LocalBackButton
[21:57:23]   MapSelectButtonEvent: WWMaxNumAdd on WWMaxNumAddButton
[21:57:23]   MapSelectButtonEvent: LWFMapPre on LWFMapPreButton
[21:57:23]   MapSelectButtonEvent: WWCreate on WWRoomCreateButton
[21:57:23]   MapSelectButtonEvent: WWQuickStart on WWQuickStartButton
[21:57:23]   MapSelectButtonEvent: WWRoomCreateBack on WWRoomCreateBackButton
[21:57:23]   MapSelectButtonEvent: ChoiceBack on ChoiceBackButton
[21:57:23]   MapSelectButtonEvent: Nil on WWMapNextButton
[21:57:23]   MapSelectButtonEvent: Nil on WWMapPreButton
[21:57:23]   MapSelectButtonEvent: LWFStart on LWFStartButton
[21:57:23]   MapSelectButtonEvent: LocalChoice on LocalButton
[21:57:23]   MapSelectButtonEvent: LWFMapNext on LWFMapNextButton
[21:57:23]   MapSelectButtonEvent: WWStart on WWRoomStartButton
[21:57:23] Button hook complete — hooked 0 button(s)
[21:57:23] HookButtons: scanning 313 behaviours (incl. inactive)
[21:57:23]   MapSelectButtonEvent: WorldWideChoice on WorldWideButton
[21:57:23]   MapSelectButtonEvent: WorldWideBack on WorldWideBackButton
[21:57:23]   MapSelectButtonEvent: WWMaxNumSub on WWMaxNumSubButton
[21:57:23]   MapSelectButtonEvent: LocalBack on LocalBackButton
[21:57:23]   MapSelectButtonEvent: WWMaxNumAdd on WWMaxNumAddButton
[21:57:23]   MapSelectButtonEvent: LWFMapPre on LWFMapPreButton
[21:57:23]   MapSelectButtonEvent: WWCreate on WWRoomCreateButton
[21:57:23]   MapSelectButtonEvent: WWQuickStart on WWQuickStartButton
[21:57:23]   MapSelectButtonEvent: WWRoomCreateBack on WWRoomCreateBackButton
[21:57:23]   MapSelectButtonEvent: ChoiceBack on ChoiceBackButton
[21:57:23]   MapSelectButtonEvent: Nil on WWMapNextButton
[21:57:23]   MapSelectButtonEvent: Nil on WWMapPreButton
[21:57:23]   MapSelectButtonEvent: LWFStart on LWFStartButton
[21:57:23]   MapSelectButtonEvent: LocalChoice on LocalButton
[21:57:23]   MapSelectButtonEvent: LWFMapNext on LWFMapNextButton
[21:57:23]   MapSelectButtonEvent: WWStart on WWRoomStartButton
[21:57:23] Button hook complete — hooked 0 button(s)
[21:57:23] OnJoinedRoom: mCurWWMapSelect=FreeRun3_1
[21:57:23] OnJoinedRoom: mCurWWMapSelect=FreeRun3_1
[21:57:23] OnLevelWasLoaded: scene=FreeRun3_1 level=1
[21:57:23] Scene 'FreeRun3_1' is not a connect scene and not MainMenu — leaving connection untouched
[21:57:23] OnLevelWasLoaded: scene=FreeRun3_1 level=1
[21:57:23] Scene 'FreeRun3_1' is not a connect scene and not MainMenu — leaving connection untouched
[21:57:23] HookButtons: scanning 741 behaviours (incl. inactive)
[21:57:23] Button hook complete — hooked 0 button(s)
[21:57:28] OnLevelWasLoaded: scene=LoadingToMenu level=13
[21:57:28] Scene 'LoadingToMenu' is not a connect scene and not MainMenu — leaving connection untouched
[21:57:28] OnLevelWasLoaded: scene=LoadingToMenu level=13
[21:57:28] Scene 'LoadingToMenu' is not a connect scene and not MainMenu — leaving connection untouched
[21:57:31] OnLevelWasLoaded: scene=MainMenu level=0
[21:57:31] OnLevelWasLoaded: scene=MainMenu level=0
[21:57:36] OnLevelWasLoaded: scene=MultiplayerSelect level=5
[21:57:36] Entered connect scene — starting LAN connection
[21:57:36]   ServerAddress = 172.28.48.1
[21:57:36]   ServerPort = 5055
[21:57:36]   AppID = CNRLan
[21:57:36]   HostType = SelfHosted
[21:57:36] Override applied → 172.28.48.1:5055  AppID=CNRLan
[21:57:36] Disconnect() called
[21:57:36] Photon disconnected, swapping to TCP then reconnecting
[21:57:36] SwapToTcp: current peerBase is TPeer
[21:57:36] SwapToTcp: usedProtocol = Tcp
[21:57:36] SwapToTcp: Listener set via property setter = NetworkingPeer
[21:57:36] SwapToTcp: peerBase swapped to TPeer - client will connect via TCP
[21:57:36] requestSecurity = false → will use direct OpAuthenticate (no DH)
[21:57:36] About to call ConnectUsingSettings...
[21:57:36] ConnectUsingSettings() returned OK → connecting to 172.28.48.1:5055
[21:57:36] Monitoring connection state (30s timeout)...
[21:57:36] connState=1  detailState=2  (0.0s elapsed)  runInBg=True
[21:57:36] [heartbeat] connState=1  detailState=2  (0.0s elapsed)  runInBg=True  dt=0.0332
[21:57:36] OnLevelWasLoaded: scene=MultiplayerSelect level=5
[21:57:36] Entered connect scene — starting LAN connection
[21:57:36]   ServerAddress = 172.28.48.1
[21:57:36]   ServerPort = 5055
[21:57:36]   AppID = CNRLan
[21:57:36]   HostType = SelfHosted
[21:57:36] Override applied → 172.28.48.1:5055  AppID=CNRLan
[21:57:36] Disconnect() called
[21:57:36] CustomMaps Update: mCurWWSubScene=RoomChoice
[21:57:36] CustomMaps Update: mCurWWSubScene=RoomChoice
[21:57:36] connState=0  detailState=1  (0.0s elapsed)  runInBg=True
[21:57:36] Connection FAILED — Disconnected after 0.0s
[21:57:36] OVERLAY: LAN server unreachable. | 172.28.48.1:5055 | Check server is running.
[21:57:36] Photon disconnected, swapping to TCP then reconnecting
[21:57:36] SwapToTcp: current peerBase is TPeer
[21:57:36] SwapToTcp: usedProtocol = Tcp
[21:57:36] SwapToTcp: Listener set via property setter = NetworkingPeer
[21:57:36] SwapToTcp: peerBase swapped to TPeer - client will connect via TCP
[21:57:36] requestSecurity = false → will use direct OpAuthenticate (no DH)
[21:57:36] About to call ConnectUsingSettings...
[21:57:36] ConnectUsingSettings() returned OK → connecting to 172.28.48.1:5055
[21:57:36] Monitoring connection state (30s timeout)...
[21:57:36] connState=1  detailState=2  (0.0s elapsed)  runInBg=True
[21:57:36] [heartbeat] connState=1  detailState=2  (0.0s elapsed)  runInBg=True  dt=0.0332
[21:57:36] connState=2  detailState=3  (0.1s elapsed)  runInBg=True
[21:57:36] connState=2  detailState=5  (0.4s elapsed)  runInBg=True
[21:57:36] connState=2  detailState=6  (0.4s elapsed)  runInBg=True
[21:57:36] Connected to lobby! detailState=6 after 0.4s
[21:57:38] CustomMaps Update: mCurWWSubScene=RoomCreate
[21:57:38] CustomMaps Update: mCurWWSubScene=RoomCreate
[21:57:38] HookButtons: scanning 312 behaviours (incl. inactive)
[21:57:38]   MapSelectButtonEvent: WorldWideChoice on WorldWideButton
[21:57:38]   MapSelectButtonEvent: WorldWideBack on WorldWideBackButton
[21:57:38]   MapSelectButtonEvent: WWMaxNumSub on WWMaxNumSubButton
[21:57:38]   MapSelectButtonEvent: LocalBack on LocalBackButton
[21:57:38]   MapSelectButtonEvent: WWMaxNumAdd on WWMaxNumAddButton
[21:57:38]   MapSelectButtonEvent: LWFMapPre on LWFMapPreButton
[21:57:38]   MapSelectButtonEvent: WWCreate on WWRoomCreateButton
[21:57:38]   MapSelectButtonEvent: WWQuickStart on WWQuickStartButton
[21:57:38]   MapSelectButtonEvent: WWRoomCreateBack on WWRoomCreateBackButton
[21:57:38]   MapSelectButtonEvent: ChoiceBack on ChoiceBackButton
[21:57:38]   MapSelectButtonEvent: WWMapNext on WWMapNextButton
[21:57:38]   -> HOOKED as Next
[21:57:38]   MapSelectButtonEvent: WWMapPre on WWMapPreButton
[21:57:38]   -> HOOKED as Pre
[21:57:38]   MapSelectButtonEvent: LWFStart on LWFStartButton
[21:57:38]   MapSelectButtonEvent: LocalChoice on LocalButton
[21:57:38]   MapSelectButtonEvent: LWFMapNext on LWFMapNextButton
[21:57:38]   MapSelectButtonEvent: WWStart on WWRoomStartButton
[21:57:38] Button hook complete — hooked 2 button(s)
[21:57:38] HookButtons: scanning 314 behaviours (incl. inactive)
[21:57:38]   MapSelectButtonEvent: WorldWideChoice on WorldWideButton
[21:57:38]   MapSelectButtonEvent: WorldWideBack on WorldWideBackButton
[21:57:38]   MapSelectButtonEvent: WWMaxNumSub on WWMaxNumSubButton
[21:57:38]   MapSelectButtonEvent: LocalBack on LocalBackButton
[21:57:38]   MapSelectButtonEvent: WWMaxNumAdd on WWMaxNumAddButton
[21:57:38]   MapSelectButtonEvent: LWFMapPre on LWFMapPreButton
[21:57:38]   MapSelectButtonEvent: WWCreate on WWRoomCreateButton
[21:57:38]   MapSelectButtonEvent: WWQuickStart on WWQuickStartButton
[21:57:38]   MapSelectButtonEvent: WWRoomCreateBack on WWRoomCreateBackButton
[21:57:38]   MapSelectButtonEvent: ChoiceBack on ChoiceBackButton
[21:57:38]   MapSelectButtonEvent: Nil on WWMapNextButton
[21:57:38]   MapSelectButtonEvent: Nil on WWMapPreButton
[21:57:38]   MapSelectButtonEvent: LWFStart on LWFStartButton
[21:57:38]   MapSelectButtonEvent: LocalChoice on LocalButton
[21:57:38]   MapSelectButtonEvent: LWFMapNext on LWFMapNextButton
[21:57:38]   MapSelectButtonEvent: WWStart on WWRoomStartButton
[21:57:38] Button hook complete — hooked 0 button(s)
[21:57:38] HookButtons: scanning 314 behaviours (incl. inactive)
[21:57:38]   MapSelectButtonEvent: WorldWideChoice on WorldWideButton
[21:57:38]   MapSelectButtonEvent: WorldWideBack on WorldWideBackButton
[21:57:38]   MapSelectButtonEvent: WWMaxNumSub on WWMaxNumSubButton
[21:57:38]   MapSelectButtonEvent: LocalBack on LocalBackButton
[21:57:38]   MapSelectButtonEvent: WWMaxNumAdd on WWMaxNumAddButton
[21:57:38]   MapSelectButtonEvent: LWFMapPre on LWFMapPreButton
[21:57:38]   MapSelectButtonEvent: WWCreate on WWRoomCreateButton
[21:57:38]   MapSelectButtonEvent: WWQuickStart on WWQuickStartButton
[21:57:38]   MapSelectButtonEvent: WWRoomCreateBack on WWRoomCreateBackButton
[21:57:38]   MapSelectButtonEvent: ChoiceBack on ChoiceBackButton
[21:57:38]   MapSelectButtonEvent: Nil on WWMapNextButton
[21:57:38]   MapSelectButtonEvent: Nil on WWMapPreButton
[21:57:38]   MapSelectButtonEvent: LWFStart on LWFStartButton
[21:57:38]   MapSelectButtonEvent: LocalChoice on LocalButton
[21:57:38]   MapSelectButtonEvent: LWFMapNext on LWFMapNextButton
[21:57:38]   MapSelectButtonEvent: WWStart on WWRoomStartButton
[21:57:38] Button hook complete — hooked 0 button(s)
[21:57:38] HookButtons: scanning 314 behaviours (incl. inactive)
[21:57:38]   MapSelectButtonEvent: WorldWideChoice on WorldWideButton
[21:57:38]   MapSelectButtonEvent: WorldWideBack on WorldWideBackButton
[21:57:38]   MapSelectButtonEvent: WWMaxNumSub on WWMaxNumSubButton
[21:57:38]   MapSelectButtonEvent: LocalBack on LocalBackButton
[21:57:38]   MapSelectButtonEvent: WWMaxNumAdd on WWMaxNumAddButton
[21:57:38]   MapSelectButtonEvent: LWFMapPre on LWFMapPreButton
[21:57:38]   MapSelectButtonEvent: WWCreate on WWRoomCreateButton
[21:57:38]   MapSelectButtonEvent: WWQuickStart on WWQuickStartButton
[21:57:38]   MapSelectButtonEvent: WWRoomCreateBack on WWRoomCreateBackButton
[21:57:38]   MapSelectButtonEvent: ChoiceBack on ChoiceBackButton
[21:57:38]   MapSelectButtonEvent: Nil on WWMapNextButton
[21:57:38]   MapSelectButtonEvent: Nil on WWMapPreButton
[21:57:38]   MapSelectButtonEvent: LWFStart on LWFStartButton
[21:57:38]   MapSelectButtonEvent: LocalChoice on LocalButton
[21:57:38]   MapSelectButtonEvent: LWFMapNext on LWFMapNextButton
[21:57:38]   MapSelectButtonEvent: WWStart on WWRoomStartButton
[21:57:38] Button hook complete — hooked 0 button(s)
[21:57:38] HookButtons: scanning 314 behaviours (incl. inactive)
[21:57:38]   MapSelectButtonEvent: WorldWideChoice on WorldWideButton
[21:57:38]   MapSelectButtonEvent: WorldWideBack on WorldWideBackButton
[21:57:38]   MapSelectButtonEvent: WWMaxNumSub on WWMaxNumSubButton
[21:57:38]   MapSelectButtonEvent: LocalBack on LocalBackButton
[21:57:38]   MapSelectButtonEvent: WWMaxNumAdd on WWMaxNumAddButton
[21:57:38]   MapSelectButtonEvent: LWFMapPre on LWFMapPreButton
[21:57:38]   MapSelectButtonEvent: WWCreate on WWRoomCreateButton
[21:57:38]   MapSelectButtonEvent: WWQuickStart on WWQuickStartButton
[21:57:38]   MapSelectButtonEvent: WWRoomCreateBack on WWRoomCreateBackButton
[21:57:38]   MapSelectButtonEvent: ChoiceBack on ChoiceBackButton
[21:57:38]   MapSelectButtonEvent: Nil on WWMapNextButton
[21:57:38]   MapSelectButtonEvent: Nil on WWMapPreButton
[21:57:38]   MapSelectButtonEvent: LWFStart on LWFStartButton
[21:57:38]   MapSelectButtonEvent: LocalChoice on LocalButton
[21:57:38]   MapSelectButtonEvent: LWFMapNext on LWFMapNextButton
[21:57:38]   MapSelectButtonEvent: WWStart on WWRoomStartButton
[21:57:38] Button hook complete — hooked 0 button(s)
[21:57:39] HookButtons: scanning 314 behaviours (incl. inactive)
[21:57:39]   MapSelectButtonEvent: WorldWideChoice on WorldWideButton
[21:57:39]   MapSelectButtonEvent: WorldWideBack on WorldWideBackButton
[21:57:39]   MapSelectButtonEvent: WWMaxNumSub on WWMaxNumSubButton
[21:57:39]   MapSelectButtonEvent: LocalBack on LocalBackButton
[21:57:39]   MapSelectButtonEvent: WWMaxNumAdd on WWMaxNumAddButton
[21:57:39]   MapSelectButtonEvent: LWFMapPre on LWFMapPreButton
[21:57:39]   MapSelectButtonEvent: WWCreate on WWRoomCreateButton
[21:57:39]   MapSelectButtonEvent: WWQuickStart on WWQuickStartButton
[21:57:39]   MapSelectButtonEvent: WWRoomCreateBack on WWRoomCreateBackButton
[21:57:39]   MapSelectButtonEvent: ChoiceBack on ChoiceBackButton
[21:57:39]   MapSelectButtonEvent: Nil on WWMapNextButton
[21:57:39]   MapSelectButtonEvent: Nil on WWMapPreButton
[21:57:39]   MapSelectButtonEvent: LWFStart on LWFStartButton
[21:57:39]   MapSelectButtonEvent: LocalChoice on LocalButton
[21:57:39]   MapSelectButtonEvent: LWFMapNext on LWFMapNextButton
[21:57:39]   MapSelectButtonEvent: WWStart on WWRoomStartButton
[21:57:39] Button hook complete — hooked 0 button(s)
[21:57:39] HookButtons: scanning 314 behaviours (incl. inactive)
[21:57:39]   MapSelectButtonEvent: WorldWideChoice on WorldWideButton
[21:57:39]   MapSelectButtonEvent: WorldWideBack on WorldWideBackButton
[21:57:39]   MapSelectButtonEvent: WWMaxNumSub on WWMaxNumSubButton
[21:57:39]   MapSelectButtonEvent: LocalBack on LocalBackButton
[21:57:39]   MapSelectButtonEvent: WWMaxNumAdd on WWMaxNumAddButton
[21:57:39]   MapSelectButtonEvent: LWFMapPre on LWFMapPreButton
[21:57:39]   MapSelectButtonEvent: WWCreate on WWRoomCreateButton
[21:57:39]   MapSelectButtonEvent: WWQuickStart on WWQuickStartButton
[21:57:39]   MapSelectButtonEvent: WWRoomCreateBack on WWRoomCreateBackButton
[21:57:39]   MapSelectButtonEvent: ChoiceBack on ChoiceBackButton
[21:57:39]   MapSelectButtonEvent: Nil on WWMapNextButton
[21:57:39]   MapSelectButtonEvent: Nil on WWMapPreButton
[21:57:39]   MapSelectButtonEvent: LWFStart on LWFStartButton
[21:57:39]   MapSelectButtonEvent: LocalChoice on LocalButton
[21:57:39]   MapSelectButtonEvent: LWFMapNext on LWFMapNextButton
[21:57:39]   MapSelectButtonEvent: WWStart on WWRoomStartButton
[21:57:39] Button hook complete — hooked 0 button(s)
[21:57:39] HookButtons: scanning 313 behaviours (incl. inactive)
[21:57:39]   MapSelectButtonEvent: WorldWideChoice on WorldWideButton
[21:57:39]   MapSelectButtonEvent: WorldWideBack on WorldWideBackButton
[21:57:39]   MapSelectButtonEvent: WWMaxNumSub on WWMaxNumSubButton
[21:57:39]   MapSelectButtonEvent: LocalBack on LocalBackButton
[21:57:39]   MapSelectButtonEvent: WWMaxNumAdd on WWMaxNumAddButton
[21:57:39]   MapSelectButtonEvent: LWFMapPre on LWFMapPreButton
[21:57:39]   MapSelectButtonEvent: WWCreate on WWRoomCreateButton
[21:57:39]   MapSelectButtonEvent: WWQuickStart on WWQuickStartButton
[21:57:39]   MapSelectButtonEvent: WWRoomCreateBack on WWRoomCreateBackButton
[21:57:39]   MapSelectButtonEvent: ChoiceBack on ChoiceBackButton
[21:57:39]   MapSelectButtonEvent: Nil on WWMapNextButton
[21:57:39]   MapSelectButtonEvent: Nil on WWMapPreButton
[21:57:39]   MapSelectButtonEvent: LWFStart on LWFStartButton
[21:57:39]   MapSelectButtonEvent: LocalChoice on LocalButton
[21:57:39]   MapSelectButtonEvent: LWFMapNext on LWFMapNextButton
[21:57:39]   MapSelectButtonEvent: WWStart on WWRoomStartButton
[21:57:39] Button hook complete — hooked 0 button(s)
[21:57:39] OnJoinedRoom: mCurWWMapSelect=FreeRun3_1
[21:57:39] OnJoinedRoom: mCurWWMapSelect=FreeRun3_1
[21:57:39] HookButtons: scanning 313 behaviours (incl. inactive)
[21:57:39]   MapSelectButtonEvent: WorldWideChoice on WorldWideButton
[21:57:39]   MapSelectButtonEvent: WorldWideBack on WorldWideBackButton
[21:57:39]   MapSelectButtonEvent: WWMaxNumSub on WWMaxNumSubButton
[21:57:39]   MapSelectButtonEvent: LocalBack on LocalBackButton
[21:57:39]   MapSelectButtonEvent: WWMaxNumAdd on WWMaxNumAddButton
[21:57:39]   MapSelectButtonEvent: LWFMapPre on LWFMapPreButton
[21:57:39]   MapSelectButtonEvent: WWCreate on WWRoomCreateButton
[21:57:39]   MapSelectButtonEvent: WWQuickStart on WWQuickStartButton
[21:57:39]   MapSelectButtonEvent: WWRoomCreateBack on WWRoomCreateBackButton
[21:57:39]   MapSelectButtonEvent: ChoiceBack on ChoiceBackButton
[21:57:39]   MapSelectButtonEvent: Nil on WWMapNextButton
[21:57:39]   MapSelectButtonEvent: Nil on WWMapPreButton
[21:57:39]   MapSelectButtonEvent: LWFStart on LWFStartButton
[21:57:39]   MapSelectButtonEvent: LocalChoice on LocalButton
[21:57:39]   MapSelectButtonEvent: LWFMapNext on LWFMapNextButton
[21:57:39]   MapSelectButtonEvent: WWStart on WWRoomStartButton
[21:57:39] Button hook complete — hooked 0 button(s)
[21:57:40] OnLevelWasLoaded: scene=FreeRun3_1 level=1
[21:57:40] Scene 'FreeRun3_1' is not a connect scene and not MainMenu — leaving connection untouched
[21:57:40] OnLevelWasLoaded: scene=FreeRun3_1 level=1
[21:57:40] Scene 'FreeRun3_1' is not a connect scene and not MainMenu — leaving connection untouched
[22:06:20] OnApplicationPause: True
[22:06:20] OnApplicationPause: True
[22:13:47] OnApplicationPause: False
[22:13:47] OnApplicationPause: False
[22:13:48] OnDestroy — MonoBehaviour destroyed
[22:13:48] OnDestroy — MonoBehaviour destroyed
[22:13:52] === IPRedirectMod Load() ===
[22:13:52] Creating redirect MonoBehaviour for IP: 172.28.48.1
[22:13:52] CustomMaps mod initialized
[22:13:52] LoadExternalMods: loading CNRSettingsMod.dll
[22:13:52] Start() — scene=MainMenu
[22:13:55] [Update tick 1] deltaTime=0.0332 unscaled=0.0332 realTime=3.0 timescale=1.00
[22:13:58] [Update tick 2] deltaTime=0.0332 unscaled=0.0332 realTime=6.1 timescale=1.00
[22:14:01] [Update tick 3] deltaTime=0.0335 unscaled=0.0335 realTime=9.1 timescale=1.00
[22:14:04] [Update tick 4] deltaTime=0.0332 unscaled=0.0332 realTime=12.1 timescale=1.00
[22:14:07] OnLevelWasLoaded: scene=MultiplayerSelect level=5
[22:14:07] Entered connect scene — starting LAN connection
[22:14:07]   ServerAddress = 172.28.48.1
[22:14:07]   ServerPort = 5055
[22:14:07]   AppID = CNRLan
[22:14:07]   HostType = SelfHosted
[22:14:07] Override applied → 172.28.48.1:5055  AppID=CNRLan
[22:14:07] Disconnect() called
[22:14:07] Photon disconnected, swapping to TCP then reconnecting
[22:14:07] SwapToTcp: current peerBase is EnetPeer
[22:14:07] SwapToTcp: usedProtocol = Tcp
[22:14:07] SwapToTcp: Listener set via property setter = NetworkingPeer
[22:14:07] SwapToTcp: peerBase swapped to TPeer - client will connect via TCP
[22:14:07] requestSecurity = false → will use direct OpAuthenticate (no DH)
[22:14:07] About to call ConnectUsingSettings...
[22:14:07] ConnectUsingSettings() returned OK → connecting to 172.28.48.1:5055
[22:14:07] Monitoring connection state (30s timeout)...
[22:14:07] connState=1  detailState=2  (0.0s elapsed)  runInBg=True
[22:14:07] [heartbeat] connState=1  detailState=2  (0.0s elapsed)  runInBg=True  dt=0.0332
[22:14:07] [Update tick 5] deltaTime=0.0332 unscaled=0.0332 realTime=15.3 timescale=1.00
[22:14:07] CustomMaps Update: mCurWWSubScene=RoomChoice
[22:14:07] connState=2  detailState=3  (0.0s elapsed)  runInBg=True
[22:14:07] connState=2  detailState=5  (0.4s elapsed)  runInBg=True
[22:14:07] connState=2  detailState=6  (0.4s elapsed)  runInBg=True
[22:14:07] Connected to lobby! detailState=6 after 0.4s
[22:14:10] CustomMaps Update: mCurWWSubScene=RoomCreate
[22:14:10] HookButtons: scanning 308 behaviours (incl. inactive)
[22:14:10]   MapSelectButtonEvent: WorldWideChoice on WorldWideButton
[22:14:10]   MapSelectButtonEvent: WorldWideBack on WorldWideBackButton
[22:14:10]   MapSelectButtonEvent: WWMaxNumSub on WWMaxNumSubButton
[22:14:10]   MapSelectButtonEvent: LocalBack on LocalBackButton
[22:14:10]   MapSelectButtonEvent: WWMaxNumAdd on WWMaxNumAddButton
[22:14:10]   MapSelectButtonEvent: LWFMapPre on LWFMapPreButton
[22:14:10]   MapSelectButtonEvent: WWCreate on WWRoomCreateButton
[22:14:10]   MapSelectButtonEvent: WWQuickStart on WWQuickStartButton
[22:14:10]   MapSelectButtonEvent: WWRoomCreateBack on WWRoomCreateBackButton
[22:14:10]   MapSelectButtonEvent: ChoiceBack on ChoiceBackButton
[22:14:10]   MapSelectButtonEvent: WWMapNext on WWMapNextButton
[22:14:10]   -> HOOKED as Next
[22:14:10]   MapSelectButtonEvent: WWMapPre on WWMapPreButton
[22:14:10]   -> HOOKED as Pre
[22:14:10]   MapSelectButtonEvent: LWFStart on LWFStartButton
[22:14:10]   MapSelectButtonEvent: LocalChoice on LocalButton
[22:14:10]   MapSelectButtonEvent: LWFMapNext on LWFMapNextButton
[22:14:10]   MapSelectButtonEvent: WWStart on WWRoomStartButton
[22:14:10] Button hook complete — hooked 2 button(s)
[22:14:11] === IPRedirectMod Load() ===
[22:14:11] Creating redirect MonoBehaviour for IP: 172.28.48.1
[22:14:11] CustomMaps mod initialized
[22:14:11] LoadExternalMods: loading CNRSettingsMod.dll
[22:14:11] Start() — scene=MultiplayerSelect
[22:14:11] CustomMaps Update: mCurWWSubScene=RoomCreate
[22:14:11] HookButtons: scanning 312 behaviours (incl. inactive)
[22:14:12]   MapSelectButtonEvent: WorldWideChoice on WorldWideButton
[22:14:12]   MapSelectButtonEvent: WorldWideBack on WorldWideBackButton
[22:14:12]   MapSelectButtonEvent: WWMaxNumSub on WWMaxNumSubButton
[22:14:12]   MapSelectButtonEvent: LocalBack on LocalBackButton
[22:14:12]   MapSelectButtonEvent: WWMaxNumAdd on WWMaxNumAddButton
[22:14:12]   MapSelectButtonEvent: LWFMapPre on LWFMapPreButton
[22:14:12]   MapSelectButtonEvent: WWCreate on WWRoomCreateButton
[22:14:12]   MapSelectButtonEvent: WWQuickStart on WWQuickStartButton
[22:14:12]   MapSelectButtonEvent: WWRoomCreateBack on WWRoomCreateBackButton
[22:14:12]   MapSelectButtonEvent: ChoiceBack on ChoiceBackButton
[22:14:12]   MapSelectButtonEvent: Nil on WWMapNextButton
[22:14:12]   MapSelectButtonEvent: Nil on WWMapPreButton
[22:14:12]   MapSelectButtonEvent: LWFStart on LWFStartButton
[22:14:12]   MapSelectButtonEvent: LocalChoice on LocalButton
[22:14:12]   MapSelectButtonEvent: LWFMapNext on LWFMapNextButton
[22:14:12]   MapSelectButtonEvent: WWStart on WWRoomStartButton
[22:14:12] Button hook complete — hooked 0 button(s)
[22:14:12] OnJoinedRoom: mCurWWMapSelect=FreeRun3_1
[22:14:12] OnJoinedRoom: mCurWWMapSelect=FreeRun3_1
[22:14:12] OnLevelWasLoaded: scene=FreeRun3_1 level=1
[22:14:12] Scene 'FreeRun3_1' is not a connect scene and not MainMenu — leaving connection untouched
[22:14:12] OnLevelWasLoaded: scene=FreeRun3_1 level=1
[22:14:12] Scene 'FreeRun3_1' is not a connect scene and not MainMenu — leaving connection untouched
[22:14:12] HookButtons: scanning 741 behaviours (incl. inactive)
[22:14:12] Button hook complete — hooked 0 button(s)
[22:14:14] [Update tick 1] deltaTime=0.0332 unscaled=0.0332 realTime=22.5 timescale=1.00
[22:14:17] [Update tick 2] deltaTime=0.0332 unscaled=0.0332 realTime=25.5 timescale=1.00
[22:14:20] [Update tick 3] deltaTime=0.0330 unscaled=0.0330 realTime=28.5 timescale=1.00
[22:14:23] [Update tick 4] deltaTime=0.0332 unscaled=0.0332 realTime=31.5 timescale=1.00
[22:14:26] [Update tick 5] deltaTime=0.0332 unscaled=0.0332 realTime=34.5 timescale=1.00
[22:49:49] OnLevelWasLoaded: scene=MultiplayerSelect level=5
[22:49:49] Entered connect scene — starting LAN connection
[22:49:49]   ServerAddress = 172.28.48.1
[22:49:49]   ServerPort = 5055
[22:49:49]   AppID = CNRLan
[22:49:49]   HostType = SelfHosted
[22:49:49] Override applied → 172.28.48.1:5055  AppID=CNRLan
[22:49:49] Disconnect() called
[22:49:49] Photon disconnected, swapping to TCP then reconnecting
[22:49:49] SwapToTcp: current peerBase is TPeer
[22:49:49] SwapToTcp: usedProtocol = Tcp
[22:49:49] SwapToTcp: Listener set via property setter = NetworkingPeer
[22:49:49] SwapToTcp: peerBase swapped to TPeer - client will connect via TCP
[22:49:49] requestSecurity = false → will use direct OpAuthenticate (no DH)
[22:49:49] About to call ConnectUsingSettings...
[22:49:49] ConnectUsingSettings() returned OK → connecting to 172.28.48.1:5055
[22:49:49] Monitoring connection state (30s timeout)...
[22:49:49] connState=1  detailState=2  (0.0s elapsed)  runInBg=True
[22:49:49] [heartbeat] connState=1  detailState=2  (0.0s elapsed)  runInBg=True  dt=0.0332
[22:49:49] OnLevelWasLoaded: scene=MultiplayerSelect level=5
[22:49:49] Entered connect scene — starting LAN connection
[22:49:49]   ServerAddress = 172.28.48.1
[22:49:49]   ServerPort = 5055
[22:49:49]   AppID = CNRLan
[22:49:49]   HostType = SelfHosted
[22:49:49] Override applied → 172.28.48.1:5055  AppID=CNRLan
[22:49:49] Disconnect() called
[22:49:49] CustomMaps Update: mCurWWSubScene=RoomChoice
[22:49:49] CustomMaps Update: mCurWWSubScene=RoomChoice
[22:49:49] connState=0  detailState=1  (0.0s elapsed)  runInBg=True
[22:49:49] Connection FAILED — Disconnected after 0.0s
[22:49:49] OVERLAY: LAN server unreachable. | 172.28.48.1:5055 | Check server is running.
[22:49:49] Photon disconnected, swapping to TCP then reconnecting
[22:49:49] SwapToTcp: current peerBase is TPeer
[22:49:49] SwapToTcp: usedProtocol = Tcp
[22:49:49] SwapToTcp: Listener set via property setter = NetworkingPeer
[22:49:49] SwapToTcp: peerBase swapped to TPeer - client will connect via TCP
[22:49:49] requestSecurity = false → will use direct OpAuthenticate (no DH)
[22:49:49] About to call ConnectUsingSettings...
[22:49:49] ConnectUsingSettings() returned OK → connecting to 172.28.48.1:5055
[22:49:49] Monitoring connection state (30s timeout)...
[22:49:49] connState=1  detailState=2  (0.0s elapsed)  runInBg=True
[22:49:49] [heartbeat] connState=1  detailState=2  (0.0s elapsed)  runInBg=True  dt=0.0332
[22:49:51] connState=0  detailState=1  (2.5s elapsed)  runInBg=True
[22:49:51] Connection FAILED — Disconnected after 2.5s
[22:49:51] OVERLAY: LAN server unreachable. | 172.28.48.1:5055 | Check server is running.
[22:49:52] OnLevelWasLoaded: scene=MainMenu level=0
[22:49:52] OnLevelWasLoaded: scene=MainMenu level=0
[22:51:01] OnDestroy — MonoBehaviour destroyed
[22:51:01] OnDestroy — MonoBehaviour destroyed
[22:51:04] === IPRedirectMod Load() ===
[22:51:04] Creating redirect MonoBehaviour for IP: 172.28.48.1
[22:51:04] CustomMaps mod initialized
[22:51:04] LoadExternalMods: loading CNRSettingsMod.dll
[22:51:04] Start() — scene=MainMenu
[22:51:07] [Update tick 1] deltaTime=0.0332 unscaled=0.0332 realTime=3.0 timescale=1.00
[22:51:08] OnLevelWasLoaded: scene=MultiplayerSelect level=5
[22:51:08] Entered connect scene — starting LAN connection
[22:51:08]   ServerAddress = 172.28.48.1
[22:51:08]   ServerPort = 5055
[22:51:08]   AppID = CNRLan
[22:51:08]   HostType = SelfHosted
[22:51:08] Override applied → 172.28.48.1:5055  AppID=CNRLan
[22:51:08] Disconnect() called
[22:51:08] Photon disconnected, swapping to TCP then reconnecting
[22:51:08] SwapToTcp: current peerBase is EnetPeer
[22:51:08] SwapToTcp: usedProtocol = Tcp
[22:51:08] SwapToTcp: Listener set via property setter = NetworkingPeer
[22:51:08] SwapToTcp: peerBase swapped to TPeer - client will connect via TCP
[22:51:08] requestSecurity = false → will use direct OpAuthenticate (no DH)
[22:51:08] About to call ConnectUsingSettings...
[22:51:08] ConnectUsingSettings() returned OK → connecting to 172.28.48.1:5055
[22:51:08] Monitoring connection state (30s timeout)...
[22:51:08] connState=1  detailState=2  (0.0s elapsed)  runInBg=True
[22:51:08] [heartbeat] connState=1  detailState=2  (0.0s elapsed)  runInBg=True  dt=0.0332
[22:51:09] CustomMaps Update: mCurWWSubScene=RoomChoice
[22:51:10] [Update tick 2] deltaTime=0.0332 unscaled=0.0332 realTime=6.1 timescale=1.00
[22:51:11] [heartbeat] connState=1  detailState=2  (3.0s elapsed)  runInBg=True  dt=0.0332
[22:51:13] [Update tick 3] deltaTime=0.0332 unscaled=0.0332 realTime=9.1 timescale=1.00
[22:51:14] [heartbeat] connState=1  detailState=2  (6.0s elapsed)  runInBg=True  dt=0.0332
[22:51:15] connState=0  detailState=1  (6.4s elapsed)  runInBg=True
[22:51:15] Connection FAILED — Disconnected after 6.4s
[22:51:15] OVERLAY: LAN server unreachable. | 172.28.48.1:5055 | Check server is running.
[22:51:15] OnLevelWasLoaded: scene=MainMenu level=0
[22:51:16] [Update tick 4] deltaTime=0.0332 unscaled=0.0332 realTime=12.1 timescale=1.00
[22:51:17] OnDestroy — MonoBehaviour destroyed
[22:53:08] === IPRedirectMod Load() ===
[22:53:08] Creating redirect MonoBehaviour for IP: play.jacqueb.me
[22:53:08] CustomMaps mod initialized
[22:53:08] LoadExternalMods: loading CNRSettingsMod.dll
[22:53:08] Start() — scene=MainMenu
[22:53:11] [Update tick 1] deltaTime=0.0332 unscaled=0.0332 realTime=3.1 timescale=1.00
[22:53:12] OnLevelWasLoaded: scene=MultiplayerSelect level=5
[22:53:12] Entered connect scene — starting LAN connection
[22:53:12]   ServerAddress = play.jacqueb.me
[22:53:12]   ServerPort = 5055
[22:53:12]   AppID = CNRLan
[22:53:12]   HostType = SelfHosted
[22:53:12] Override applied → play.jacqueb.me:5055  AppID=CNRLan
[22:53:12] Disconnect() called
[22:53:12] Photon disconnected, swapping to TCP then reconnecting
[22:53:12] SwapToTcp: current peerBase is EnetPeer
[22:53:12] SwapToTcp: usedProtocol = Tcp
[22:53:12] SwapToTcp: Listener set via property setter = NetworkingPeer
[22:53:12] SwapToTcp: peerBase swapped to TPeer - client will connect via TCP
[22:53:12] requestSecurity = false → will use direct OpAuthenticate (no DH)
[22:53:12] About to call ConnectUsingSettings...
[22:53:12] ConnectUsingSettings() returned OK → connecting to play.jacqueb.me:5055
[22:53:12] Monitoring connection state (30s timeout)...
[22:53:12] connState=1  detailState=2  (0.0s elapsed)  runInBg=True
[22:53:12] [heartbeat] connState=1  detailState=2  (0.0s elapsed)  runInBg=True  dt=0.0332
[22:53:12] CustomMaps Update: mCurWWSubScene=RoomChoice
[22:53:12] connState=2  detailState=3  (0.9s elapsed)  runInBg=True
[22:53:13] connState=2  detailState=5  (1.2s elapsed)  runInBg=True
[22:53:13] connState=2  detailState=6  (1.4s elapsed)  runInBg=True
[22:53:13] Connected to lobby! detailState=6 after 1.4s
[22:53:14] [Update tick 2] deltaTime=0.0331 unscaled=0.0331 realTime=6.1 timescale=1.00
[22:53:16] CustomMaps Update: mCurWWSubScene=RoomCreate
[22:53:17] HookButtons: scanning 308 behaviours (incl. inactive)
[22:53:17]   MapSelectButtonEvent: WorldWideChoice on WorldWideButton
[22:53:17]   MapSelectButtonEvent: WorldWideBack on WorldWideBackButton
[22:53:17]   MapSelectButtonEvent: WWMaxNumSub on WWMaxNumSubButton
[22:53:17]   MapSelectButtonEvent: LocalBack on LocalBackButton
[22:53:17]   MapSelectButtonEvent: WWMaxNumAdd on WWMaxNumAddButton
[22:53:17]   MapSelectButtonEvent: LWFMapPre on LWFMapPreButton
[22:53:17]   MapSelectButtonEvent: WWCreate on WWRoomCreateButton
[22:53:17]   MapSelectButtonEvent: WWQuickStart on WWQuickStartButton
[22:53:17]   MapSelectButtonEvent: WWRoomCreateBack on WWRoomCreateBackButton
[22:53:17]   MapSelectButtonEvent: ChoiceBack on ChoiceBackButton
[22:53:17]   MapSelectButtonEvent: WWMapNext on WWMapNextButton
[22:53:17]   -> HOOKED as Next
[22:53:17]   MapSelectButtonEvent: WWMapPre on WWMapPreButton
[22:53:17]   -> HOOKED as Pre
[22:53:17]   MapSelectButtonEvent: LWFStart on LWFStartButton
[22:53:17]   MapSelectButtonEvent: LocalChoice on LocalButton
[22:53:17]   MapSelectButtonEvent: LWFMapNext on LWFMapNextButton
[22:53:17]   MapSelectButtonEvent: WWStart on WWRoomStartButton
[22:53:17] Button hook complete — hooked 2 button(s)
[22:53:17] [Update tick 3] deltaTime=0.0332 unscaled=0.0332 realTime=9.1 timescale=1.00
[22:53:18] === IPRedirectMod Load() ===
[22:53:18] Creating redirect MonoBehaviour for IP: play.jacqueb.me
[22:53:18] CustomMaps mod initialized
[22:53:18] LoadExternalMods: loading CNRSettingsMod.dll
[22:53:18] Start() — scene=MultiplayerSelect
[22:53:18] CustomMaps Update: mCurWWSubScene=RoomCreate
[22:53:18] HookButtons: scanning 312 behaviours (incl. inactive)
[22:53:18]   MapSelectButtonEvent: WorldWideChoice on WorldWideButton
[22:53:18]   MapSelectButtonEvent: WorldWideBack on WorldWideBackButton
[22:53:18]   MapSelectButtonEvent: WWMaxNumSub on WWMaxNumSubButton
[22:53:18]   MapSelectButtonEvent: LocalBack on LocalBackButton
[22:53:18]   MapSelectButtonEvent: WWMaxNumAdd on WWMaxNumAddButton
[22:53:18]   MapSelectButtonEvent: LWFMapPre on LWFMapPreButton
[22:53:18]   MapSelectButtonEvent: WWCreate on WWRoomCreateButton
[22:53:18]   MapSelectButtonEvent: WWQuickStart on WWQuickStartButton
[22:53:18]   MapSelectButtonEvent: WWRoomCreateBack on WWRoomCreateBackButton
[22:53:18]   MapSelectButtonEvent: ChoiceBack on ChoiceBackButton
[22:53:18]   MapSelectButtonEvent: Nil on WWMapNextButton
[22:53:18]   MapSelectButtonEvent: Nil on WWMapPreButton
[22:53:18]   MapSelectButtonEvent: LWFStart on LWFStartButton
[22:53:18]   MapSelectButtonEvent: LocalChoice on LocalButton
[22:53:18]   MapSelectButtonEvent: LWFMapNext on LWFMapNextButton
[22:53:18]   MapSelectButtonEvent: WWStart on WWRoomStartButton
[22:53:18] Button hook complete — hooked 0 button(s)
[22:53:18] HookButtons: scanning 312 behaviours (incl. inactive)
[22:53:18]   MapSelectButtonEvent: WorldWideChoice on WorldWideButton
[22:53:18]   MapSelectButtonEvent: WorldWideBack on WorldWideBackButton
[22:53:18]   MapSelectButtonEvent: WWMaxNumSub on WWMaxNumSubButton
[22:53:18]   MapSelectButtonEvent: LocalBack on LocalBackButton
[22:53:18]   MapSelectButtonEvent: WWMaxNumAdd on WWMaxNumAddButton
[22:53:18]   MapSelectButtonEvent: LWFMapPre on LWFMapPreButton
[22:53:18]   MapSelectButtonEvent: WWCreate on WWRoomCreateButton
[22:53:18]   MapSelectButtonEvent: WWQuickStart on WWQuickStartButton
[22:53:18]   MapSelectButtonEvent: WWRoomCreateBack on WWRoomCreateBackButton
[22:53:18]   MapSelectButtonEvent: ChoiceBack on ChoiceBackButton
[22:53:18]   MapSelectButtonEvent: Nil on WWMapNextButton
[22:53:18]   MapSelectButtonEvent: Nil on WWMapPreButton
[22:53:18]   MapSelectButtonEvent: LWFStart on LWFStartButton
[22:53:18]   MapSelectButtonEvent: LocalChoice on LocalButton
[22:53:18]   MapSelectButtonEvent: LWFMapNext on LWFMapNextButton
[22:53:18]   MapSelectButtonEvent: WWStart on WWRoomStartButton
[22:53:18] Button hook complete — hooked 0 button(s)
[22:53:19] HookButtons: scanning 312 behaviours (incl. inactive)
[22:53:19]   MapSelectButtonEvent: WorldWideChoice on WorldWideButton
[22:53:19]   MapSelectButtonEvent: WorldWideBack on WorldWideBackButton
[22:53:19]   MapSelectButtonEvent: WWMaxNumSub on WWMaxNumSubButton
[22:53:19]   MapSelectButtonEvent: LocalBack on LocalBackButton
[22:53:19]   MapSelectButtonEvent: WWMaxNumAdd on WWMaxNumAddButton
[22:53:19]   MapSelectButtonEvent: LWFMapPre on LWFMapPreButton
[22:53:19]   MapSelectButtonEvent: WWCreate on WWRoomCreateButton
[22:53:19]   MapSelectButtonEvent: WWQuickStart on WWQuickStartButton
[22:53:19]   MapSelectButtonEvent: WWRoomCreateBack on WWRoomCreateBackButton
[22:53:19]   MapSelectButtonEvent: ChoiceBack on ChoiceBackButton
[22:53:19]   MapSelectButtonEvent: Nil on WWMapNextButton
[22:53:19]   MapSelectButtonEvent: Nil on WWMapPreButton
[22:53:19]   MapSelectButtonEvent: LWFStart on LWFStartButton
[22:53:19]   MapSelectButtonEvent: LocalChoice on LocalButton
[22:53:19]   MapSelectButtonEvent: LWFMapNext on LWFMapNextButton
[22:53:19]   MapSelectButtonEvent: WWStart on WWRoomStartButton
[22:53:19] Button hook complete — hooked 0 button(s)
[22:53:19] HookButtons: scanning 312 behaviours (incl. inactive)
[22:53:19]   MapSelectButtonEvent: WorldWideChoice on WorldWideButton
[22:53:19]   MapSelectButtonEvent: WorldWideBack on WorldWideBackButton
[22:53:19]   MapSelectButtonEvent: WWMaxNumSub on WWMaxNumSubButton
[22:53:19]   MapSelectButtonEvent: LocalBack on LocalBackButton
[22:53:19]   MapSelectButtonEvent: WWMaxNumAdd on WWMaxNumAddButton
[22:53:19]   MapSelectButtonEvent: LWFMapPre on LWFMapPreButton
[22:53:19]   MapSelectButtonEvent: WWCreate on WWRoomCreateButton
[22:53:19]   MapSelectButtonEvent: WWQuickStart on WWQuickStartButton
[22:53:19]   MapSelectButtonEvent: WWRoomCreateBack on WWRoomCreateBackButton
[22:53:19]   MapSelectButtonEvent: ChoiceBack on ChoiceBackButton
[22:53:19]   MapSelectButtonEvent: Nil on WWMapNextButton
[22:53:19]   MapSelectButtonEvent: Nil on WWMapPreButton
[22:53:19]   MapSelectButtonEvent: LWFStart on LWFStartButton
[22:53:19]   MapSelectButtonEvent: LocalChoice on LocalButton
[22:53:19]   MapSelectButtonEvent: LWFMapNext on LWFMapNextButton
[22:53:19]   MapSelectButtonEvent: WWStart on WWRoomStartButton
[22:53:19] Button hook complete — hooked 0 button(s)
[22:53:19] HookButtons: scanning 312 behaviours (incl. inactive)
[22:53:19]   MapSelectButtonEvent: WorldWideChoice on WorldWideButton
[22:53:19]   MapSelectButtonEvent: WorldWideBack on WorldWideBackButton
[22:53:19]   MapSelectButtonEvent: WWMaxNumSub on WWMaxNumSubButton
[22:53:19]   MapSelectButtonEvent: LocalBack on LocalBackButton
[22:53:19]   MapSelectButtonEvent: WWMaxNumAdd on WWMaxNumAddButton
[22:53:19]   MapSelectButtonEvent: LWFMapPre on LWFMapPreButton
[22:53:19]   MapSelectButtonEvent: WWCreate on WWRoomCreateButton
[22:53:19]   MapSelectButtonEvent: WWQuickStart on WWQuickStartButton
[22:53:19]   MapSelectButtonEvent: WWRoomCreateBack on WWRoomCreateBackButton
[22:53:19]   MapSelectButtonEvent: ChoiceBack on ChoiceBackButton
[22:53:19]   MapSelectButtonEvent: Nil on WWMapNextButton
[22:53:19]   MapSelectButtonEvent: Nil on WWMapPreButton
[22:53:19]   MapSelectButtonEvent: LWFStart on LWFStartButton
[22:53:19]   MapSelectButtonEvent: LocalChoice on LocalButton
[22:53:19]   MapSelectButtonEvent: LWFMapNext on LWFMapNextButton
[22:53:19]   MapSelectButtonEvent: WWStart on WWRoomStartButton
[22:53:19] Button hook complete — hooked 0 button(s)
[22:53:19] HookButtons: scanning 312 behaviours (incl. inactive)
[22:53:19]   MapSelectButtonEvent: WorldWideChoice on WorldWideButton
[22:53:19]   MapSelectButtonEvent: WorldWideBack on WorldWideBackButton
[22:53:19]   MapSelectButtonEvent: WWMaxNumSub on WWMaxNumSubButton
[22:53:19]   MapSelectButtonEvent: LocalBack on LocalBackButton
[22:53:19]   MapSelectButtonEvent: WWMaxNumAdd on WWMaxNumAddButton
[22:53:19]   MapSelectButtonEvent: LWFMapPre on LWFMapPreButton
[22:53:19]   MapSelectButtonEvent: WWCreate on WWRoomCreateButton
[22:53:19]   MapSelectButtonEvent: WWQuickStart on WWQuickStartButton
[22:53:19]   MapSelectButtonEvent: WWRoomCreateBack on WWRoomCreateBackButton
[22:53:19]   MapSelectButtonEvent: ChoiceBack on ChoiceBackButton
[22:53:19]   MapSelectButtonEvent: Nil on WWMapNextButton
[22:53:19]   MapSelectButtonEvent: Nil on WWMapPreButton
[22:53:19]   MapSelectButtonEvent: LWFStart on LWFStartButton
[22:53:19]   MapSelectButtonEvent: LocalChoice on LocalButton
[22:53:19]   MapSelectButtonEvent: LWFMapNext on LWFMapNextButton
[22:53:19]   MapSelectButtonEvent: WWStart on WWRoomStartButton
[22:53:19] Button hook complete — hooked 0 button(s)
[22:53:19] HookButtons: scanning 312 behaviours (incl. inactive)
[22:53:19]   MapSelectButtonEvent: WorldWideChoice on WorldWideButton
[22:53:19]   MapSelectButtonEvent: WorldWideBack on WorldWideBackButton
[22:53:19]   MapSelectButtonEvent: WWMaxNumSub on WWMaxNumSubButton
[22:53:19]   MapSelectButtonEvent: LocalBack on LocalBackButton
[22:53:19]   MapSelectButtonEvent: WWMaxNumAdd on WWMaxNumAddButton
[22:53:19]   MapSelectButtonEvent: LWFMapPre on LWFMapPreButton
[22:53:19]   MapSelectButtonEvent: WWCreate on WWRoomCreateButton
[22:53:19]   MapSelectButtonEvent: WWQuickStart on WWQuickStartButton
[22:53:19]   MapSelectButtonEvent: WWRoomCreateBack on WWRoomCreateBackButton
[22:53:19]   MapSelectButtonEvent: ChoiceBack on ChoiceBackButton
[22:53:19]   MapSelectButtonEvent: Nil on WWMapNextButton
[22:53:19]   MapSelectButtonEvent: Nil on WWMapPreButton
[22:53:19]   MapSelectButtonEvent: LWFStart on LWFStartButton
[22:53:19]   MapSelectButtonEvent: LocalChoice on LocalButton
[22:53:19]   MapSelectButtonEvent: LWFMapNext on LWFMapNextButton
[22:53:19]   MapSelectButtonEvent: WWStart on WWRoomStartButton
[22:53:19] Button hook complete — hooked 0 button(s)
[22:53:19] HookButtons: scanning 312 behaviours (incl. inactive)
[22:53:19]   MapSelectButtonEvent: WorldWideChoice on WorldWideButton
[22:53:19]   MapSelectButtonEvent: WorldWideBack on WorldWideBackButton
[22:53:19]   MapSelectButtonEvent: WWMaxNumSub on WWMaxNumSubButton
[22:53:19]   MapSelectButtonEvent: LocalBack on LocalBackButton
[22:53:19]   MapSelectButtonEvent: WWMaxNumAdd on WWMaxNumAddButton
[22:53:19]   MapSelectButtonEvent: LWFMapPre on LWFMapPreButton
[22:53:19]   MapSelectButtonEvent: WWCreate on WWRoomCreateButton
[22:53:19]   MapSelectButtonEvent: WWQuickStart on WWQuickStartButton
[22:53:19]   MapSelectButtonEvent: WWRoomCreateBack on WWRoomCreateBackButton
[22:53:19]   MapSelectButtonEvent: ChoiceBack on ChoiceBackButton
[22:53:19]   MapSelectButtonEvent: Nil on WWMapNextButton
[22:53:19]   MapSelectButtonEvent: Nil on WWMapPreButton
[22:53:19]   MapSelectButtonEvent: LWFStart on LWFStartButton
[22:53:19]   MapSelectButtonEvent: LocalChoice on LocalButton
[22:53:19]   MapSelectButtonEvent: LWFMapNext on LWFMapNextButton
[22:53:19]   MapSelectButtonEvent: WWStart on WWRoomStartButton
[22:53:19] Button hook complete — hooked 0 button(s)
[22:53:19] OnJoinedRoom: mCurWWMapSelect=FreeRun3_1
[22:53:19] OnJoinedRoom: mCurWWMapSelect=FreeRun3_1
[22:53:20] OnLevelWasLoaded: scene=FreeRun3_1 level=1
[22:53:20] Scene 'FreeRun3_1' is not a connect scene and not MainMenu — leaving connection untouched
[22:53:20] OnLevelWasLoaded: scene=FreeRun3_1 level=1
[22:53:20] Scene 'FreeRun3_1' is not a connect scene and not MainMenu — leaving connection untouched
[22:53:20] [Update tick 4] deltaTime=0.1397 unscaled=0.8502 realTime=12.1 timescale=1.00
[22:53:20] HookButtons: scanning 741 behaviours (incl. inactive)
[22:53:20] Button hook complete — hooked 0 button(s)
[22:53:21] [Update tick 1] deltaTime=0.0332 unscaled=0.0332 realTime=12.9 timescale=1.00
[22:53:23] [Update tick 5] deltaTime=0.0333 unscaled=0.0333 realTime=15.1 timescale=1.00
[22:53:24] [Update tick 2] deltaTime=0.0332 unscaled=0.0332 realTime=15.9 timescale=1.00
[22:53:27] [Update tick 3] deltaTime=0.0332 unscaled=0.0332 realTime=19.0 timescale=1.00
[22:53:30] [Update tick 4] deltaTime=0.0332 unscaled=0.0332 realTime=22.0 timescale=1.00
[22:53:33] [Update tick 5] deltaTime=0.0332 unscaled=0.0332 realTime=25.0 timescale=1.00
[22:56:55] OnDestroy — MonoBehaviour destroyed
[22:56:55] OnDestroy — MonoBehaviour destroyed
[23:02:33] === IPRedirectMod Load() ===
[23:02:33] Creating redirect MonoBehaviour for IP: play.jacqueb.me
[23:02:33] CustomMaps mod initialized
[23:02:33] LoadExternalMods: loading CNRSettingsMod.dll
[23:02:33] Start() — scene=MainMenu
[23:02:36] [Update tick 1] deltaTime=0.0372 unscaled=0.0372 realTime=3.1 timescale=1.00
[23:02:37] OnLevelWasLoaded: scene=MultiplayerSelect level=5
[23:02:37] Entered connect scene — starting LAN connection
[23:02:37]   ServerAddress = play.jacqueb.me
[23:02:37]   ServerPort = 5055
[23:02:37]   AppID = CNRLan
[23:02:37]   HostType = SelfHosted
[23:02:37] Override applied → play.jacqueb.me:5055  AppID=CNRLan
[23:02:37] Disconnect() called
[23:02:37] Photon disconnected, swapping to TCP then reconnecting
[23:02:37] SwapToTcp: current peerBase is EnetPeer
[23:02:37] SwapToTcp: usedProtocol = Tcp
[23:02:37] SwapToTcp: Listener set via property setter = NetworkingPeer
[23:02:37] SwapToTcp: peerBase swapped to TPeer - client will connect via TCP
[23:02:37] requestSecurity = false → will use direct OpAuthenticate (no DH)
[23:02:37] About to call ConnectUsingSettings...
[23:02:37] ConnectUsingSettings() returned OK → connecting to play.jacqueb.me:5055
[23:02:37] Monitoring connection state (30s timeout)...
[23:02:37] connState=1  detailState=2  (0.0s elapsed)  runInBg=True
[23:02:37] [heartbeat] connState=1  detailState=2  (0.0s elapsed)  runInBg=True  dt=0.0332
[23:02:37] CustomMaps Update: mCurWWSubScene=RoomChoice
[23:02:37] connState=2  detailState=3  (0.6s elapsed)  runInBg=True
[23:02:38] connState=2  detailState=5  (0.9s elapsed)  runInBg=True
[23:02:38] connState=2  detailState=6  (1.1s elapsed)  runInBg=True
[23:02:38] Connected to lobby! detailState=6 after 1.1s
[23:02:38] === IPRedirectMod Load() ===
[23:02:38] Creating redirect MonoBehaviour for IP: play.jacqueb.me
[23:02:38] CustomMaps mod initialized
[23:02:38] LoadExternalMods: loading CNRSettingsMod.dll
[23:02:38] Start() — scene=MultiplayerSelect
[23:02:38] CustomMaps Update: mCurWWSubScene=RoomChoice
[23:02:39] [Update tick 2] deltaTime=0.0332 unscaled=0.0332 realTime=6.1 timescale=1.00
[23:02:40] CustomMaps Update: mCurWWSubScene=RoomCreate
[23:02:40] CustomMaps Update: mCurWWSubScene=RoomCreate
[23:02:40] HookButtons: scanning 311 behaviours (incl. inactive)
[23:02:40]   MapSelectButtonEvent: WorldWideChoice on WorldWideButton
[23:02:40]   MapSelectButtonEvent: WorldWideBack on WorldWideBackButton
[23:02:40]   MapSelectButtonEvent: WWMaxNumSub on WWMaxNumSubButton
[23:02:40]   MapSelectButtonEvent: LocalBack on LocalBackButton
[23:02:40]   MapSelectButtonEvent: WWMaxNumAdd on WWMaxNumAddButton
[23:02:40]   MapSelectButtonEvent: LWFMapPre on LWFMapPreButton
[23:02:40]   MapSelectButtonEvent: WWCreate on WWRoomCreateButton
[23:02:40]   MapSelectButtonEvent: WWQuickStart on WWQuickStartButton
[23:02:40]   MapSelectButtonEvent: WWRoomCreateBack on WWRoomCreateBackButton
[23:02:40]   MapSelectButtonEvent: ChoiceBack on ChoiceBackButton
[23:02:40]   MapSelectButtonEvent: WWMapNext on WWMapNextButton
[23:02:40]   -> HOOKED as Next
[23:02:40]   MapSelectButtonEvent: WWMapPre on WWMapPreButton
[23:02:40]   -> HOOKED as Pre
[23:02:40]   MapSelectButtonEvent: LWFStart on LWFStartButton
[23:02:40]   MapSelectButtonEvent: LocalChoice on LocalButton
[23:02:40]   MapSelectButtonEvent: LWFMapNext on LWFMapNextButton
[23:02:40]   MapSelectButtonEvent: WWStart on WWRoomStartButton
[23:02:40] Button hook complete — hooked 2 button(s)
[23:02:40] HookButtons: scanning 313 behaviours (incl. inactive)
[23:02:40]   MapSelectButtonEvent: WorldWideChoice on WorldWideButton
[23:02:40]   MapSelectButtonEvent: WorldWideBack on WorldWideBackButton
[23:02:40]   MapSelectButtonEvent: WWMaxNumSub on WWMaxNumSubButton
[23:02:40]   MapSelectButtonEvent: LocalBack on LocalBackButton
[23:02:40]   MapSelectButtonEvent: WWMaxNumAdd on WWMaxNumAddButton
[23:02:40]   MapSelectButtonEvent: LWFMapPre on LWFMapPreButton
[23:02:40]   MapSelectButtonEvent: WWCreate on WWRoomCreateButton
[23:02:40]   MapSelectButtonEvent: WWQuickStart on WWQuickStartButton
[23:02:40]   MapSelectButtonEvent: WWRoomCreateBack on WWRoomCreateBackButton
[23:02:40]   MapSelectButtonEvent: ChoiceBack on ChoiceBackButton
[23:02:40]   MapSelectButtonEvent: Nil on WWMapNextButton
[23:02:40]   MapSelectButtonEvent: Nil on WWMapPreButton
[23:02:40]   MapSelectButtonEvent: LWFStart on LWFStartButton
[23:02:40]   MapSelectButtonEvent: LocalChoice on LocalButton
[23:02:40]   MapSelectButtonEvent: LWFMapNext on LWFMapNextButton
[23:02:40]   MapSelectButtonEvent: WWStart on WWRoomStartButton
[23:02:40] Button hook complete — hooked 0 button(s)
[23:02:41] HookButtons: scanning 313 behaviours (incl. inactive)
[23:02:41]   MapSelectButtonEvent: WorldWideChoice on WorldWideButton
[23:02:41]   MapSelectButtonEvent: WorldWideBack on WorldWideBackButton
[23:02:41]   MapSelectButtonEvent: WWMaxNumSub on WWMaxNumSubButton
[23:02:41]   MapSelectButtonEvent: LocalBack on LocalBackButton
[23:02:41]   MapSelectButtonEvent: WWMaxNumAdd on WWMaxNumAddButton
[23:02:41]   MapSelectButtonEvent: LWFMapPre on LWFMapPreButton
[23:02:41]   MapSelectButtonEvent: WWCreate on WWRoomCreateButton
[23:02:41]   MapSelectButtonEvent: WWQuickStart on WWQuickStartButton
[23:02:41]   MapSelectButtonEvent: WWRoomCreateBack on WWRoomCreateBackButton
[23:02:41]   MapSelectButtonEvent: ChoiceBack on ChoiceBackButton
[23:02:41]   MapSelectButtonEvent: Nil on WWMapNextButton
[23:02:41]   MapSelectButtonEvent: Nil on WWMapPreButton
[23:02:41]   MapSelectButtonEvent: LWFStart on LWFStartButton
[23:02:41]   MapSelectButtonEvent: LocalChoice on LocalButton
[23:02:41]   MapSelectButtonEvent: LWFMapNext on LWFMapNextButton
[23:02:41]   MapSelectButtonEvent: WWStart on WWRoomStartButton
[23:02:41] Button hook complete — hooked 0 button(s)
[23:02:41] HookButtons: scanning 313 behaviours (incl. inactive)
[23:02:41]   MapSelectButtonEvent: WorldWideChoice on WorldWideButton
[23:02:41]   MapSelectButtonEvent: WorldWideBack on WorldWideBackButton
[23:02:41]   MapSelectButtonEvent: WWMaxNumSub on WWMaxNumSubButton
[23:02:41]   MapSelectButtonEvent: LocalBack on LocalBackButton
[23:02:41]   MapSelectButtonEvent: WWMaxNumAdd on WWMaxNumAddButton
[23:02:41]   MapSelectButtonEvent: LWFMapPre on LWFMapPreButton
[23:02:41]   MapSelectButtonEvent: WWCreate on WWRoomCreateButton
[23:02:41]   MapSelectButtonEvent: WWQuickStart on WWQuickStartButton
[23:02:41]   MapSelectButtonEvent: WWRoomCreateBack on WWRoomCreateBackButton
[23:02:41]   MapSelectButtonEvent: ChoiceBack on ChoiceBackButton
[23:02:41]   MapSelectButtonEvent: Nil on WWMapNextButton
[23:02:41]   MapSelectButtonEvent: Nil on WWMapPreButton
[23:02:41]   MapSelectButtonEvent: LWFStart on LWFStartButton
[23:02:41]   MapSelectButtonEvent: LocalChoice on LocalButton
[23:02:41]   MapSelectButtonEvent: LWFMapNext on LWFMapNextButton
[23:02:41]   MapSelectButtonEvent: WWStart on WWRoomStartButton
[23:02:41] Button hook complete — hooked 0 button(s)
[23:02:41] HookButtons: scanning 313 behaviours (incl. inactive)
[23:02:41]   MapSelectButtonEvent: WorldWideChoice on WorldWideButton
[23:02:41]   MapSelectButtonEvent: WorldWideBack on WorldWideBackButton
[23:02:41]   MapSelectButtonEvent: WWMaxNumSub on WWMaxNumSubButton
[23:02:41]   MapSelectButtonEvent: LocalBack on LocalBackButton
[23:02:41]   MapSelectButtonEvent: WWMaxNumAdd on WWMaxNumAddButton
[23:02:41]   MapSelectButtonEvent: LWFMapPre on LWFMapPreButton
[23:02:41]   MapSelectButtonEvent: WWCreate on WWRoomCreateButton
[23:02:41]   MapSelectButtonEvent: WWQuickStart on WWQuickStartButton
[23:02:41]   MapSelectButtonEvent: WWRoomCreateBack on WWRoomCreateBackButton
[23:02:41]   MapSelectButtonEvent: ChoiceBack on ChoiceBackButton
[23:02:41]   MapSelectButtonEvent: Nil on WWMapNextButton
[23:02:41]   MapSelectButtonEvent: Nil on WWMapPreButton
[23:02:41]   MapSelectButtonEvent: LWFStart on LWFStartButton
[23:02:41]   MapSelectButtonEvent: LocalChoice on LocalButton
[23:02:41]   MapSelectButtonEvent: LWFMapNext on LWFMapNextButton
[23:02:41]   MapSelectButtonEvent: WWStart on WWRoomStartButton
[23:02:41] Button hook complete — hooked 0 button(s)
[23:02:41] [Update tick 1] deltaTime=0.0332 unscaled=0.0332 realTime=8.2 timescale=1.00
[23:02:41] HookButtons: scanning 313 behaviours (incl. inactive)
[23:02:41]   MapSelectButtonEvent: WorldWideChoice on WorldWideButton
[23:02:41]   MapSelectButtonEvent: WorldWideBack on WorldWideBackButton
[23:02:41]   MapSelectButtonEvent: WWMaxNumSub on WWMaxNumSubButton
[23:02:41]   MapSelectButtonEvent: LocalBack on LocalBackButton
[23:02:41]   MapSelectButtonEvent: WWMaxNumAdd on WWMaxNumAddButton
[23:02:41]   MapSelectButtonEvent: LWFMapPre on LWFMapPreButton
[23:02:41]   MapSelectButtonEvent: WWCreate on WWRoomCreateButton
[23:02:41]   MapSelectButtonEvent: WWQuickStart on WWQuickStartButton
[23:02:41]   MapSelectButtonEvent: WWRoomCreateBack on WWRoomCreateBackButton
[23:02:41]   MapSelectButtonEvent: ChoiceBack on ChoiceBackButton
[23:02:41]   MapSelectButtonEvent: Nil on WWMapNextButton
[23:02:41]   MapSelectButtonEvent: Nil on WWMapPreButton
[23:02:41]   MapSelectButtonEvent: LWFStart on LWFStartButton
[23:02:41]   MapSelectButtonEvent: LocalChoice on LocalButton
[23:02:41]   MapSelectButtonEvent: LWFMapNext on LWFMapNextButton
[23:02:41]   MapSelectButtonEvent: WWStart on WWRoomStartButton
[23:02:41] Button hook complete — hooked 0 button(s)
[23:02:41] HookButtons: scanning 313 behaviours (incl. inactive)
[23:02:41]   MapSelectButtonEvent: WorldWideChoice on WorldWideButton
[23:02:41]   MapSelectButtonEvent: WorldWideBack on WorldWideBackButton
[23:02:41]   MapSelectButtonEvent: WWMaxNumSub on WWMaxNumSubButton
[23:02:41]   MapSelectButtonEvent: LocalBack on LocalBackButton
[23:02:41]   MapSelectButtonEvent: WWMaxNumAdd on WWMaxNumAddButton
[23:02:41]   MapSelectButtonEvent: LWFMapPre on LWFMapPreButton
[23:02:41]   MapSelectButtonEvent: WWCreate on WWRoomCreateButton
[23:02:41]   MapSelectButtonEvent: WWQuickStart on WWQuickStartButton
[23:02:41]   MapSelectButtonEvent: WWRoomCreateBack on WWRoomCreateBackButton
[23:02:41]   MapSelectButtonEvent: ChoiceBack on ChoiceBackButton
[23:02:41]   MapSelectButtonEvent: Nil on WWMapNextButton
[23:02:41]   MapSelectButtonEvent: Nil on WWMapPreButton
[23:02:41]   MapSelectButtonEvent: LWFStart on LWFStartButton
[23:02:41]   MapSelectButtonEvent: LocalChoice on LocalButton
[23:02:41]   MapSelectButtonEvent: LWFMapNext on LWFMapNextButton
[23:02:41]   MapSelectButtonEvent: WWStart on WWRoomStartButton
[23:02:41] Button hook complete — hooked 0 button(s)
[23:02:41] HookButtons: scanning 313 behaviours (incl. inactive)
[23:02:41]   MapSelectButtonEvent: WorldWideChoice on WorldWideButton
[23:02:41]   MapSelectButtonEvent: WorldWideBack on WorldWideBackButton
[23:02:41]   MapSelectButtonEvent: WWMaxNumSub on WWMaxNumSubButton
[23:02:41]   MapSelectButtonEvent: LocalBack on LocalBackButton
[23:02:41]   MapSelectButtonEvent: WWMaxNumAdd on WWMaxNumAddButton
[23:02:41]   MapSelectButtonEvent: LWFMapPre on LWFMapPreButton
[23:02:41]   MapSelectButtonEvent: WWCreate on WWRoomCreateButton
[23:02:41]   MapSelectButtonEvent: WWQuickStart on WWQuickStartButton
[23:02:41]   MapSelectButtonEvent: WWRoomCreateBack on WWRoomCreateBackButton
[23:02:41]   MapSelectButtonEvent: ChoiceBack on ChoiceBackButton
[23:02:41]   MapSelectButtonEvent: Nil on WWMapNextButton
[23:02:41]   MapSelectButtonEvent: Nil on WWMapPreButton
[23:02:41]   MapSelectButtonEvent: LWFStart on LWFStartButton
[23:02:41]   MapSelectButtonEvent: LocalChoice on LocalButton
[23:02:41]   MapSelectButtonEvent: LWFMapNext on LWFMapNextButton
[23:02:41]   MapSelectButtonEvent: WWStart on WWRoomStartButton
[23:02:41] Button hook complete — hooked 0 button(s)
[23:02:42] HookButtons: scanning 313 behaviours (incl. inactive)
[23:02:42]   MapSelectButtonEvent: WorldWideChoice on WorldWideButton
[23:02:42]   MapSelectButtonEvent: WorldWideBack on WorldWideBackButton
[23:02:42]   MapSelectButtonEvent: WWMaxNumSub on WWMaxNumSubButton
[23:02:42]   MapSelectButtonEvent: LocalBack on LocalBackButton
[23:02:42]   MapSelectButtonEvent: WWMaxNumAdd on WWMaxNumAddButton
[23:02:42]   MapSelectButtonEvent: LWFMapPre on LWFMapPreButton
[23:02:42]   MapSelectButtonEvent: WWCreate on WWRoomCreateButton
[23:02:42]   MapSelectButtonEvent: WWQuickStart on WWQuickStartButton
[23:02:42]   MapSelectButtonEvent: WWRoomCreateBack on WWRoomCreateBackButton
[23:02:42]   MapSelectButtonEvent: ChoiceBack on ChoiceBackButton
[23:02:42]   MapSelectButtonEvent: Nil on WWMapNextButton
[23:02:42]   MapSelectButtonEvent: Nil on WWMapPreButton
[23:02:42]   MapSelectButtonEvent: LWFStart on LWFStartButton
[23:02:42]   MapSelectButtonEvent: LocalChoice on LocalButton
[23:02:42]   MapSelectButtonEvent: LWFMapNext on LWFMapNextButton
[23:02:42]   MapSelectButtonEvent: WWStart on WWRoomStartButton
[23:02:42] Button hook complete — hooked 0 button(s)
[23:02:42] HookButtons: scanning 313 behaviours (incl. inactive)
[23:02:42]   MapSelectButtonEvent: WorldWideChoice on WorldWideButton
[23:02:42]   MapSelectButtonEvent: WorldWideBack on WorldWideBackButton
[23:02:42]   MapSelectButtonEvent: WWMaxNumSub on WWMaxNumSubButton
[23:02:42]   MapSelectButtonEvent: LocalBack on LocalBackButton
[23:02:42]   MapSelectButtonEvent: WWMaxNumAdd on WWMaxNumAddButton
[23:02:42]   MapSelectButtonEvent: LWFMapPre on LWFMapPreButton
[23:02:42]   MapSelectButtonEvent: WWCreate on WWRoomCreateButton
[23:02:42]   MapSelectButtonEvent: WWQuickStart on WWQuickStartButton
[23:02:42]   MapSelectButtonEvent: WWRoomCreateBack on WWRoomCreateBackButton
[23:02:42]   MapSelectButtonEvent: ChoiceBack on ChoiceBackButton
[23:02:42]   MapSelectButtonEvent: Nil on WWMapNextButton
[23:02:42]   MapSelectButtonEvent: Nil on WWMapPreButton
[23:02:42]   MapSelectButtonEvent: LWFStart on LWFStartButton
[23:02:42]   MapSelectButtonEvent: LocalChoice on LocalButton
[23:02:42]   MapSelectButtonEvent: LWFMapNext on LWFMapNextButton
[23:02:42]   MapSelectButtonEvent: WWStart on WWRoomStartButton
[23:02:42] Button hook complete — hooked 0 button(s)
[23:02:42] [Update tick 3] deltaTime=0.0332 unscaled=0.0332 realTime=9.1 timescale=1.00
[23:02:42] HookButtons: scanning 313 behaviours (incl. inactive)
[23:02:42]   MapSelectButtonEvent: WorldWideChoice on WorldWideButton
[23:02:42]   MapSelectButtonEvent: WorldWideBack on WorldWideBackButton
[23:02:42]   MapSelectButtonEvent: WWMaxNumSub on WWMaxNumSubButton
[23:02:42]   MapSelectButtonEvent: LocalBack on LocalBackButton
[23:02:42]   MapSelectButtonEvent: WWMaxNumAdd on WWMaxNumAddButton
[23:02:42]   MapSelectButtonEvent: LWFMapPre on LWFMapPreButton
[23:02:42]   MapSelectButtonEvent: WWCreate on WWRoomCreateButton
[23:02:42]   MapSelectButtonEvent: WWQuickStart on WWQuickStartButton
[23:02:42]   MapSelectButtonEvent: WWRoomCreateBack on WWRoomCreateBackButton
[23:02:42]   MapSelectButtonEvent: ChoiceBack on ChoiceBackButton
[23:02:42]   MapSelectButtonEvent: Nil on WWMapNextButton
[23:02:42]   MapSelectButtonEvent: Nil on WWMapPreButton
[23:02:42]   MapSelectButtonEvent: LWFStart on LWFStartButton
[23:02:42]   MapSelectButtonEvent: LocalChoice on LocalButton
[23:02:42]   MapSelectButtonEvent: LWFMapNext on LWFMapNextButton
[23:02:42]   MapSelectButtonEvent: WWStart on WWRoomStartButton
[23:02:42] Button hook complete — hooked 0 button(s)
[23:02:42] HookButtons: scanning 313 behaviours (incl. inactive)
[23:02:42]   MapSelectButtonEvent: WorldWideChoice on WorldWideButton
[23:02:42]   MapSelectButtonEvent: WorldWideBack on WorldWideBackButton
[23:02:42]   MapSelectButtonEvent: WWMaxNumSub on WWMaxNumSubButton
[23:02:42]   MapSelectButtonEvent: LocalBack on LocalBackButton
[23:02:42]   MapSelectButtonEvent: WWMaxNumAdd on WWMaxNumAddButton
[23:02:42]   MapSelectButtonEvent: LWFMapPre on LWFMapPreButton
[23:02:42]   MapSelectButtonEvent: WWCreate on WWRoomCreateButton
[23:02:42]   MapSelectButtonEvent: WWQuickStart on WWQuickStartButton
[23:02:42]   MapSelectButtonEvent: WWRoomCreateBack on WWRoomCreateBackButton
[23:02:42]   MapSelectButtonEvent: ChoiceBack on ChoiceBackButton
[23:02:42]   MapSelectButtonEvent: Nil on WWMapNextButton
[23:02:42]   MapSelectButtonEvent: Nil on WWMapPreButton
[23:02:42]   MapSelectButtonEvent: LWFStart on LWFStartButton
[23:02:42]   MapSelectButtonEvent: LocalChoice on LocalButton
[23:02:42]   MapSelectButtonEvent: LWFMapNext on LWFMapNextButton
[23:02:42]   MapSelectButtonEvent: WWStart on WWRoomStartButton
[23:02:42] Button hook complete — hooked 0 button(s)
[23:02:42] HookButtons: scanning 313 behaviours (incl. inactive)
[23:02:42]   MapSelectButtonEvent: WorldWideChoice on WorldWideButton
[23:02:42]   MapSelectButtonEvent: WorldWideBack on WorldWideBackButton
[23:02:42]   MapSelectButtonEvent: WWMaxNumSub on WWMaxNumSubButton
[23:02:42]   MapSelectButtonEvent: LocalBack on LocalBackButton
[23:02:42]   MapSelectButtonEvent: WWMaxNumAdd on WWMaxNumAddButton
[23:02:42]   MapSelectButtonEvent: LWFMapPre on LWFMapPreButton
[23:02:42]   MapSelectButtonEvent: WWCreate on WWRoomCreateButton
[23:02:42]   MapSelectButtonEvent: WWQuickStart on WWQuickStartButton
[23:02:42]   MapSelectButtonEvent: WWRoomCreateBack on WWRoomCreateBackButton
[23:02:42]   MapSelectButtonEvent: ChoiceBack on ChoiceBackButton
[23:02:42]   MapSelectButtonEvent: Nil on WWMapNextButton
[23:02:42]   MapSelectButtonEvent: Nil on WWMapPreButton
[23:02:42]   MapSelectButtonEvent: LWFStart on LWFStartButton
[23:02:42]   MapSelectButtonEvent: LocalChoice on LocalButton
[23:02:42]   MapSelectButtonEvent: LWFMapNext on LWFMapNextButton
[23:02:42]   MapSelectButtonEvent: WWStart on WWRoomStartButton
[23:02:42] Button hook complete — hooked 0 button(s)
[23:02:42] Map changed to: FreeRun15_1 (loads: FreeRun8_1)
[23:02:42] HookButtons: scanning 313 behaviours (incl. inactive)
[23:02:42]   MapSelectButtonEvent: WorldWideChoice on WorldWideButton
[23:02:42]   MapSelectButtonEvent: WorldWideBack on WorldWideBackButton
[23:02:42]   MapSelectButtonEvent: WWMaxNumSub on WWMaxNumSubButton
[23:02:42]   MapSelectButtonEvent: LocalBack on LocalBackButton
[23:02:42]   MapSelectButtonEvent: WWMaxNumAdd on WWMaxNumAddButton
[23:02:42]   MapSelectButtonEvent: LWFMapPre on LWFMapPreButton
[23:02:42]   MapSelectButtonEvent: WWCreate on WWRoomCreateButton
[23:02:42]   MapSelectButtonEvent: WWQuickStart on WWQuickStartButton
[23:02:42]   MapSelectButtonEvent: WWRoomCreateBack on WWRoomCreateBackButton
[23:02:42]   MapSelectButtonEvent: ChoiceBack on ChoiceBackButton
[23:02:42]   MapSelectButtonEvent: Nil on WWMapNextButton
[23:02:42]   MapSelectButtonEvent: Nil on WWMapPreButton
[23:02:42]   MapSelectButtonEvent: LWFStart on LWFStartButton
[23:02:42]   MapSelectButtonEvent: LocalChoice on LocalButton
[23:02:42]   MapSelectButtonEvent: LWFMapNext on LWFMapNextButton
[23:02:42]   MapSelectButtonEvent: WWStart on WWRoomStartButton
[23:02:42] Button hook complete — hooked 0 button(s)
[23:02:43] HookButtons: scanning 313 behaviours (incl. inactive)
[23:02:43]   MapSelectButtonEvent: WorldWideChoice on WorldWideButton
[23:02:43]   MapSelectButtonEvent: WorldWideBack on WorldWideBackButton
[23:02:43]   MapSelectButtonEvent: WWMaxNumSub on WWMaxNumSubButton
[23:02:43]   MapSelectButtonEvent: LocalBack on LocalBackButton
[23:02:43]   MapSelectButtonEvent: WWMaxNumAdd on WWMaxNumAddButton
[23:02:43]   MapSelectButtonEvent: LWFMapPre on LWFMapPreButton
[23:02:43]   MapSelectButtonEvent: WWCreate on WWRoomCreateButton
[23:02:43]   MapSelectButtonEvent: WWQuickStart on WWQuickStartButton
[23:02:43]   MapSelectButtonEvent: WWRoomCreateBack on WWRoomCreateBackButton
[23:02:43]   MapSelectButtonEvent: ChoiceBack on ChoiceBackButton
[23:02:43]   MapSelectButtonEvent: Nil on WWMapNextButton
[23:02:43]   MapSelectButtonEvent: Nil on WWMapPreButton
[23:02:43]   MapSelectButtonEvent: LWFStart on LWFStartButton
[23:02:43]   MapSelectButtonEvent: LocalChoice on LocalButton
[23:02:43]   MapSelectButtonEvent: LWFMapNext on LWFMapNextButton
[23:02:43]   MapSelectButtonEvent: WWStart on WWRoomStartButton
[23:02:43] Button hook complete — hooked 0 button(s)
[23:02:43] HookButtons: scanning 313 behaviours (incl. inactive)
[23:02:43]   MapSelectButtonEvent: WorldWideChoice on WorldWideButton
[23:02:43]   MapSelectButtonEvent: WorldWideBack on WorldWideBackButton
[23:02:43]   MapSelectButtonEvent: WWMaxNumSub on WWMaxNumSubButton
[23:02:43]   MapSelectButtonEvent: LocalBack on LocalBackButton
[23:02:43]   MapSelectButtonEvent: WWMaxNumAdd on WWMaxNumAddButton
[23:02:43]   MapSelectButtonEvent: LWFMapPre on LWFMapPreButton
[23:02:43]   MapSelectButtonEvent: WWCreate on WWRoomCreateButton
[23:02:43]   MapSelectButtonEvent: WWQuickStart on WWQuickStartButton
[23:02:43]   MapSelectButtonEvent: WWRoomCreateBack on WWRoomCreateBackButton
[23:02:43]   MapSelectButtonEvent: ChoiceBack on ChoiceBackButton
[23:02:43]   MapSelectButtonEvent: Nil on WWMapNextButton
[23:02:43]   MapSelectButtonEvent: Nil on WWMapPreButton
[23:02:43]   MapSelectButtonEvent: LWFStart on LWFStartButton
[23:02:43]   MapSelectButtonEvent: LocalChoice on LocalButton
[23:02:43]   MapSelectButtonEvent: LWFMapNext on LWFMapNextButton
[23:02:43]   MapSelectButtonEvent: WWStart on WWRoomStartButton
[23:02:43] Button hook complete — hooked 0 button(s)
[23:02:43] HookButtons: scanning 313 behaviours (incl. inactive)
[23:02:43]   MapSelectButtonEvent: WorldWideChoice on WorldWideButton
[23:02:43]   MapSelectButtonEvent: WorldWideBack on WorldWideBackButton
[23:02:43]   MapSelectButtonEvent: WWMaxNumSub on WWMaxNumSubButton
[23:02:43]   MapSelectButtonEvent: LocalBack on LocalBackButton
[23:02:43]   MapSelectButtonEvent: WWMaxNumAdd on WWMaxNumAddButton
[23:02:43]   MapSelectButtonEvent: LWFMapPre on LWFMapPreButton
[23:02:43]   MapSelectButtonEvent: WWCreate on WWRoomCreateButton
[23:02:43]   MapSelectButtonEvent: WWQuickStart on WWQuickStartButton
[23:02:43]   MapSelectButtonEvent: WWRoomCreateBack on WWRoomCreateBackButton
[23:02:43]   MapSelectButtonEvent: ChoiceBack on ChoiceBackButton
[23:02:43]   MapSelectButtonEvent: Nil on WWMapNextButton
[23:02:43]   MapSelectButtonEvent: Nil on WWMapPreButton
[23:02:43]   MapSelectButtonEvent: LWFStart on LWFStartButton
[23:02:43]   MapSelectButtonEvent: LocalChoice on LocalButton
[23:02:43]   MapSelectButtonEvent: LWFMapNext on LWFMapNextButton
[23:02:43]   MapSelectButtonEvent: WWStart on WWRoomStartButton
[23:02:43] Button hook complete — hooked 0 button(s)
[23:02:43] Map changed to: FreeRun14_1 (loads: FreeRun5_1)
[23:02:43] HookButtons: scanning 313 behaviours (incl. inactive)
[23:02:43]   MapSelectButtonEvent: WorldWideChoice on WorldWideButton
[23:02:43]   MapSelectButtonEvent: WorldWideBack on WorldWideBackButton
[23:02:43]   MapSelectButtonEvent: WWMaxNumSub on WWMaxNumSubButton
[23:02:43]   MapSelectButtonEvent: LocalBack on LocalBackButton
[23:02:43]   MapSelectButtonEvent: WWMaxNumAdd on WWMaxNumAddButton
[23:02:43]   MapSelectButtonEvent: LWFMapPre on LWFMapPreButton
[23:02:43]   MapSelectButtonEvent: WWCreate on WWRoomCreateButton
[23:02:43]   MapSelectButtonEvent: WWQuickStart on WWQuickStartButton
[23:02:43]   MapSelectButtonEvent: WWRoomCreateBack on WWRoomCreateBackButton
[23:02:43]   MapSelectButtonEvent: ChoiceBack on ChoiceBackButton
[23:02:43]   MapSelectButtonEvent: Nil on WWMapNextButton
[23:02:43]   MapSelectButtonEvent: Nil on WWMapPreButton
[23:02:43]   MapSelectButtonEvent: LWFStart on LWFStartButton
[23:02:43]   MapSelectButtonEvent: LocalChoice on LocalButton
[23:02:43]   MapSelectButtonEvent: LWFMapNext on LWFMapNextButton
[23:02:43]   MapSelectButtonEvent: WWStart on WWRoomStartButton
[23:02:43] Button hook complete — hooked 0 button(s)
[23:02:43] HookButtons: scanning 313 behaviours (incl. inactive)
[23:02:43]   MapSelectButtonEvent: WorldWideChoice on WorldWideButton
[23:02:43]   MapSelectButtonEvent: WorldWideBack on WorldWideBackButton
[23:02:43]   MapSelectButtonEvent: WWMaxNumSub on WWMaxNumSubButton
[23:02:43]   MapSelectButtonEvent: LocalBack on LocalBackButton
[23:02:43]   MapSelectButtonEvent: WWMaxNumAdd on WWMaxNumAddButton
[23:02:43]   MapSelectButtonEvent: LWFMapPre on LWFMapPreButton
[23:02:43]   MapSelectButtonEvent: WWCreate on WWRoomCreateButton
[23:02:43]   MapSelectButtonEvent: WWQuickStart on WWQuickStartButton
[23:02:43]   MapSelectButtonEvent: WWRoomCreateBack on WWRoomCreateBackButton
[23:02:43]   MapSelectButtonEvent: ChoiceBack on ChoiceBackButton
[23:02:43]   MapSelectButtonEvent: Nil on WWMapNextButton
[23:02:43]   MapSelectButtonEvent: Nil on WWMapPreButton
[23:02:43]   MapSelectButtonEvent: LWFStart on LWFStartButton
[23:02:43]   MapSelectButtonEvent: LocalChoice on LocalButton
[23:02:43]   MapSelectButtonEvent: LWFMapNext on LWFMapNextButton
[23:02:43]   MapSelectButtonEvent: WWStart on WWRoomStartButton
[23:02:43] Button hook complete — hooked 0 button(s)
[23:02:43] HookButtons: scanning 313 behaviours (incl. inactive)
[23:02:43]   MapSelectButtonEvent: WorldWideChoice on WorldWideButton
[23:02:43]   MapSelectButtonEvent: WorldWideBack on WorldWideBackButton
[23:02:43]   MapSelectButtonEvent: WWMaxNumSub on WWMaxNumSubButton
[23:02:43]   MapSelectButtonEvent: LocalBack on LocalBackButton
[23:02:43]   MapSelectButtonEvent: WWMaxNumAdd on WWMaxNumAddButton
[23:02:43]   MapSelectButtonEvent: LWFMapPre on LWFMapPreButton
[23:02:43]   MapSelectButtonEvent: WWCreate on WWRoomCreateButton
[23:02:43]   MapSelectButtonEvent: WWQuickStart on WWQuickStartButton
[23:02:43]   MapSelectButtonEvent: WWRoomCreateBack on WWRoomCreateBackButton
[23:02:43]   MapSelectButtonEvent: ChoiceBack on ChoiceBackButton
[23:02:43]   MapSelectButtonEvent: Nil on WWMapNextButton
[23:02:43]   MapSelectButtonEvent: Nil on WWMapPreButton
[23:02:43]   MapSelectButtonEvent: LWFStart on LWFStartButton
[23:02:43]   MapSelectButtonEvent: LocalChoice on LocalButton
[23:02:43]   MapSelectButtonEvent: LWFMapNext on LWFMapNextButton
[23:02:43]   MapSelectButtonEvent: WWStart on WWRoomStartButton
[23:02:43] Button hook complete — hooked 0 button(s)
[23:02:44] HookButtons: scanning 313 behaviours (incl. inactive)
[23:02:44]   MapSelectButtonEvent: WorldWideChoice on WorldWideButton
[23:02:44]   MapSelectButtonEvent: WorldWideBack on WorldWideBackButton
[23:02:44]   MapSelectButtonEvent: WWMaxNumSub on WWMaxNumSubButton
[23:02:44]   MapSelectButtonEvent: LocalBack on LocalBackButton
[23:02:44]   MapSelectButtonEvent: WWMaxNumAdd on WWMaxNumAddButton
[23:02:44]   MapSelectButtonEvent: LWFMapPre on LWFMapPreButton
[23:02:44]   MapSelectButtonEvent: WWCreate on WWRoomCreateButton
[23:02:44]   MapSelectButtonEvent: WWQuickStart on WWQuickStartButton
[23:02:44]   MapSelectButtonEvent: WWRoomCreateBack on WWRoomCreateBackButton
[23:02:44]   MapSelectButtonEvent: ChoiceBack on ChoiceBackButton
[23:02:44]   MapSelectButtonEvent: Nil on WWMapNextButton
[23:02:44]   MapSelectButtonEvent: Nil on WWMapPreButton
[23:02:44]   MapSelectButtonEvent: LWFStart on LWFStartButton
[23:02:44]   MapSelectButtonEvent: LocalChoice on LocalButton
[23:02:44]   MapSelectButtonEvent: LWFMapNext on LWFMapNextButton
[23:02:44]   MapSelectButtonEvent: WWStart on WWRoomStartButton
[23:02:44] Button hook complete — hooked 0 button(s)
[23:02:44] HookButtons: scanning 313 behaviours (incl. inactive)
[23:02:44]   MapSelectButtonEvent: WorldWideChoice on WorldWideButton
[23:02:44]   MapSelectButtonEvent: WorldWideBack on WorldWideBackButton
[23:02:44]   MapSelectButtonEvent: WWMaxNumSub on WWMaxNumSubButton
[23:02:44]   MapSelectButtonEvent: LocalBack on LocalBackButton
[23:02:44]   MapSelectButtonEvent: WWMaxNumAdd on WWMaxNumAddButton
[23:02:44]   MapSelectButtonEvent: LWFMapPre on LWFMapPreButton
[23:02:44]   MapSelectButtonEvent: WWCreate on WWRoomCreateButton
[23:02:44]   MapSelectButtonEvent: WWQuickStart on WWQuickStartButton
[23:02:44]   MapSelectButtonEvent: WWRoomCreateBack on WWRoomCreateBackButton
[23:02:44]   MapSelectButtonEvent: ChoiceBack on ChoiceBackButton
[23:02:44]   MapSelectButtonEvent: Nil on WWMapNextButton
[23:02:44]   MapSelectButtonEvent: Nil on WWMapPreButton
[23:02:44]   MapSelectButtonEvent: LWFStart on LWFStartButton
[23:02:44]   MapSelectButtonEvent: LocalChoice on LocalButton
[23:02:44]   MapSelectButtonEvent: LWFMapNext on LWFMapNextButton
[23:02:44]   MapSelectButtonEvent: WWStart on WWRoomStartButton
[23:02:44] Button hook complete — hooked 0 button(s)
[23:02:44] HookButtons: scanning 313 behaviours (incl. inactive)
[23:02:44]   MapSelectButtonEvent: WorldWideChoice on WorldWideButton
[23:02:44]   MapSelectButtonEvent: WorldWideBack on WorldWideBackButton
[23:02:44]   MapSelectButtonEvent: WWMaxNumSub on WWMaxNumSubButton
[23:02:44]   MapSelectButtonEvent: LocalBack on LocalBackButton
[23:02:44]   MapSelectButtonEvent: WWMaxNumAdd on WWMaxNumAddButton
[23:02:44]   MapSelectButtonEvent: LWFMapPre on LWFMapPreButton
[23:02:44]   MapSelectButtonEvent: WWCreate on WWRoomCreateButton
[23:02:44]   MapSelectButtonEvent: WWQuickStart on WWQuickStartButton
[23:02:44]   MapSelectButtonEvent: WWRoomCreateBack on WWRoomCreateBackButton
[23:02:44]   MapSelectButtonEvent: ChoiceBack on ChoiceBackButton
[23:02:44]   MapSelectButtonEvent: Nil on WWMapNextButton
[23:02:44]   MapSelectButtonEvent: Nil on WWMapPreButton
[23:02:44]   MapSelectButtonEvent: LWFStart on LWFStartButton
[23:02:44]   MapSelectButtonEvent: LocalChoice on LocalButton
[23:02:44]   MapSelectButtonEvent: LWFMapNext on LWFMapNextButton
[23:02:44]   MapSelectButtonEvent: WWStart on WWRoomStartButton
[23:02:44] Button hook complete — hooked 0 button(s)
[23:02:44] [Update tick 2] deltaTime=0.0333 unscaled=0.0333 realTime=11.3 timescale=1.00
[23:02:44] HookButtons: scanning 313 behaviours (incl. inactive)
[23:02:44]   MapSelectButtonEvent: WorldWideChoice on WorldWideButton
[23:02:44]   MapSelectButtonEvent: WorldWideBack on WorldWideBackButton
[23:02:44]   MapSelectButtonEvent: WWMaxNumSub on WWMaxNumSubButton
[23:02:44]   MapSelectButtonEvent: LocalBack on LocalBackButton
[23:02:44]   MapSelectButtonEvent: WWMaxNumAdd on WWMaxNumAddButton
[23:02:44]   MapSelectButtonEvent: LWFMapPre on LWFMapPreButton
[23:02:44]   MapSelectButtonEvent: WWCreate on WWRoomCreateButton
[23:02:44]   MapSelectButtonEvent: WWQuickStart on WWQuickStartButton
[23:02:44]   MapSelectButtonEvent: WWRoomCreateBack on WWRoomCreateBackButton
[23:02:44]   MapSelectButtonEvent: ChoiceBack on ChoiceBackButton
[23:02:44]   MapSelectButtonEvent: Nil on WWMapNextButton
[23:02:44]   MapSelectButtonEvent: Nil on WWMapPreButton
[23:02:44]   MapSelectButtonEvent: LWFStart on LWFStartButton
[23:02:44]   MapSelectButtonEvent: LocalChoice on LocalButton
[23:02:44]   MapSelectButtonEvent: LWFMapNext on LWFMapNextButton
[23:02:44]   MapSelectButtonEvent: WWStart on WWRoomStartButton
[23:02:44] Button hook complete — hooked 0 button(s)
[23:02:44] HookButtons: scanning 313 behaviours (incl. inactive)
[23:02:44]   MapSelectButtonEvent: WorldWideChoice on WorldWideButton
[23:02:44]   MapSelectButtonEvent: WorldWideBack on WorldWideBackButton
[23:02:44]   MapSelectButtonEvent: WWMaxNumSub on WWMaxNumSubButton
[23:02:44]   MapSelectButtonEvent: LocalBack on LocalBackButton
[23:02:44]   MapSelectButtonEvent: WWMaxNumAdd on WWMaxNumAddButton
[23:02:44]   MapSelectButtonEvent: LWFMapPre on LWFMapPreButton
[23:02:44]   MapSelectButtonEvent: WWCreate on WWRoomCreateButton
[23:02:44]   MapSelectButtonEvent: WWQuickStart on WWQuickStartButton
[23:02:44]   MapSelectButtonEvent: WWRoomCreateBack on WWRoomCreateBackButton
[23:02:44]   MapSelectButtonEvent: ChoiceBack on ChoiceBackButton
[23:02:44]   MapSelectButtonEvent: Nil on WWMapNextButton
[23:02:44]   MapSelectButtonEvent: Nil on WWMapPreButton
[23:02:44]   MapSelectButtonEvent: LWFStart on LWFStartButton
[23:02:44]   MapSelectButtonEvent: LocalChoice on LocalButton
[23:02:44]   MapSelectButtonEvent: LWFMapNext on LWFMapNextButton
[23:02:44]   MapSelectButtonEvent: WWStart on WWRoomStartButton
[23:02:44] Button hook complete — hooked 0 button(s)
[23:02:44] HookButtons: scanning 313 behaviours (incl. inactive)
[23:02:44]   MapSelectButtonEvent: WorldWideChoice on WorldWideButton
[23:02:44]   MapSelectButtonEvent: WorldWideBack on WorldWideBackButton
[23:02:44]   MapSelectButtonEvent: WWMaxNumSub on WWMaxNumSubButton
[23:02:44]   MapSelectButtonEvent: LocalBack on LocalBackButton
[23:02:44]   MapSelectButtonEvent: WWMaxNumAdd on WWMaxNumAddButton
[23:02:44]   MapSelectButtonEvent: LWFMapPre on LWFMapPreButton
[23:02:44]   MapSelectButtonEvent: WWCreate on WWRoomCreateButton
[23:02:44]   MapSelectButtonEvent: WWQuickStart on WWQuickStartButton
[23:02:44]   MapSelectButtonEvent: WWRoomCreateBack on WWRoomCreateBackButton
[23:02:44]   MapSelectButtonEvent: ChoiceBack on ChoiceBackButton
[23:02:44]   MapSelectButtonEvent: Nil on WWMapNextButton
[23:02:44]   MapSelectButtonEvent: Nil on WWMapPreButton
[23:02:44]   MapSelectButtonEvent: LWFStart on LWFStartButton
[23:02:44]   MapSelectButtonEvent: LocalChoice on LocalButton
[23:02:44]   MapSelectButtonEvent: LWFMapNext on LWFMapNextButton
[23:02:44]   MapSelectButtonEvent: WWStart on WWRoomStartButton
[23:02:44] Button hook complete — hooked 0 button(s)
[23:02:45] HookButtons: scanning 313 behaviours (incl. inactive)
[23:02:45]   MapSelectButtonEvent: WorldWideChoice on WorldWideButton
[23:02:45]   MapSelectButtonEvent: WorldWideBack on WorldWideBackButton
[23:02:45]   MapSelectButtonEvent: WWMaxNumSub on WWMaxNumSubButton
[23:02:45]   MapSelectButtonEvent: LocalBack on LocalBackButton
[23:02:45]   MapSelectButtonEvent: WWMaxNumAdd on WWMaxNumAddButton
[23:02:45]   MapSelectButtonEvent: LWFMapPre on LWFMapPreButton
[23:02:45]   MapSelectButtonEvent: WWCreate on WWRoomCreateButton
[23:02:45]   MapSelectButtonEvent: WWQuickStart on WWQuickStartButton
[23:02:45]   MapSelectButtonEvent: WWRoomCreateBack on WWRoomCreateBackButton
[23:02:45]   MapSelectButtonEvent: ChoiceBack on ChoiceBackButton
[23:02:45]   MapSelectButtonEvent: Nil on WWMapNextButton
[23:02:45]   MapSelectButtonEvent: Nil on WWMapPreButton
[23:02:45]   MapSelectButtonEvent: LWFStart on LWFStartButton
[23:02:45]   MapSelectButtonEvent: LocalChoice on LocalButton
[23:02:45]   MapSelectButtonEvent: LWFMapNext on LWFMapNextButton
[23:02:45]   MapSelectButtonEvent: WWStart on WWRoomStartButton
[23:02:45] Button hook complete — hooked 0 button(s)
[23:02:45] HookButtons: scanning 313 behaviours (incl. inactive)
[23:02:45]   MapSelectButtonEvent: WorldWideChoice on WorldWideButton
[23:02:45]   MapSelectButtonEvent: WorldWideBack on WorldWideBackButton
[23:02:45]   MapSelectButtonEvent: WWMaxNumSub on WWMaxNumSubButton
[23:02:45]   MapSelectButtonEvent: LocalBack on LocalBackButton
[23:02:45]   MapSelectButtonEvent: WWMaxNumAdd on WWMaxNumAddButton
[23:02:45]   MapSelectButtonEvent: LWFMapPre on LWFMapPreButton
[23:02:45]   MapSelectButtonEvent: WWCreate on WWRoomCreateButton
[23:02:45]   MapSelectButtonEvent: WWQuickStart on WWQuickStartButton
[23:02:45]   MapSelectButtonEvent: WWRoomCreateBack on WWRoomCreateBackButton
[23:02:45]   MapSelectButtonEvent: ChoiceBack on ChoiceBackButton
[23:02:45]   MapSelectButtonEvent: Nil on WWMapNextButton
[23:02:45]   MapSelectButtonEvent: Nil on WWMapPreButton
[23:02:45]   MapSelectButtonEvent: LWFStart on LWFStartButton
[23:02:45]   MapSelectButtonEvent: LocalChoice on LocalButton
[23:02:45]   MapSelectButtonEvent: LWFMapNext on LWFMapNextButton
[23:02:45]   MapSelectButtonEvent: WWStart on WWRoomStartButton
[23:02:45] Button hook complete — hooked 0 button(s)
[23:02:45] [Update tick 4] deltaTime=0.0333 unscaled=0.0333 realTime=12.1 timescale=1.00
[23:02:45] HookButtons: scanning 313 behaviours (incl. inactive)
[23:02:45]   MapSelectButtonEvent: WorldWideChoice on WorldWideButton
[23:02:45]   MapSelectButtonEvent: WorldWideBack on WorldWideBackButton
[23:02:45]   MapSelectButtonEvent: WWMaxNumSub on WWMaxNumSubButton
[23:02:45]   MapSelectButtonEvent: LocalBack on LocalBackButton
[23:02:45]   MapSelectButtonEvent: WWMaxNumAdd on WWMaxNumAddButton
[23:02:45]   MapSelectButtonEvent: LWFMapPre on LWFMapPreButton
[23:02:45]   MapSelectButtonEvent: WWCreate on WWRoomCreateButton
[23:02:45]   MapSelectButtonEvent: WWQuickStart on WWQuickStartButton
[23:02:45]   MapSelectButtonEvent: WWRoomCreateBack on WWRoomCreateBackButton
[23:02:45]   MapSelectButtonEvent: ChoiceBack on ChoiceBackButton
[23:02:45]   MapSelectButtonEvent: Nil on WWMapNextButton
[23:02:45]   MapSelectButtonEvent: Nil on WWMapPreButton
[23:02:45]   MapSelectButtonEvent: LWFStart on LWFStartButton
[23:02:45]   MapSelectButtonEvent: LocalChoice on LocalButton
[23:02:45]   MapSelectButtonEvent: LWFMapNext on LWFMapNextButton
[23:02:45]   MapSelectButtonEvent: WWStart on WWRoomStartButton
[23:02:45] Button hook complete — hooked 0 button(s)
[23:02:45] HookButtons: scanning 313 behaviours (incl. inactive)
[23:02:45]   MapSelectButtonEvent: WorldWideChoice on WorldWideButton
[23:02:45]   MapSelectButtonEvent: WorldWideBack on WorldWideBackButton
[23:02:45]   MapSelectButtonEvent: WWMaxNumSub on WWMaxNumSubButton
[23:02:45]   MapSelectButtonEvent: LocalBack on LocalBackButton
[23:02:45]   MapSelectButtonEvent: WWMaxNumAdd on WWMaxNumAddButton
[23:02:45]   MapSelectButtonEvent: LWFMapPre on LWFMapPreButton
[23:02:45]   MapSelectButtonEvent: WWCreate on WWRoomCreateButton
[23:02:45]   MapSelectButtonEvent: WWQuickStart on WWQuickStartButton
[23:02:45]   MapSelectButtonEvent: WWRoomCreateBack on WWRoomCreateBackButton
[23:02:45]   MapSelectButtonEvent: ChoiceBack on ChoiceBackButton
[23:02:45]   MapSelectButtonEvent: Nil on WWMapNextButton
[23:02:45]   MapSelectButtonEvent: Nil on WWMapPreButton
[23:02:45]   MapSelectButtonEvent: LWFStart on LWFStartButton
[23:02:45]   MapSelectButtonEvent: LocalChoice on LocalButton
[23:02:45]   MapSelectButtonEvent: LWFMapNext on LWFMapNextButton
[23:02:45]   MapSelectButtonEvent: WWStart on WWRoomStartButton
[23:02:45] Button hook complete — hooked 0 button(s)
[23:02:45] HookButtons: scanning 313 behaviours (incl. inactive)
[23:02:45]   MapSelectButtonEvent: WorldWideChoice on WorldWideButton
[23:02:45]   MapSelectButtonEvent: WorldWideBack on WorldWideBackButton
[23:02:45]   MapSelectButtonEvent: WWMaxNumSub on WWMaxNumSubButton
[23:02:45]   MapSelectButtonEvent: LocalBack on LocalBackButton
[23:02:45]   MapSelectButtonEvent: WWMaxNumAdd on WWMaxNumAddButton
[23:02:45]   MapSelectButtonEvent: LWFMapPre on LWFMapPreButton
[23:02:45]   MapSelectButtonEvent: WWCreate on WWRoomCreateButton
[23:02:45]   MapSelectButtonEvent: WWQuickStart on WWQuickStartButton
[23:02:45]   MapSelectButtonEvent: WWRoomCreateBack on WWRoomCreateBackButton
[23:02:45]   MapSelectButtonEvent: ChoiceBack on ChoiceBackButton
[23:02:45]   MapSelectButtonEvent: Nil on WWMapNextButton
[23:02:45]   MapSelectButtonEvent: Nil on WWMapPreButton
[23:02:45]   MapSelectButtonEvent: LWFStart on LWFStartButton
[23:02:45]   MapSelectButtonEvent: LocalChoice on LocalButton
[23:02:45]   MapSelectButtonEvent: LWFMapNext on LWFMapNextButton
[23:02:45]   MapSelectButtonEvent: WWStart on WWRoomStartButton
[23:02:45] Button hook complete — hooked 0 button(s)
[23:02:45] HookButtons: scanning 312 behaviours (incl. inactive)
[23:02:45]   MapSelectButtonEvent: WorldWideChoice on WorldWideButton
[23:02:45]   MapSelectButtonEvent: WorldWideBack on WorldWideBackButton
[23:02:45]   MapSelectButtonEvent: WWMaxNumSub on WWMaxNumSubButton
[23:02:45]   MapSelectButtonEvent: LocalBack on LocalBackButton
[23:02:45]   MapSelectButtonEvent: WWMaxNumAdd on WWMaxNumAddButton
[23:02:45]   MapSelectButtonEvent: LWFMapPre on LWFMapPreButton
[23:02:45]   MapSelectButtonEvent: WWCreate on WWRoomCreateButton
[23:02:45]   MapSelectButtonEvent: WWQuickStart on WWQuickStartButton
[23:02:45]   MapSelectButtonEvent: WWRoomCreateBack on WWRoomCreateBackButton
[23:02:45]   MapSelectButtonEvent: ChoiceBack on ChoiceBackButton
[23:02:45]   MapSelectButtonEvent: Nil on WWMapNextButton
[23:02:45]   MapSelectButtonEvent: Nil on WWMapPreButton
[23:02:45]   MapSelectButtonEvent: LWFStart on LWFStartButton
[23:02:45]   MapSelectButtonEvent: LocalChoice on LocalButton
[23:02:45]   MapSelectButtonEvent: LWFMapNext on LWFMapNextButton
[23:02:45]   MapSelectButtonEvent: WWStart on WWRoomStartButton
[23:02:45] Button hook complete — hooked 0 button(s)
[23:02:46] HookButtons: scanning 312 behaviours (incl. inactive)
[23:02:46]   MapSelectButtonEvent: WorldWideChoice on WorldWideButton
[23:02:46]   MapSelectButtonEvent: WorldWideBack on WorldWideBackButton
[23:02:46]   MapSelectButtonEvent: WWMaxNumSub on WWMaxNumSubButton
[23:02:46]   MapSelectButtonEvent: LocalBack on LocalBackButton
[23:02:46]   MapSelectButtonEvent: WWMaxNumAdd on WWMaxNumAddButton
[23:02:46]   MapSelectButtonEvent: LWFMapPre on LWFMapPreButton
[23:02:46]   MapSelectButtonEvent: WWCreate on WWRoomCreateButton
[23:02:46]   MapSelectButtonEvent: WWQuickStart on WWQuickStartButton
[23:02:46]   MapSelectButtonEvent: WWRoomCreateBack on WWRoomCreateBackButton
[23:02:46]   MapSelectButtonEvent: ChoiceBack on ChoiceBackButton
[23:02:46]   MapSelectButtonEvent: Nil on WWMapNextButton
[23:02:46]   MapSelectButtonEvent: Nil on WWMapPreButton
[23:02:46]   MapSelectButtonEvent: LWFStart on LWFStartButton
[23:02:46]   MapSelectButtonEvent: LocalChoice on LocalButton
[23:02:46]   MapSelectButtonEvent: LWFMapNext on LWFMapNextButton
[23:02:46]   MapSelectButtonEvent: WWStart on WWRoomStartButton
[23:02:46] Button hook complete — hooked 0 button(s)
[23:02:46] HookButtons: scanning 312 behaviours (incl. inactive)
[23:02:46]   MapSelectButtonEvent: WorldWideChoice on WorldWideButton
[23:02:46]   MapSelectButtonEvent: WorldWideBack on WorldWideBackButton
[23:02:46]   MapSelectButtonEvent: WWMaxNumSub on WWMaxNumSubButton
[23:02:46]   MapSelectButtonEvent: LocalBack on LocalBackButton
[23:02:46]   MapSelectButtonEvent: WWMaxNumAdd on WWMaxNumAddButton
[23:02:46]   MapSelectButtonEvent: LWFMapPre on LWFMapPreButton
[23:02:46]   MapSelectButtonEvent: WWCreate on WWRoomCreateButton
[23:02:46]   MapSelectButtonEvent: WWQuickStart on WWQuickStartButton
[23:02:46]   MapSelectButtonEvent: WWRoomCreateBack on WWRoomCreateBackButton
[23:02:46]   MapSelectButtonEvent: ChoiceBack on ChoiceBackButton
[23:02:46]   MapSelectButtonEvent: Nil on WWMapNextButton
[23:02:46]   MapSelectButtonEvent: Nil on WWMapPreButton
[23:02:46]   MapSelectButtonEvent: LWFStart on LWFStartButton
[23:02:46]   MapSelectButtonEvent: LocalChoice on LocalButton
[23:02:46]   MapSelectButtonEvent: LWFMapNext on LWFMapNextButton
[23:02:46]   MapSelectButtonEvent: WWStart on WWRoomStartButton
[23:02:46] Button hook complete — hooked 0 button(s)
[23:02:46] HookButtons: scanning 312 behaviours (incl. inactive)
[23:02:46]   MapSelectButtonEvent: WorldWideChoice on WorldWideButton
[23:02:46]   MapSelectButtonEvent: WorldWideBack on WorldWideBackButton
[23:02:46]   MapSelectButtonEvent: WWMaxNumSub on WWMaxNumSubButton
[23:02:46]   MapSelectButtonEvent: LocalBack on LocalBackButton
[23:02:46]   MapSelectButtonEvent: WWMaxNumAdd on WWMaxNumAddButton
[23:02:46]   MapSelectButtonEvent: LWFMapPre on LWFMapPreButton
[23:02:46]   MapSelectButtonEvent: WWCreate on WWRoomCreateButton
[23:02:46]   MapSelectButtonEvent: WWQuickStart on WWQuickStartButton
[23:02:46]   MapSelectButtonEvent: WWRoomCreateBack on WWRoomCreateBackButton
[23:02:46]   MapSelectButtonEvent: ChoiceBack on ChoiceBackButton
[23:02:46]   MapSelectButtonEvent: Nil on WWMapNextButton
[23:02:46]   MapSelectButtonEvent: Nil on WWMapPreButton
[23:02:46]   MapSelectButtonEvent: LWFStart on LWFStartButton
[23:02:46]   MapSelectButtonEvent: LocalChoice on LocalButton
[23:02:46]   MapSelectButtonEvent: LWFMapNext on LWFMapNextButton
[23:02:46]   MapSelectButtonEvent: WWStart on WWRoomStartButton
[23:02:46] Button hook complete — hooked 0 button(s)
[23:02:46] HookButtons: scanning 312 behaviours (incl. inactive)
[23:02:46]   MapSelectButtonEvent: WorldWideChoice on WorldWideButton
[23:02:46]   MapSelectButtonEvent: WorldWideBack on WorldWideBackButton
[23:02:46]   MapSelectButtonEvent: WWMaxNumSub on WWMaxNumSubButton
[23:02:46]   MapSelectButtonEvent: LocalBack on LocalBackButton
[23:02:46]   MapSelectButtonEvent: WWMaxNumAdd on WWMaxNumAddButton
[23:02:46]   MapSelectButtonEvent: LWFMapPre on LWFMapPreButton
[23:02:46]   MapSelectButtonEvent: WWCreate on WWRoomCreateButton
[23:02:46]   MapSelectButtonEvent: WWQuickStart on WWQuickStartButton
[23:02:46]   MapSelectButtonEvent: WWRoomCreateBack on WWRoomCreateBackButton
[23:02:46]   MapSelectButtonEvent: ChoiceBack on ChoiceBackButton
[23:02:46]   MapSelectButtonEvent: Nil on WWMapNextButton
[23:02:46]   MapSelectButtonEvent: Nil on WWMapPreButton
[23:02:46]   MapSelectButtonEvent: LWFStart on LWFStartButton
[23:02:46]   MapSelectButtonEvent: LocalChoice on LocalButton
[23:02:46]   MapSelectButtonEvent: LWFMapNext on LWFMapNextButton
[23:02:46]   MapSelectButtonEvent: WWStart on WWRoomStartButton
[23:02:46] Button hook complete — hooked 0 button(s)
[23:02:46] HookButtons: scanning 312 behaviours (incl. inactive)
[23:02:46]   MapSelectButtonEvent: WorldWideChoice on WorldWideButton
[23:02:46]   MapSelectButtonEvent: WorldWideBack on WorldWideBackButton
[23:02:46]   MapSelectButtonEvent: WWMaxNumSub on WWMaxNumSubButton
[23:02:46]   MapSelectButtonEvent: LocalBack on LocalBackButton
[23:02:46]   MapSelectButtonEvent: WWMaxNumAdd on WWMaxNumAddButton
[23:02:46]   MapSelectButtonEvent: LWFMapPre on LWFMapPreButton
[23:02:46]   MapSelectButtonEvent: WWCreate on WWRoomCreateButton
[23:02:46]   MapSelectButtonEvent: WWQuickStart on WWQuickStartButton
[23:02:46]   MapSelectButtonEvent: WWRoomCreateBack on WWRoomCreateBackButton
[23:02:46]   MapSelectButtonEvent: ChoiceBack on ChoiceBackButton
[23:02:46]   MapSelectButtonEvent: Nil on WWMapNextButton
[23:02:46]   MapSelectButtonEvent: Nil on WWMapPreButton
[23:02:46]   MapSelectButtonEvent: LWFStart on LWFStartButton
[23:02:46]   MapSelectButtonEvent: LocalChoice on LocalButton
[23:02:46]   MapSelectButtonEvent: LWFMapNext on LWFMapNextButton
[23:02:46]   MapSelectButtonEvent: WWStart on WWRoomStartButton
[23:02:46] Button hook complete — hooked 0 button(s)
[23:02:46] HookButtons: scanning 312 behaviours (incl. inactive)
[23:02:46]   MapSelectButtonEvent: WorldWideChoice on WorldWideButton
[23:02:46]   MapSelectButtonEvent: WorldWideBack on WorldWideBackButton
[23:02:46]   MapSelectButtonEvent: WWMaxNumSub on WWMaxNumSubButton
[23:02:46]   MapSelectButtonEvent: LocalBack on LocalBackButton
[23:02:46]   MapSelectButtonEvent: WWMaxNumAdd on WWMaxNumAddButton
[23:02:46]   MapSelectButtonEvent: LWFMapPre on LWFMapPreButton
[23:02:46]   MapSelectButtonEvent: WWCreate on WWRoomCreateButton
[23:02:46]   MapSelectButtonEvent: WWQuickStart on WWQuickStartButton
[23:02:46]   MapSelectButtonEvent: WWRoomCreateBack on WWRoomCreateBackButton
[23:02:46]   MapSelectButtonEvent: ChoiceBack on ChoiceBackButton
[23:02:46]   MapSelectButtonEvent: Nil on WWMapNextButton
[23:02:46]   MapSelectButtonEvent: Nil on WWMapPreButton
[23:02:46]   MapSelectButtonEvent: LWFStart on LWFStartButton
[23:02:46]   MapSelectButtonEvent: LocalChoice on LocalButton
[23:02:46]   MapSelectButtonEvent: LWFMapNext on LWFMapNextButton
[23:02:46]   MapSelectButtonEvent: WWStart on WWRoomStartButton
[23:02:46] Button hook complete — hooked 0 button(s)
[23:02:47] HookButtons: scanning 312 behaviours (incl. inactive)
[23:02:47]   MapSelectButtonEvent: WorldWideChoice on WorldWideButton
[23:02:47]   MapSelectButtonEvent: WorldWideBack on WorldWideBackButton
[23:02:47]   MapSelectButtonEvent: WWMaxNumSub on WWMaxNumSubButton
[23:02:47]   MapSelectButtonEvent: LocalBack on LocalBackButton
[23:02:47]   MapSelectButtonEvent: WWMaxNumAdd on WWMaxNumAddButton
[23:02:47]   MapSelectButtonEvent: LWFMapPre on LWFMapPreButton
[23:02:47]   MapSelectButtonEvent: WWCreate on WWRoomCreateButton
[23:02:47]   MapSelectButtonEvent: WWQuickStart on WWQuickStartButton
[23:02:47]   MapSelectButtonEvent: WWRoomCreateBack on WWRoomCreateBackButton
[23:02:47]   MapSelectButtonEvent: ChoiceBack on ChoiceBackButton
[23:02:47]   MapSelectButtonEvent: Nil on WWMapNextButton
[23:02:47]   MapSelectButtonEvent: Nil on WWMapPreButton
[23:02:47]   MapSelectButtonEvent: LWFStart on LWFStartButton
[23:02:47]   MapSelectButtonEvent: LocalChoice on LocalButton
[23:02:47]   MapSelectButtonEvent: LWFMapNext on LWFMapNextButton
[23:02:47]   MapSelectButtonEvent: WWStart on WWRoomStartButton
[23:02:47] Button hook complete — hooked 0 button(s)
[23:02:47] OnJoinedRoom: mCurWWMapSelect=FreeRun5_1
[23:02:47] OnJoinedRoom: mCurWWMapSelect=FreeRun5_1
[23:02:47] OnLevelWasLoaded: scene=FreeRun5_1 level=12
[23:02:47] Scene 'FreeRun5_1' is not a connect scene and not MainMenu — leaving connection untouched
[23:02:47] OnLevelWasLoaded: scene=FreeRun5_1 level=12
[23:02:47] Scene 'FreeRun5_1' is not a connect scene and not MainMenu — leaving connection untouched
[23:02:47] [Update tick 3] deltaTime=0.0332 unscaled=0.0332 realTime=14.4 timescale=1.00
[23:02:48] HookButtons: scanning 736 behaviours (incl. inactive)
[23:02:48] Button hook complete — hooked 0 button(s)
[23:02:48] [Update tick 5] deltaTime=0.0332 unscaled=0.0332 realTime=15.1 timescale=1.00
[23:02:50] [Update tick 4] deltaTime=0.0332 unscaled=0.0332 realTime=17.4 timescale=1.00
[23:02:53] [Update tick 5] deltaTime=0.0332 unscaled=0.0332 realTime=20.4 timescale=1.00
[23:03:35] OnLevelWasLoaded: scene=LoadingToMenu level=13
[23:03:35] Scene 'LoadingToMenu' is not a connect scene and not MainMenu — leaving connection untouched
[23:03:35] OnLevelWasLoaded: scene=LoadingToMenu level=13
[23:03:35] Scene 'LoadingToMenu' is not a connect scene and not MainMenu — leaving connection untouched
[23:03:37] OnLevelWasLoaded: scene=MainMenu level=0
[23:03:37] OnLevelWasLoaded: scene=MainMenu level=0
[23:03:38] OnLevelWasLoaded: scene=MultiplayerSelect level=5
[23:03:38] Entered connect scene — starting LAN connection
[23:03:38]   ServerAddress = play.jacqueb.me
[23:03:38]   ServerPort = 5055
[23:03:38]   AppID = CNRLan
[23:03:38]   HostType = SelfHosted
[23:03:38] Override applied → play.jacqueb.me:5055  AppID=CNRLan
[23:03:38] Disconnect() called
[23:03:38] Photon disconnected, swapping to TCP then reconnecting
[23:03:38] SwapToTcp: current peerBase is TPeer
[23:03:38] SwapToTcp: usedProtocol = Tcp
[23:03:38] SwapToTcp: Listener set via property setter = NetworkingPeer
[23:03:38] SwapToTcp: peerBase swapped to TPeer - client will connect via TCP
[23:03:38] requestSecurity = false → will use direct OpAuthenticate (no DH)
[23:03:38] About to call ConnectUsingSettings...
[23:03:38] ConnectUsingSettings() returned OK → connecting to play.jacqueb.me:5055
[23:03:38] Monitoring connection state (30s timeout)...
[23:03:38] connState=1  detailState=2  (0.0s elapsed)  runInBg=True
[23:03:38] [heartbeat] connState=1  detailState=2  (0.0s elapsed)  runInBg=True  dt=0.0333
[23:03:38] OnLevelWasLoaded: scene=MultiplayerSelect level=5
[23:03:38] Entered connect scene — starting LAN connection
[23:03:38]   ServerAddress = play.jacqueb.me
[23:03:38]   ServerPort = 5055
[23:03:38]   AppID = CNRLan
[23:03:38]   HostType = SelfHosted
[23:03:38] Override applied → play.jacqueb.me:5055  AppID=CNRLan
[23:03:38] Disconnect() called
[23:03:38] CustomMaps Update: mCurWWSubScene=RoomChoice
[23:03:38] CustomMaps Update: mCurWWSubScene=RoomChoice
[23:03:38] connState=0  detailState=1  (0.0s elapsed)  runInBg=True
[23:03:38] Connection FAILED — Disconnected after 0.0s
[23:03:38] OVERLAY: LAN server unreachable. | play.jacqueb.me:5055 | Check server is running.
[23:03:38] Photon disconnected, swapping to TCP then reconnecting
[23:03:38] SwapToTcp: current peerBase is TPeer
[23:03:38] SwapToTcp: usedProtocol = Tcp
[23:03:38] SwapToTcp: Listener set via property setter = NetworkingPeer
[23:03:38] SwapToTcp: peerBase swapped to TPeer - client will connect via TCP
[23:03:38] requestSecurity = false → will use direct OpAuthenticate (no DH)
[23:03:38] About to call ConnectUsingSettings...
[23:03:38] ConnectUsingSettings() returned OK → connecting to play.jacqueb.me:5055
[23:03:38] Monitoring connection state (30s timeout)...
[23:03:38] connState=1  detailState=2  (0.0s elapsed)  runInBg=True
[23:03:38] [heartbeat] connState=1  detailState=2  (0.0s elapsed)  runInBg=True  dt=0.0333
[23:03:39] connState=2  detailState=3  (0.6s elapsed)  runInBg=True
[23:03:39] connState=2  detailState=5  (0.9s elapsed)  runInBg=True
[23:03:39] connState=2  detailState=6  (1.1s elapsed)  runInBg=True
[23:03:39] Connected to lobby! detailState=6 after 1.1s
[23:03:43] CustomMaps Update: mCurWWSubScene=RoomCreate
[23:03:43] CustomMaps Update: mCurWWSubScene=RoomCreate
[23:03:43] HookButtons: scanning 312 behaviours (incl. inactive)
[23:03:43]   MapSelectButtonEvent: WorldWideChoice on WorldWideButton
[23:03:43]   MapSelectButtonEvent: WorldWideBack on WorldWideBackButton
[23:03:43]   MapSelectButtonEvent: WWMaxNumSub on WWMaxNumSubButton
[23:03:43]   MapSelectButtonEvent: LocalBack on LocalBackButton
[23:03:43]   MapSelectButtonEvent: WWMaxNumAdd on WWMaxNumAddButton
[23:03:43]   MapSelectButtonEvent: LWFMapPre on LWFMapPreButton
[23:03:43]   MapSelectButtonEvent: WWCreate on WWRoomCreateButton
[23:03:43]   MapSelectButtonEvent: WWQuickStart on WWQuickStartButton
[23:03:43]   MapSelectButtonEvent: WWRoomCreateBack on WWRoomCreateBackButton
[23:03:43]   MapSelectButtonEvent: ChoiceBack on ChoiceBackButton
[23:03:43]   MapSelectButtonEvent: WWMapNext on WWMapNextButton
[23:03:43]   -> HOOKED as Next
[23:03:43]   MapSelectButtonEvent: WWMapPre on WWMapPreButton
[23:03:43]   -> HOOKED as Pre
[23:03:43]   MapSelectButtonEvent: LWFStart on LWFStartButton
[23:03:43]   MapSelectButtonEvent: LocalChoice on LocalButton
[23:03:43]   MapSelectButtonEvent: LWFMapNext on LWFMapNextButton
[23:03:43]   MapSelectButtonEvent: WWStart on WWRoomStartButton
[23:03:43] Button hook complete — hooked 2 button(s)
[23:03:43] HookButtons: scanning 314 behaviours (incl. inactive)
[23:03:43]   MapSelectButtonEvent: WorldWideChoice on WorldWideButton
[23:03:43]   MapSelectButtonEvent: WorldWideBack on WorldWideBackButton
[23:03:43]   MapSelectButtonEvent: WWMaxNumSub on WWMaxNumSubButton
[23:03:43]   MapSelectButtonEvent: LocalBack on LocalBackButton
[23:03:43]   MapSelectButtonEvent: WWMaxNumAdd on WWMaxNumAddButton
[23:03:43]   MapSelectButtonEvent: LWFMapPre on LWFMapPreButton
[23:03:43]   MapSelectButtonEvent: WWCreate on WWRoomCreateButton
[23:03:43]   MapSelectButtonEvent: WWQuickStart on WWQuickStartButton
[23:03:43]   MapSelectButtonEvent: WWRoomCreateBack on WWRoomCreateBackButton
[23:03:43]   MapSelectButtonEvent: ChoiceBack on ChoiceBackButton
[23:03:43]   MapSelectButtonEvent: Nil on WWMapNextButton
[23:03:43]   MapSelectButtonEvent: Nil on WWMapPreButton
[23:03:43]   MapSelectButtonEvent: LWFStart on LWFStartButton
[23:03:43]   MapSelectButtonEvent: LocalChoice on LocalButton
[23:03:43]   MapSelectButtonEvent: LWFMapNext on LWFMapNextButton
[23:03:43]   MapSelectButtonEvent: WWStart on WWRoomStartButton
[23:03:43] Button hook complete — hooked 0 button(s)
[23:03:43] HookButtons: scanning 314 behaviours (incl. inactive)
[23:03:43]   MapSelectButtonEvent: WorldWideChoice on WorldWideButton
[23:03:43]   MapSelectButtonEvent: WorldWideBack on WorldWideBackButton
[23:03:43]   MapSelectButtonEvent: WWMaxNumSub on WWMaxNumSubButton
[23:03:43]   MapSelectButtonEvent: LocalBack on LocalBackButton
[23:03:43]   MapSelectButtonEvent: WWMaxNumAdd on WWMaxNumAddButton
[23:03:43]   MapSelectButtonEvent: LWFMapPre on LWFMapPreButton
[23:03:43]   MapSelectButtonEvent: WWCreate on WWRoomCreateButton
[23:03:43]   MapSelectButtonEvent: WWQuickStart on WWQuickStartButton
[23:03:43]   MapSelectButtonEvent: WWRoomCreateBack on WWRoomCreateBackButton
[23:03:43]   MapSelectButtonEvent: ChoiceBack on ChoiceBackButton
[23:03:43]   MapSelectButtonEvent: Nil on WWMapNextButton
[23:03:43]   MapSelectButtonEvent: Nil on WWMapPreButton
[23:03:43]   MapSelectButtonEvent: LWFStart on LWFStartButton
[23:03:43]   MapSelectButtonEvent: LocalChoice on LocalButton
[23:03:43]   MapSelectButtonEvent: LWFMapNext on LWFMapNextButton
[23:03:43]   MapSelectButtonEvent: WWStart on WWRoomStartButton
[23:03:43] Button hook complete — hooked 0 button(s)
[23:03:43] HookButtons: scanning 314 behaviours (incl. inactive)
[23:03:43]   MapSelectButtonEvent: WorldWideChoice on WorldWideButton
[23:03:43]   MapSelectButtonEvent: WorldWideBack on WorldWideBackButton
[23:03:43]   MapSelectButtonEvent: WWMaxNumSub on WWMaxNumSubButton
[23:03:43]   MapSelectButtonEvent: LocalBack on LocalBackButton
[23:03:43]   MapSelectButtonEvent: WWMaxNumAdd on WWMaxNumAddButton
[23:03:43]   MapSelectButtonEvent: LWFMapPre on LWFMapPreButton
[23:03:43]   MapSelectButtonEvent: WWCreate on WWRoomCreateButton
[23:03:43]   MapSelectButtonEvent: WWQuickStart on WWQuickStartButton
[23:03:43]   MapSelectButtonEvent: WWRoomCreateBack on WWRoomCreateBackButton
[23:03:43]   MapSelectButtonEvent: ChoiceBack on ChoiceBackButton
[23:03:43]   MapSelectButtonEvent: Nil on WWMapNextButton
[23:03:43]   MapSelectButtonEvent: Nil on WWMapPreButton
[23:03:43]   MapSelectButtonEvent: LWFStart on LWFStartButton
[23:03:43]   MapSelectButtonEvent: LocalChoice on LocalButton
[23:03:43]   MapSelectButtonEvent: LWFMapNext on LWFMapNextButton
[23:03:43]   MapSelectButtonEvent: WWStart on WWRoomStartButton
[23:03:43] Button hook complete — hooked 0 button(s)
[23:03:43] HookButtons: scanning 314 behaviours (incl. inactive)
[23:03:43]   MapSelectButtonEvent: WorldWideChoice on WorldWideButton
[23:03:43]   MapSelectButtonEvent: WorldWideBack on WorldWideBackButton
[23:03:43]   MapSelectButtonEvent: WWMaxNumSub on WWMaxNumSubButton
[23:03:43]   MapSelectButtonEvent: LocalBack on LocalBackButton
[23:03:43]   MapSelectButtonEvent: WWMaxNumAdd on WWMaxNumAddButton
[23:03:43]   MapSelectButtonEvent: LWFMapPre on LWFMapPreButton
[23:03:43]   MapSelectButtonEvent: WWCreate on WWRoomCreateButton
[23:03:43]   MapSelectButtonEvent: WWQuickStart on WWQuickStartButton
[23:03:43]   MapSelectButtonEvent: WWRoomCreateBack on WWRoomCreateBackButton
[23:03:43]   MapSelectButtonEvent: ChoiceBack on ChoiceBackButton
[23:03:43]   MapSelectButtonEvent: Nil on WWMapNextButton
[23:03:43]   MapSelectButtonEvent: Nil on WWMapPreButton
[23:03:43]   MapSelectButtonEvent: LWFStart on LWFStartButton
[23:03:43]   MapSelectButtonEvent: LocalChoice on LocalButton
[23:03:43]   MapSelectButtonEvent: LWFMapNext on LWFMapNextButton
[23:03:43]   MapSelectButtonEvent: WWStart on WWRoomStartButton
[23:03:43] Button hook complete — hooked 0 button(s)
[23:03:43] HookButtons: scanning 314 behaviours (incl. inactive)
[23:03:43]   MapSelectButtonEvent: WorldWideChoice on WorldWideButton
[23:03:43]   MapSelectButtonEvent: WorldWideBack on WorldWideBackButton
[23:03:43]   MapSelectButtonEvent: WWMaxNumSub on WWMaxNumSubButton
[23:03:43]   MapSelectButtonEvent: LocalBack on LocalBackButton
[23:03:43]   MapSelectButtonEvent: WWMaxNumAdd on WWMaxNumAddButton
[23:03:43]   MapSelectButtonEvent: LWFMapPre on LWFMapPreButton
[23:03:43]   MapSelectButtonEvent: WWCreate on WWRoomCreateButton
[23:03:43]   MapSelectButtonEvent: WWQuickStart on WWQuickStartButton
[23:03:43]   MapSelectButtonEvent: WWRoomCreateBack on WWRoomCreateBackButton
[23:03:43]   MapSelectButtonEvent: ChoiceBack on ChoiceBackButton
[23:03:43]   MapSelectButtonEvent: Nil on WWMapNextButton
[23:03:43]   MapSelectButtonEvent: Nil on WWMapPreButton
[23:03:43]   MapSelectButtonEvent: LWFStart on LWFStartButton
[23:03:43]   MapSelectButtonEvent: LocalChoice on LocalButton
[23:03:43]   MapSelectButtonEvent: LWFMapNext on LWFMapNextButton
[23:03:43]   MapSelectButtonEvent: WWStart on WWRoomStartButton
[23:03:43] Button hook complete — hooked 0 button(s)
[23:03:43] HookButtons: scanning 314 behaviours (incl. inactive)
[23:03:43]   MapSelectButtonEvent: WorldWideChoice on WorldWideButton
[23:03:43]   MapSelectButtonEvent: WorldWideBack on WorldWideBackButton
[23:03:43]   MapSelectButtonEvent: WWMaxNumSub on WWMaxNumSubButton
[23:03:43]   MapSelectButtonEvent: LocalBack on LocalBackButton
[23:03:43]   MapSelectButtonEvent: WWMaxNumAdd on WWMaxNumAddButton
[23:03:43]   MapSelectButtonEvent: LWFMapPre on LWFMapPreButton
[23:03:43]   MapSelectButtonEvent: WWCreate on WWRoomCreateButton
[23:03:43]   MapSelectButtonEvent: WWQuickStart on WWQuickStartButton
[23:03:43]   MapSelectButtonEvent: WWRoomCreateBack on WWRoomCreateBackButton
[23:03:43]   MapSelectButtonEvent: ChoiceBack on ChoiceBackButton
[23:03:43]   MapSelectButtonEvent: Nil on WWMapNextButton
[23:03:43]   MapSelectButtonEvent: Nil on WWMapPreButton
[23:03:43]   MapSelectButtonEvent: LWFStart on LWFStartButton
[23:03:43]   MapSelectButtonEvent: LocalChoice on LocalButton
[23:03:43]   MapSelectButtonEvent: LWFMapNext on LWFMapNextButton
[23:03:43]   MapSelectButtonEvent: WWStart on WWRoomStartButton
[23:03:43] Button hook complete — hooked 0 button(s)
[23:03:44] HookButtons: scanning 314 behaviours (incl. inactive)
[23:03:44]   MapSelectButtonEvent: WorldWideChoice on WorldWideButton
[23:03:44]   MapSelectButtonEvent: WorldWideBack on WorldWideBackButton
[23:03:44]   MapSelectButtonEvent: WWMaxNumSub on WWMaxNumSubButton
[23:03:44]   MapSelectButtonEvent: LocalBack on LocalBackButton
[23:03:44]   MapSelectButtonEvent: WWMaxNumAdd on WWMaxNumAddButton
[23:03:44]   MapSelectButtonEvent: LWFMapPre on LWFMapPreButton
[23:03:44]   MapSelectButtonEvent: WWCreate on WWRoomCreateButton
[23:03:44]   MapSelectButtonEvent: WWQuickStart on WWQuickStartButton
[23:03:44]   MapSelectButtonEvent: WWRoomCreateBack on WWRoomCreateBackButton
[23:03:44]   MapSelectButtonEvent: ChoiceBack on ChoiceBackButton
[23:03:44]   MapSelectButtonEvent: Nil on WWMapNextButton
[23:03:44]   MapSelectButtonEvent: Nil on WWMapPreButton
[23:03:44]   MapSelectButtonEvent: LWFStart on LWFStartButton
[23:03:44]   MapSelectButtonEvent: LocalChoice on LocalButton
[23:03:44]   MapSelectButtonEvent: LWFMapNext on LWFMapNextButton
[23:03:44]   MapSelectButtonEvent: WWStart on WWRoomStartButton
[23:03:44] Button hook complete — hooked 0 button(s)
[23:03:44] HookButtons: scanning 314 behaviours (incl. inactive)
[23:03:44]   MapSelectButtonEvent: WorldWideChoice on WorldWideButton
[23:03:44]   MapSelectButtonEvent: WorldWideBack on WorldWideBackButton
[23:03:44]   MapSelectButtonEvent: WWMaxNumSub on WWMaxNumSubButton
[23:03:44]   MapSelectButtonEvent: LocalBack on LocalBackButton
[23:03:44]   MapSelectButtonEvent: WWMaxNumAdd on WWMaxNumAddButton
[23:03:44]   MapSelectButtonEvent: LWFMapPre on LWFMapPreButton
[23:03:44]   MapSelectButtonEvent: WWCreate on WWRoomCreateButton
[23:03:44]   MapSelectButtonEvent: WWQuickStart on WWQuickStartButton
[23:03:44]   MapSelectButtonEvent: WWRoomCreateBack on WWRoomCreateBackButton
[23:03:44]   MapSelectButtonEvent: ChoiceBack on ChoiceBackButton
[23:03:44]   MapSelectButtonEvent: Nil on WWMapNextButton
[23:03:44]   MapSelectButtonEvent: Nil on WWMapPreButton
[23:03:44]   MapSelectButtonEvent: LWFStart on LWFStartButton
[23:03:44]   MapSelectButtonEvent: LocalChoice on LocalButton
[23:03:44]   MapSelectButtonEvent: LWFMapNext on LWFMapNextButton
[23:03:44]   MapSelectButtonEvent: WWStart on WWRoomStartButton
[23:03:44] Button hook complete — hooked 0 button(s)
[23:03:44] Map changed to: FreeRun15_1 (loads: FreeRun8_1)
[23:03:44] HookButtons: scanning 314 behaviours (incl. inactive)
[23:03:44]   MapSelectButtonEvent: WorldWideChoice on WorldWideButton
[23:03:44]   MapSelectButtonEvent: WorldWideBack on WorldWideBackButton
[23:03:44]   MapSelectButtonEvent: WWMaxNumSub on WWMaxNumSubButton
[23:03:44]   MapSelectButtonEvent: LocalBack on LocalBackButton
[23:03:44]   MapSelectButtonEvent: WWMaxNumAdd on WWMaxNumAddButton
[23:03:44]   MapSelectButtonEvent: LWFMapPre on LWFMapPreButton
[23:03:44]   MapSelectButtonEvent: WWCreate on WWRoomCreateButton
[23:03:44]   MapSelectButtonEvent: WWQuickStart on WWQuickStartButton
[23:03:44]   MapSelectButtonEvent: WWRoomCreateBack on WWRoomCreateBackButton
[23:03:44]   MapSelectButtonEvent: ChoiceBack on ChoiceBackButton
[23:03:44]   MapSelectButtonEvent: Nil on WWMapNextButton
[23:03:44]   MapSelectButtonEvent: Nil on WWMapPreButton
[23:03:44]   MapSelectButtonEvent: LWFStart on LWFStartButton
[23:03:44]   MapSelectButtonEvent: LocalChoice on LocalButton
[23:03:44]   MapSelectButtonEvent: LWFMapNext on LWFMapNextButton
[23:03:44]   MapSelectButtonEvent: WWStart on WWRoomStartButton
[23:03:44] Button hook complete — hooked 0 button(s)
[23:03:44] HookButtons: scanning 314 behaviours (incl. inactive)
[23:03:44]   MapSelectButtonEvent: WorldWideChoice on WorldWideButton
[23:03:44]   MapSelectButtonEvent: WorldWideBack on WorldWideBackButton
[23:03:44]   MapSelectButtonEvent: WWMaxNumSub on WWMaxNumSubButton
[23:03:44]   MapSelectButtonEvent: LocalBack on LocalBackButton
[23:03:44]   MapSelectButtonEvent: WWMaxNumAdd on WWMaxNumAddButton
[23:03:44]   MapSelectButtonEvent: LWFMapPre on LWFMapPreButton
[23:03:44]   MapSelectButtonEvent: WWCreate on WWRoomCreateButton
[23:03:44]   MapSelectButtonEvent: WWQuickStart on WWQuickStartButton
[23:03:44]   MapSelectButtonEvent: WWRoomCreateBack on WWRoomCreateBackButton
[23:03:44]   MapSelectButtonEvent: ChoiceBack on ChoiceBackButton
[23:03:44]   MapSelectButtonEvent: Nil on WWMapNextButton
[23:03:44]   MapSelectButtonEvent: Nil on WWMapPreButton
[23:03:44]   MapSelectButtonEvent: LWFStart on LWFStartButton
[23:03:44]   MapSelectButtonEvent: LocalChoice on LocalButton
[23:03:44]   MapSelectButtonEvent: LWFMapNext on LWFMapNextButton
[23:03:44]   MapSelectButtonEvent: WWStart on WWRoomStartButton
[23:03:44] Button hook complete — hooked 0 button(s)
[23:03:44] HookButtons: scanning 314 behaviours (incl. inactive)
[23:03:44]   MapSelectButtonEvent: WorldWideChoice on WorldWideButton
[23:03:44]   MapSelectButtonEvent: WorldWideBack on WorldWideBackButton
[23:03:44]   MapSelectButtonEvent: WWMaxNumSub on WWMaxNumSubButton
[23:03:44]   MapSelectButtonEvent: LocalBack on LocalBackButton
[23:03:44]   MapSelectButtonEvent: WWMaxNumAdd on WWMaxNumAddButton
[23:03:44]   MapSelectButtonEvent: LWFMapPre on LWFMapPreButton
[23:03:44]   MapSelectButtonEvent: WWCreate on WWRoomCreateButton
[23:03:44]   MapSelectButtonEvent: WWQuickStart on WWQuickStartButton
[23:03:44]   MapSelectButtonEvent: WWRoomCreateBack on WWRoomCreateBackButton
[23:03:44]   MapSelectButtonEvent: ChoiceBack on ChoiceBackButton
[23:03:44]   MapSelectButtonEvent: Nil on WWMapNextButton
[23:03:44]   MapSelectButtonEvent: Nil on WWMapPreButton
[23:03:44]   MapSelectButtonEvent: LWFStart on LWFStartButton
[23:03:44]   MapSelectButtonEvent: LocalChoice on LocalButton
[23:03:44]   MapSelectButtonEvent: LWFMapNext on LWFMapNextButton
[23:03:44]   MapSelectButtonEvent: WWStart on WWRoomStartButton
[23:03:44] Button hook complete — hooked 0 button(s)
[23:03:44] Map changed to: FreeRun14_1 (loads: FreeRun5_1)
[23:03:44] HookButtons: scanning 314 behaviours (incl. inactive)
[23:03:44]   MapSelectButtonEvent: WorldWideChoice on WorldWideButton
[23:03:44]   MapSelectButtonEvent: WorldWideBack on WorldWideBackButton
[23:03:44]   MapSelectButtonEvent: WWMaxNumSub on WWMaxNumSubButton
[23:03:44]   MapSelectButtonEvent: LocalBack on LocalBackButton
[23:03:44]   MapSelectButtonEvent: WWMaxNumAdd on WWMaxNumAddButton
[23:03:44]   MapSelectButtonEvent: LWFMapPre on LWFMapPreButton
[23:03:44]   MapSelectButtonEvent: WWCreate on WWRoomCreateButton
[23:03:44]   MapSelectButtonEvent: WWQuickStart on WWQuickStartButton
[23:03:44]   MapSelectButtonEvent: WWRoomCreateBack on WWRoomCreateBackButton
[23:03:44]   MapSelectButtonEvent: ChoiceBack on ChoiceBackButton
[23:03:44]   MapSelectButtonEvent: Nil on WWMapNextButton
[23:03:44]   MapSelectButtonEvent: Nil on WWMapPreButton
[23:03:44]   MapSelectButtonEvent: LWFStart on LWFStartButton
[23:03:44]   MapSelectButtonEvent: LocalChoice on LocalButton
[23:03:44]   MapSelectButtonEvent: LWFMapNext on LWFMapNextButton
[23:03:44]   MapSelectButtonEvent: WWStart on WWRoomStartButton
[23:03:44] Button hook complete — hooked 0 button(s)
[23:03:45] HookButtons: scanning 314 behaviours (incl. inactive)
[23:03:45]   MapSelectButtonEvent: WorldWideChoice on WorldWideButton
[23:03:45]   MapSelectButtonEvent: WorldWideBack on WorldWideBackButton
[23:03:45]   MapSelectButtonEvent: WWMaxNumSub on WWMaxNumSubButton
[23:03:45]   MapSelectButtonEvent: LocalBack on LocalBackButton
[23:03:45]   MapSelectButtonEvent: WWMaxNumAdd on WWMaxNumAddButton
[23:03:45]   MapSelectButtonEvent: LWFMapPre on LWFMapPreButton
[23:03:45]   MapSelectButtonEvent: WWCreate on WWRoomCreateButton
[23:03:45]   MapSelectButtonEvent: WWQuickStart on WWQuickStartButton
[23:03:45]   MapSelectButtonEvent: WWRoomCreateBack on WWRoomCreateBackButton
[23:03:45]   MapSelectButtonEvent: ChoiceBack on ChoiceBackButton
[23:03:45]   MapSelectButtonEvent: Nil on WWMapNextButton
[23:03:45]   MapSelectButtonEvent: Nil on WWMapPreButton
[23:03:45]   MapSelectButtonEvent: LWFStart on LWFStartButton
[23:03:45]   MapSelectButtonEvent: LocalChoice on LocalButton
[23:03:45]   MapSelectButtonEvent: LWFMapNext on LWFMapNextButton
[23:03:45]   MapSelectButtonEvent: WWStart on WWRoomStartButton
[23:03:45] Button hook complete — hooked 0 button(s)
[23:03:45] Map changed to: FreeRun13_1 (loads: FreeRun3_1)
[23:03:45] HookButtons: scanning 314 behaviours (incl. inactive)
[23:03:45]   MapSelectButtonEvent: WorldWideChoice on WorldWideButton
[23:03:45]   MapSelectButtonEvent: WorldWideBack on WorldWideBackButton
[23:03:45]   MapSelectButtonEvent: WWMaxNumSub on WWMaxNumSubButton
[23:03:45]   MapSelectButtonEvent: LocalBack on LocalBackButton
[23:03:45]   MapSelectButtonEvent: WWMaxNumAdd on WWMaxNumAddButton
[23:03:45]   MapSelectButtonEvent: LWFMapPre on LWFMapPreButton
[23:03:45]   MapSelectButtonEvent: WWCreate on WWRoomCreateButton
[23:03:45]   MapSelectButtonEvent: WWQuickStart on WWQuickStartButton
[23:03:45]   MapSelectButtonEvent: WWRoomCreateBack on WWRoomCreateBackButton
[23:03:45]   MapSelectButtonEvent: ChoiceBack on ChoiceBackButton
[23:03:45]   MapSelectButtonEvent: Nil on WWMapNextButton
[23:03:45]   MapSelectButtonEvent: Nil on WWMapPreButton
[23:03:45]   MapSelectButtonEvent: LWFStart on LWFStartButton
[23:03:45]   MapSelectButtonEvent: LocalChoice on LocalButton
[23:03:45]   MapSelectButtonEvent: LWFMapNext on LWFMapNextButton
[23:03:45]   MapSelectButtonEvent: WWStart on WWRoomStartButton
[23:03:45] Button hook complete — hooked 0 button(s)
[23:03:45] HookButtons: scanning 314 behaviours (incl. inactive)
[23:03:45]   MapSelectButtonEvent: WorldWideChoice on WorldWideButton
[23:03:45]   MapSelectButtonEvent: WorldWideBack on WorldWideBackButton
[23:03:45]   MapSelectButtonEvent: WWMaxNumSub on WWMaxNumSubButton
[23:03:45]   MapSelectButtonEvent: LocalBack on LocalBackButton
[23:03:45]   MapSelectButtonEvent: WWMaxNumAdd on WWMaxNumAddButton
[23:03:45]   MapSelectButtonEvent: LWFMapPre on LWFMapPreButton
[23:03:45]   MapSelectButtonEvent: WWCreate on WWRoomCreateButton
[23:03:45]   MapSelectButtonEvent: WWQuickStart on WWQuickStartButton
[23:03:45]   MapSelectButtonEvent: WWRoomCreateBack on WWRoomCreateBackButton
[23:03:45]   MapSelectButtonEvent: ChoiceBack on ChoiceBackButton
[23:03:45]   MapSelectButtonEvent: Nil on WWMapNextButton
[23:03:45]   MapSelectButtonEvent: Nil on WWMapPreButton
[23:03:45]   MapSelectButtonEvent: LWFStart on LWFStartButton
[23:03:45]   MapSelectButtonEvent: LocalChoice on LocalButton
[23:03:45]   MapSelectButtonEvent: LWFMapNext on LWFMapNextButton
[23:03:45]   MapSelectButtonEvent: WWStart on WWRoomStartButton
[23:03:45] Button hook complete — hooked 0 button(s)
[23:03:45] Map changed to: FreeRun12_1 (loads: FreeRun12_1)
[23:03:45] HookButtons: scanning 315 behaviours (incl. inactive)
[23:03:45]   MapSelectButtonEvent: WorldWideChoice on WorldWideButton
[23:03:45]   MapSelectButtonEvent: WorldWideBack on WorldWideBackButton
[23:03:45]   MapSelectButtonEvent: WWMaxNumSub on WWMaxNumSubButton
[23:03:45]   MapSelectButtonEvent: LocalBack on LocalBackButton
[23:03:45]   MapSelectButtonEvent: WWMaxNumAdd on WWMaxNumAddButton
[23:03:45]   MapSelectButtonEvent: LWFMapPre on LWFMapPreButton
[23:03:45]   MapSelectButtonEvent: WWCreate on WWRoomCreateButton
[23:03:45]   MapSelectButtonEvent: WWQuickStart on WWQuickStartButton
[23:03:45]   MapSelectButtonEvent: WWRoomCreateBack on WWRoomCreateBackButton
[23:03:45]   MapSelectButtonEvent: ChoiceBack on ChoiceBackButton
[23:03:45]   MapSelectButtonEvent: Nil on WWMapNextButton
[23:03:45]   MapSelectButtonEvent: Nil on WWMapPreButton
[23:03:45]   MapSelectButtonEvent: LWFStart on LWFStartButton
[23:03:45]   MapSelectButtonEvent: LocalChoice on LocalButton
[23:03:45]   MapSelectButtonEvent: LWFMapNext on LWFMapNextButton
[23:03:45]   MapSelectButtonEvent: WWStart on WWRoomStartButton
[23:03:45] Button hook complete — hooked 0 button(s)
[23:03:45] HookButtons: scanning 315 behaviours (incl. inactive)
[23:03:45]   MapSelectButtonEvent: WorldWideChoice on WorldWideButton
[23:03:45]   MapSelectButtonEvent: WorldWideBack on WorldWideBackButton
[23:03:45]   MapSelectButtonEvent: WWMaxNumSub on WWMaxNumSubButton
[23:03:45]   MapSelectButtonEvent: LocalBack on LocalBackButton
[23:03:45]   MapSelectButtonEvent: WWMaxNumAdd on WWMaxNumAddButton
[23:03:45]   MapSelectButtonEvent: LWFMapPre on LWFMapPreButton
[23:03:45]   MapSelectButtonEvent: WWCreate on WWRoomCreateButton
[23:03:45]   MapSelectButtonEvent: WWQuickStart on WWQuickStartButton
[23:03:45]   MapSelectButtonEvent: WWRoomCreateBack on WWRoomCreateBackButton
[23:03:45]   MapSelectButtonEvent: ChoiceBack on ChoiceBackButton
[23:03:45]   MapSelectButtonEvent: Nil on WWMapNextButton
[23:03:45]   MapSelectButtonEvent: Nil on WWMapPreButton
[23:03:45]   MapSelectButtonEvent: LWFStart on LWFStartButton
[23:03:45]   MapSelectButtonEvent: LocalChoice on LocalButton
[23:03:45]   MapSelectButtonEvent: LWFMapNext on LWFMapNextButton
[23:03:45]   MapSelectButtonEvent: WWStart on WWRoomStartButton
[23:03:45] Button hook complete — hooked 0 button(s)
[23:03:45] HookButtons: scanning 315 behaviours (incl. inactive)
[23:03:45]   MapSelectButtonEvent: WorldWideChoice on WorldWideButton
[23:03:45]   MapSelectButtonEvent: WorldWideBack on WorldWideBackButton
[23:03:45]   MapSelectButtonEvent: WWMaxNumSub on WWMaxNumSubButton
[23:03:45]   MapSelectButtonEvent: LocalBack on LocalBackButton
[23:03:45]   MapSelectButtonEvent: WWMaxNumAdd on WWMaxNumAddButton
[23:03:45]   MapSelectButtonEvent: LWFMapPre on LWFMapPreButton
[23:03:45]   MapSelectButtonEvent: WWCreate on WWRoomCreateButton
[23:03:45]   MapSelectButtonEvent: WWQuickStart on WWQuickStartButton
[23:03:45]   MapSelectButtonEvent: WWRoomCreateBack on WWRoomCreateBackButton
[23:03:45]   MapSelectButtonEvent: ChoiceBack on ChoiceBackButton
[23:03:45]   MapSelectButtonEvent: Nil on WWMapNextButton
[23:03:45]   MapSelectButtonEvent: Nil on WWMapPreButton
[23:03:45]   MapSelectButtonEvent: LWFStart on LWFStartButton
[23:03:45]   MapSelectButtonEvent: LocalChoice on LocalButton
[23:03:45]   MapSelectButtonEvent: LWFMapNext on LWFMapNextButton
[23:03:45]   MapSelectButtonEvent: WWStart on WWRoomStartButton
[23:03:45] Button hook complete — hooked 0 button(s)
[23:03:46] HookButtons: scanning 315 behaviours (incl. inactive)
[23:03:46]   MapSelectButtonEvent: WorldWideChoice on WorldWideButton
[23:03:46]   MapSelectButtonEvent: WorldWideBack on WorldWideBackButton
[23:03:46]   MapSelectButtonEvent: WWMaxNumSub on WWMaxNumSubButton
[23:03:46]   MapSelectButtonEvent: LocalBack on LocalBackButton
[23:03:46]   MapSelectButtonEvent: WWMaxNumAdd on WWMaxNumAddButton
[23:03:46]   MapSelectButtonEvent: LWFMapPre on LWFMapPreButton
[23:03:46]   MapSelectButtonEvent: WWCreate on WWRoomCreateButton
[23:03:46]   MapSelectButtonEvent: WWQuickStart on WWQuickStartButton
[23:03:46]   MapSelectButtonEvent: WWRoomCreateBack on WWRoomCreateBackButton
[23:03:46]   MapSelectButtonEvent: ChoiceBack on ChoiceBackButton
[23:03:46]   MapSelectButtonEvent: Nil on WWMapNextButton
[23:03:46]   MapSelectButtonEvent: Nil on WWMapPreButton
[23:03:46]   MapSelectButtonEvent: LWFStart on LWFStartButton
[23:03:46]   MapSelectButtonEvent: LocalChoice on LocalButton
[23:03:46]   MapSelectButtonEvent: LWFMapNext on LWFMapNextButton
[23:03:46]   MapSelectButtonEvent: WWStart on WWRoomStartButton
[23:03:46] Button hook complete — hooked 0 button(s)
[23:03:46] HookButtons: scanning 315 behaviours (incl. inactive)
[23:03:46]   MapSelectButtonEvent: WorldWideChoice on WorldWideButton
[23:03:46]   MapSelectButtonEvent: WorldWideBack on WorldWideBackButton
[23:03:46]   MapSelectButtonEvent: WWMaxNumSub on WWMaxNumSubButton
[23:03:46]   MapSelectButtonEvent: LocalBack on LocalBackButton
[23:03:46]   MapSelectButtonEvent: WWMaxNumAdd on WWMaxNumAddButton
[23:03:46]   MapSelectButtonEvent: LWFMapPre on LWFMapPreButton
[23:03:46]   MapSelectButtonEvent: WWCreate on WWRoomCreateButton
[23:03:46]   MapSelectButtonEvent: WWQuickStart on WWQuickStartButton
[23:03:46]   MapSelectButtonEvent: WWRoomCreateBack on WWRoomCreateBackButton
[23:03:46]   MapSelectButtonEvent: ChoiceBack on ChoiceBackButton
[23:03:46]   MapSelectButtonEvent: Nil on WWMapNextButton
[23:03:46]   MapSelectButtonEvent: Nil on WWMapPreButton
[23:03:46]   MapSelectButtonEvent: LWFStart on LWFStartButton
[23:03:46]   MapSelectButtonEvent: LocalChoice on LocalButton
[23:03:46]   MapSelectButtonEvent: LWFMapNext on LWFMapNextButton
[23:03:46]   MapSelectButtonEvent: WWStart on WWRoomStartButton
[23:03:46] Button hook complete — hooked 0 button(s)
[23:03:46] HookButtons: scanning 315 behaviours (incl. inactive)
[23:03:46]   MapSelectButtonEvent: WorldWideChoice on WorldWideButton
[23:03:46]   MapSelectButtonEvent: WorldWideBack on WorldWideBackButton
[23:03:46]   MapSelectButtonEvent: WWMaxNumSub on WWMaxNumSubButton
[23:03:46]   MapSelectButtonEvent: LocalBack on LocalBackButton
[23:03:46]   MapSelectButtonEvent: WWMaxNumAdd on WWMaxNumAddButton
[23:03:46]   MapSelectButtonEvent: LWFMapPre on LWFMapPreButton
[23:03:46]   MapSelectButtonEvent: WWCreate on WWRoomCreateButton
[23:03:46]   MapSelectButtonEvent: WWQuickStart on WWQuickStartButton
[23:03:46]   MapSelectButtonEvent: WWRoomCreateBack on WWRoomCreateBackButton
[23:03:46]   MapSelectButtonEvent: ChoiceBack on ChoiceBackButton
[23:03:46]   MapSelectButtonEvent: Nil on WWMapNextButton
[23:03:46]   MapSelectButtonEvent: Nil on WWMapPreButton
[23:03:46]   MapSelectButtonEvent: LWFStart on LWFStartButton
[23:03:46]   MapSelectButtonEvent: LocalChoice on LocalButton
[23:03:46]   MapSelectButtonEvent: LWFMapNext on LWFMapNextButton
[23:03:46]   MapSelectButtonEvent: WWStart on WWRoomStartButton
[23:03:46] Button hook complete — hooked 0 button(s)
[23:03:46] HookButtons: scanning 315 behaviours (incl. inactive)
[23:03:46]   MapSelectButtonEvent: WorldWideChoice on WorldWideButton
[23:03:46]   MapSelectButtonEvent: WorldWideBack on WorldWideBackButton
[23:03:46]   MapSelectButtonEvent: WWMaxNumSub on WWMaxNumSubButton
[23:03:46]   MapSelectButtonEvent: LocalBack on LocalBackButton
[23:03:46]   MapSelectButtonEvent: WWMaxNumAdd on WWMaxNumAddButton
[23:03:46]   MapSelectButtonEvent: LWFMapPre on LWFMapPreButton
[23:03:46]   MapSelectButtonEvent: WWCreate on WWRoomCreateButton
[23:03:46]   MapSelectButtonEvent: WWQuickStart on WWQuickStartButton
[23:03:46]   MapSelectButtonEvent: WWRoomCreateBack on WWRoomCreateBackButton
[23:03:46]   MapSelectButtonEvent: ChoiceBack on ChoiceBackButton
[23:03:46]   MapSelectButtonEvent: Nil on WWMapNextButton
[23:03:46]   MapSelectButtonEvent: Nil on WWMapPreButton
[23:03:46]   MapSelectButtonEvent: LWFStart on LWFStartButton
[23:03:46]   MapSelectButtonEvent: LocalChoice on LocalButton
[23:03:46]   MapSelectButtonEvent: LWFMapNext on LWFMapNextButton
[23:03:46]   MapSelectButtonEvent: WWStart on WWRoomStartButton
[23:03:46] Button hook complete — hooked 0 button(s)
[23:03:46] HookButtons: scanning 315 behaviours (incl. inactive)
[23:03:46]   MapSelectButtonEvent: WorldWideChoice on WorldWideButton
[23:03:46]   MapSelectButtonEvent: WorldWideBack on WorldWideBackButton
[23:03:46]   MapSelectButtonEvent: WWMaxNumSub on WWMaxNumSubButton
[23:03:46]   MapSelectButtonEvent: LocalBack on LocalBackButton
[23:03:46]   MapSelectButtonEvent: WWMaxNumAdd on WWMaxNumAddButton
[23:03:46]   MapSelectButtonEvent: LWFMapPre on LWFMapPreButton
[23:03:46]   MapSelectButtonEvent: WWCreate on WWRoomCreateButton
[23:03:46]   MapSelectButtonEvent: WWQuickStart on WWQuickStartButton
[23:03:46]   MapSelectButtonEvent: WWRoomCreateBack on WWRoomCreateBackButton
[23:03:46]   MapSelectButtonEvent: ChoiceBack on ChoiceBackButton
[23:03:46]   MapSelectButtonEvent: Nil on WWMapNextButton
[23:03:46]   MapSelectButtonEvent: Nil on WWMapPreButton
[23:03:46]   MapSelectButtonEvent: LWFStart on LWFStartButton
[23:03:46]   MapSelectButtonEvent: LocalChoice on LocalButton
[23:03:46]   MapSelectButtonEvent: LWFMapNext on LWFMapNextButton
[23:03:46]   MapSelectButtonEvent: WWStart on WWRoomStartButton
[23:03:46] Button hook complete — hooked 0 button(s)
[23:03:46] HookButtons: scanning 315 behaviours (incl. inactive)
[23:03:46]   MapSelectButtonEvent: WorldWideChoice on WorldWideButton
[23:03:46]   MapSelectButtonEvent: WorldWideBack on WorldWideBackButton
[23:03:46]   MapSelectButtonEvent: WWMaxNumSub on WWMaxNumSubButton
[23:03:46]   MapSelectButtonEvent: LocalBack on LocalBackButton
[23:03:46]   MapSelectButtonEvent: WWMaxNumAdd on WWMaxNumAddButton
[23:03:46]   MapSelectButtonEvent: LWFMapPre on LWFMapPreButton
[23:03:46]   MapSelectButtonEvent: WWCreate on WWRoomCreateButton
[23:03:46]   MapSelectButtonEvent: WWQuickStart on WWQuickStartButton
[23:03:46]   MapSelectButtonEvent: WWRoomCreateBack on WWRoomCreateBackButton
[23:03:46]   MapSelectButtonEvent: ChoiceBack on ChoiceBackButton
[23:03:46]   MapSelectButtonEvent: Nil on WWMapNextButton
[23:03:46]   MapSelectButtonEvent: Nil on WWMapPreButton
[23:03:46]   MapSelectButtonEvent: LWFStart on LWFStartButton
[23:03:46]   MapSelectButtonEvent: LocalChoice on LocalButton
[23:03:46]   MapSelectButtonEvent: LWFMapNext on LWFMapNextButton
[23:03:46]   MapSelectButtonEvent: WWStart on WWRoomStartButton
[23:03:46] Button hook complete — hooked 0 button(s)
[23:03:47] HookButtons: scanning 314 behaviours (incl. inactive)
[23:03:47]   MapSelectButtonEvent: WorldWideChoice on WorldWideButton
[23:03:47]   MapSelectButtonEvent: WorldWideBack on WorldWideBackButton
[23:03:47]   MapSelectButtonEvent: WWMaxNumSub on WWMaxNumSubButton
[23:03:47]   MapSelectButtonEvent: LocalBack on LocalBackButton
[23:03:47]   MapSelectButtonEvent: WWMaxNumAdd on WWMaxNumAddButton
[23:03:47]   MapSelectButtonEvent: LWFMapPre on LWFMapPreButton
[23:03:47]   MapSelectButtonEvent: WWCreate on WWRoomCreateButton
[23:03:47]   MapSelectButtonEvent: WWQuickStart on WWQuickStartButton
[23:03:47]   MapSelectButtonEvent: WWRoomCreateBack on WWRoomCreateBackButton
[23:03:47]   MapSelectButtonEvent: ChoiceBack on ChoiceBackButton
[23:03:47]   MapSelectButtonEvent: Nil on WWMapNextButton
[23:03:47]   MapSelectButtonEvent: Nil on WWMapPreButton
[23:03:47]   MapSelectButtonEvent: LWFStart on LWFStartButton
[23:03:47]   MapSelectButtonEvent: LocalChoice on LocalButton
[23:03:47]   MapSelectButtonEvent: LWFMapNext on LWFMapNextButton
[23:03:47]   MapSelectButtonEvent: WWStart on WWRoomStartButton
[23:03:47] Button hook complete — hooked 0 button(s)
[23:03:47] HookButtons: scanning 314 behaviours (incl. inactive)
[23:03:47]   MapSelectButtonEvent: WorldWideChoice on WorldWideButton
[23:03:47]   MapSelectButtonEvent: WorldWideBack on WorldWideBackButton
[23:03:47]   MapSelectButtonEvent: WWMaxNumSub on WWMaxNumSubButton
[23:03:47]   MapSelectButtonEvent: LocalBack on LocalBackButton
[23:03:47]   MapSelectButtonEvent: WWMaxNumAdd on WWMaxNumAddButton
[23:03:47]   MapSelectButtonEvent: LWFMapPre on LWFMapPreButton
[23:03:47]   MapSelectButtonEvent: WWCreate on WWRoomCreateButton
[23:03:47]   MapSelectButtonEvent: WWQuickStart on WWQuickStartButton
[23:03:47]   MapSelectButtonEvent: WWRoomCreateBack on WWRoomCreateBackButton
[23:03:47]   MapSelectButtonEvent: ChoiceBack on ChoiceBackButton
[23:03:47]   MapSelectButtonEvent: Nil on WWMapNextButton
[23:03:47]   MapSelectButtonEvent: Nil on WWMapPreButton
[23:03:47]   MapSelectButtonEvent: LWFStart on LWFStartButton
[23:03:47]   MapSelectButtonEvent: LocalChoice on LocalButton
[23:03:47]   MapSelectButtonEvent: LWFMapNext on LWFMapNextButton
[23:03:47]   MapSelectButtonEvent: WWStart on WWRoomStartButton
[23:03:47] Button hook complete — hooked 0 button(s)
[23:03:47] HookButtons: scanning 314 behaviours (incl. inactive)
[23:03:47]   MapSelectButtonEvent: WorldWideChoice on WorldWideButton
[23:03:47]   MapSelectButtonEvent: WorldWideBack on WorldWideBackButton
[23:03:47]   MapSelectButtonEvent: WWMaxNumSub on WWMaxNumSubButton
[23:03:47]   MapSelectButtonEvent: LocalBack on LocalBackButton
[23:03:47]   MapSelectButtonEvent: WWMaxNumAdd on WWMaxNumAddButton
[23:03:47]   MapSelectButtonEvent: LWFMapPre on LWFMapPreButton
[23:03:47]   MapSelectButtonEvent: WWCreate on WWRoomCreateButton
[23:03:47]   MapSelectButtonEvent: WWQuickStart on WWQuickStartButton
[23:03:47]   MapSelectButtonEvent: WWRoomCreateBack on WWRoomCreateBackButton
[23:03:47]   MapSelectButtonEvent: ChoiceBack on ChoiceBackButton
[23:03:47]   MapSelectButtonEvent: Nil on WWMapNextButton
[23:03:47]   MapSelectButtonEvent: Nil on WWMapPreButton
[23:03:47]   MapSelectButtonEvent: LWFStart on LWFStartButton
[23:03:47]   MapSelectButtonEvent: LocalChoice on LocalButton
[23:03:47]   MapSelectButtonEvent: LWFMapNext on LWFMapNextButton
[23:03:47]   MapSelectButtonEvent: WWStart on WWRoomStartButton
[23:03:47] Button hook complete — hooked 0 button(s)
[23:03:47] HookButtons: scanning 314 behaviours (incl. inactive)
[23:03:47]   MapSelectButtonEvent: WorldWideChoice on WorldWideButton
[23:03:47]   MapSelectButtonEvent: WorldWideBack on WorldWideBackButton
[23:03:47]   MapSelectButtonEvent: WWMaxNumSub on WWMaxNumSubButton
[23:03:47]   MapSelectButtonEvent: LocalBack on LocalBackButton
[23:03:47]   MapSelectButtonEvent: WWMaxNumAdd on WWMaxNumAddButton
[23:03:47]   MapSelectButtonEvent: LWFMapPre on LWFMapPreButton
[23:03:47]   MapSelectButtonEvent: WWCreate on WWRoomCreateButton
[23:03:47]   MapSelectButtonEvent: WWQuickStart on WWQuickStartButton
[23:03:47]   MapSelectButtonEvent: WWRoomCreateBack on WWRoomCreateBackButton
[23:03:47]   MapSelectButtonEvent: ChoiceBack on ChoiceBackButton
[23:03:47]   MapSelectButtonEvent: Nil on WWMapNextButton
[23:03:47]   MapSelectButtonEvent: Nil on WWMapPreButton
[23:03:47]   MapSelectButtonEvent: LWFStart on LWFStartButton
[23:03:47]   MapSelectButtonEvent: LocalChoice on LocalButton
[23:03:47]   MapSelectButtonEvent: LWFMapNext on LWFMapNextButton
[23:03:47]   MapSelectButtonEvent: WWStart on WWRoomStartButton
[23:03:47] Button hook complete — hooked 0 button(s)
[23:03:47] HookButtons: scanning 314 behaviours (incl. inactive)
[23:03:47]   MapSelectButtonEvent: WorldWideChoice on WorldWideButton
[23:03:47]   MapSelectButtonEvent: WorldWideBack on WorldWideBackButton
[23:03:47]   MapSelectButtonEvent: WWMaxNumSub on WWMaxNumSubButton
[23:03:47]   MapSelectButtonEvent: LocalBack on LocalBackButton
[23:03:47]   MapSelectButtonEvent: WWMaxNumAdd on WWMaxNumAddButton
[23:03:47]   MapSelectButtonEvent: LWFMapPre on LWFMapPreButton
[23:03:47]   MapSelectButtonEvent: WWCreate on WWRoomCreateButton
[23:03:47]   MapSelectButtonEvent: WWQuickStart on WWQuickStartButton
[23:03:47]   MapSelectButtonEvent: WWRoomCreateBack on WWRoomCreateBackButton
[23:03:47]   MapSelectButtonEvent: ChoiceBack on ChoiceBackButton
[23:03:47]   MapSelectButtonEvent: Nil on WWMapNextButton
[23:03:47]   MapSelectButtonEvent: Nil on WWMapPreButton
[23:03:47]   MapSelectButtonEvent: LWFStart on LWFStartButton
[23:03:47]   MapSelectButtonEvent: LocalChoice on LocalButton
[23:03:47]   MapSelectButtonEvent: LWFMapNext on LWFMapNextButton
[23:03:47]   MapSelectButtonEvent: WWStart on WWRoomStartButton
[23:03:47] Button hook complete — hooked 0 button(s)
[23:03:47] HookButtons: scanning 314 behaviours (incl. inactive)
[23:03:47]   MapSelectButtonEvent: WorldWideChoice on WorldWideButton
[23:03:47]   MapSelectButtonEvent: WorldWideBack on WorldWideBackButton
[23:03:47]   MapSelectButtonEvent: WWMaxNumSub on WWMaxNumSubButton
[23:03:47]   MapSelectButtonEvent: LocalBack on LocalBackButton
[23:03:47]   MapSelectButtonEvent: WWMaxNumAdd on WWMaxNumAddButton
[23:03:47]   MapSelectButtonEvent: LWFMapPre on LWFMapPreButton
[23:03:47]   MapSelectButtonEvent: WWCreate on WWRoomCreateButton
[23:03:47]   MapSelectButtonEvent: WWQuickStart on WWQuickStartButton
[23:03:47]   MapSelectButtonEvent: WWRoomCreateBack on WWRoomCreateBackButton
[23:03:47]   MapSelectButtonEvent: ChoiceBack on ChoiceBackButton
[23:03:47]   MapSelectButtonEvent: Nil on WWMapNextButton
[23:03:47]   MapSelectButtonEvent: Nil on WWMapPreButton
[23:03:47]   MapSelectButtonEvent: LWFStart on LWFStartButton
[23:03:47]   MapSelectButtonEvent: LocalChoice on LocalButton
[23:03:47]   MapSelectButtonEvent: LWFMapNext on LWFMapNextButton
[23:03:47]   MapSelectButtonEvent: WWStart on WWRoomStartButton
[23:03:47] Button hook complete — hooked 0 button(s)
[23:03:48] HookButtons: scanning 314 behaviours (incl. inactive)
[23:03:48]   MapSelectButtonEvent: WorldWideChoice on WorldWideButton
[23:03:48]   MapSelectButtonEvent: WorldWideBack on WorldWideBackButton
[23:03:48]   MapSelectButtonEvent: WWMaxNumSub on WWMaxNumSubButton
[23:03:48]   MapSelectButtonEvent: LocalBack on LocalBackButton
[23:03:48]   MapSelectButtonEvent: WWMaxNumAdd on WWMaxNumAddButton
[23:03:48]   MapSelectButtonEvent: LWFMapPre on LWFMapPreButton
[23:03:48]   MapSelectButtonEvent: WWCreate on WWRoomCreateButton
[23:03:48]   MapSelectButtonEvent: WWQuickStart on WWQuickStartButton
[23:03:48]   MapSelectButtonEvent: WWRoomCreateBack on WWRoomCreateBackButton
[23:03:48]   MapSelectButtonEvent: ChoiceBack on ChoiceBackButton
[23:03:48]   MapSelectButtonEvent: Nil on WWMapNextButton
[23:03:48]   MapSelectButtonEvent: Nil on WWMapPreButton
[23:03:48]   MapSelectButtonEvent: LWFStart on LWFStartButton
[23:03:48]   MapSelectButtonEvent: LocalChoice on LocalButton
[23:03:48]   MapSelectButtonEvent: LWFMapNext on LWFMapNextButton
[23:03:48]   MapSelectButtonEvent: WWStart on WWRoomStartButton
[23:03:48] Button hook complete — hooked 0 button(s)
[23:03:48] OnJoinedRoom: mCurWWMapSelect=FreeRun12_1
[23:03:48] OnJoinedRoom: mCurWWMapSelect=FreeRun12_1
[23:03:48] HookButtons: scanning 314 behaviours (incl. inactive)
[23:03:48]   MapSelectButtonEvent: WorldWideChoice on WorldWideButton
[23:03:48]   MapSelectButtonEvent: WorldWideBack on WorldWideBackButton
[23:03:48]   MapSelectButtonEvent: WWMaxNumSub on WWMaxNumSubButton
[23:03:48]   MapSelectButtonEvent: LocalBack on LocalBackButton
[23:03:48]   MapSelectButtonEvent: WWMaxNumAdd on WWMaxNumAddButton
[23:03:48]   MapSelectButtonEvent: LWFMapPre on LWFMapPreButton
[23:03:48]   MapSelectButtonEvent: WWCreate on WWRoomCreateButton
[23:03:48]   MapSelectButtonEvent: WWQuickStart on WWQuickStartButton
[23:03:48]   MapSelectButtonEvent: WWRoomCreateBack on WWRoomCreateBackButton
[23:03:48]   MapSelectButtonEvent: ChoiceBack on ChoiceBackButton
[23:03:48]   MapSelectButtonEvent: Nil on WWMapNextButton
[23:03:48]   MapSelectButtonEvent: Nil on WWMapPreButton
[23:03:48]   MapSelectButtonEvent: LWFStart on LWFStartButton
[23:03:48]   MapSelectButtonEvent: LocalChoice on LocalButton
[23:03:48]   MapSelectButtonEvent: LWFMapNext on LWFMapNextButton
[23:03:48]   MapSelectButtonEvent: WWStart on WWRoomStartButton
[23:03:48] Button hook complete — hooked 0 button(s)
[23:03:48] OnLevelWasLoaded: scene=FreeRun12_1 level=25
[23:03:48] Scene 'FreeRun12_1' is not a connect scene and not MainMenu — leaving connection untouched
[23:03:48] OnLevelWasLoaded: scene=FreeRun12_1 level=25
[23:03:48] Scene 'FreeRun12_1' is not a connect scene and not MainMenu — leaving connection untouched
[23:04:54] OnDestroy — MonoBehaviour destroyed
[23:04:54] OnDestroy — MonoBehaviour destroyed
[23:09:41] === IPRedirectMod Load() ===
[23:09:41] Creating redirect MonoBehaviour for IP: play.jacqueb.me
[23:09:41] CustomMaps mod initialized
[23:09:41] LoadExternalMods: loading CNRSettingsMod.dll
[23:09:41] Start() — scene=MainMenu
[23:09:43] OnLevelWasLoaded: scene=MultiplayerSelect level=5
[23:09:43] Entered connect scene — starting LAN connection
[23:09:43]   ServerAddress = play.jacqueb.me
[23:09:43]   ServerPort = 5055
[23:09:43]   AppID = CNRLan
[23:09:43]   HostType = SelfHosted
[23:09:43] Override applied → play.jacqueb.me:5055  AppID=CNRLan
[23:09:43] Disconnect() called
[23:09:43] Photon disconnected, swapping to TCP then reconnecting
[23:09:43] SwapToTcp: current peerBase is EnetPeer
[23:09:43] SwapToTcp: usedProtocol = Tcp
[23:09:43] SwapToTcp: Listener set via property setter = NetworkingPeer
[23:09:43] SwapToTcp: peerBase swapped to TPeer - client will connect via TCP
[23:09:43] requestSecurity = false → will use direct OpAuthenticate (no DH)
[23:09:43] About to call ConnectUsingSettings...
[23:09:43] ConnectUsingSettings() returned OK → connecting to play.jacqueb.me:5055
[23:09:43] Monitoring connection state (30s timeout)...
[23:09:43] connState=1  detailState=2  (0.0s elapsed)  runInBg=True
[23:09:43] [heartbeat] connState=1  detailState=2  (0.0s elapsed)  runInBg=True  dt=0.0332
[23:09:43] CustomMaps Update: mCurWWSubScene=RoomChoice
[23:09:43] connState=2  detailState=3  (0.6s elapsed)  runInBg=True
[23:09:44] connState=2  detailState=5  (1.0s elapsed)  runInBg=True
[23:09:44] connState=2  detailState=6  (1.1s elapsed)  runInBg=True
[23:09:44] Connected to lobby! detailState=6 after 1.1s
[23:09:44] [Update tick 1] deltaTime=0.0332 unscaled=0.0332 realTime=3.1 timescale=1.00
[23:09:45] CustomMaps Update: mCurWWSubScene=RoomCreate
[23:09:45] HookButtons: scanning 308 behaviours (incl. inactive)
[23:09:45]   MapSelectButtonEvent: WorldWideChoice on WorldWideButton
[23:09:45]   MapSelectButtonEvent: WorldWideBack on WorldWideBackButton
[23:09:45]   MapSelectButtonEvent: WWMaxNumSub on WWMaxNumSubButton
[23:09:45]   MapSelectButtonEvent: LocalBack on LocalBackButton
[23:09:45]   MapSelectButtonEvent: WWMaxNumAdd on WWMaxNumAddButton
[23:09:45]   MapSelectButtonEvent: LWFMapPre on LWFMapPreButton
[23:09:45]   MapSelectButtonEvent: WWCreate on WWRoomCreateButton
[23:09:45]   MapSelectButtonEvent: WWQuickStart on WWQuickStartButton
[23:09:45]   MapSelectButtonEvent: WWRoomCreateBack on WWRoomCreateBackButton
[23:09:45]   MapSelectButtonEvent: ChoiceBack on ChoiceBackButton
[23:09:45]   MapSelectButtonEvent: WWMapNext on WWMapNextButton
[23:09:45]   -> HOOKED as Next
[23:09:45]   MapSelectButtonEvent: WWMapPre on WWMapPreButton
[23:09:45]   -> HOOKED as Pre
[23:09:45]   MapSelectButtonEvent: LWFStart on LWFStartButton
[23:09:45]   MapSelectButtonEvent: LocalChoice on LocalButton
[23:09:45]   MapSelectButtonEvent: LWFMapNext on LWFMapNextButton
[23:09:45]   MapSelectButtonEvent: WWStart on WWRoomStartButton
[23:09:45] Button hook complete — hooked 2 button(s)
[23:09:47] Map changed to: FreeRun15_1 (loads: FreeRun8_1)
[23:09:47] [Update tick 2] deltaTime=0.0332 unscaled=0.0332 realTime=6.1 timescale=1.00
[23:09:49] === IPRedirectMod Load() ===
[23:09:49] Creating redirect MonoBehaviour for IP: play.jacqueb.me
[23:09:49] CustomMaps mod initialized
[23:09:49] LoadExternalMods: loading CNRSettingsMod.dll
[23:09:49] Start() — scene=MultiplayerSelect
[23:09:49] CustomMaps Update: mCurWWSubScene=RoomCreate
[23:09:49] HookButtons: scanning 312 behaviours (incl. inactive)
[23:09:49]   MapSelectButtonEvent: WorldWideChoice on WorldWideButton
[23:09:49]   MapSelectButtonEvent: WorldWideBack on WorldWideBackButton
[23:09:49]   MapSelectButtonEvent: WWMaxNumSub on WWMaxNumSubButton
[23:09:49]   MapSelectButtonEvent: LocalBack on LocalBackButton
[23:09:49]   MapSelectButtonEvent: WWMaxNumAdd on WWMaxNumAddButton
[23:09:49]   MapSelectButtonEvent: LWFMapPre on LWFMapPreButton
[23:09:49]   MapSelectButtonEvent: WWCreate on WWRoomCreateButton
[23:09:49]   MapSelectButtonEvent: WWQuickStart on WWQuickStartButton
[23:09:49]   MapSelectButtonEvent: WWRoomCreateBack on WWRoomCreateBackButton
[23:09:49]   MapSelectButtonEvent: ChoiceBack on ChoiceBackButton
[23:09:49]   MapSelectButtonEvent: Nil on WWMapNextButton
[23:09:49]   MapSelectButtonEvent: Nil on WWMapPreButton
[23:09:49]   MapSelectButtonEvent: LWFStart on LWFStartButton
[23:09:49]   MapSelectButtonEvent: LocalChoice on LocalButton
[23:09:49]   MapSelectButtonEvent: LWFMapNext on LWFMapNextButton
[23:09:49]   MapSelectButtonEvent: WWStart on WWRoomStartButton
[23:09:49] Button hook complete — hooked 0 button(s)
[23:09:49] HookButtons: scanning 312 behaviours (incl. inactive)
[23:09:49]   MapSelectButtonEvent: WorldWideChoice on WorldWideButton
[23:09:49]   MapSelectButtonEvent: WorldWideBack on WorldWideBackButton
[23:09:49]   MapSelectButtonEvent: WWMaxNumSub on WWMaxNumSubButton
[23:09:49]   MapSelectButtonEvent: LocalBack on LocalBackButton
[23:09:49]   MapSelectButtonEvent: WWMaxNumAdd on WWMaxNumAddButton
[23:09:49]   MapSelectButtonEvent: LWFMapPre on LWFMapPreButton
[23:09:49]   MapSelectButtonEvent: WWCreate on WWRoomCreateButton
[23:09:49]   MapSelectButtonEvent: WWQuickStart on WWQuickStartButton
[23:09:49]   MapSelectButtonEvent: WWRoomCreateBack on WWRoomCreateBackButton
[23:09:49]   MapSelectButtonEvent: ChoiceBack on ChoiceBackButton
[23:09:49]   MapSelectButtonEvent: Nil on WWMapNextButton
[23:09:49]   MapSelectButtonEvent: Nil on WWMapPreButton
[23:09:49]   MapSelectButtonEvent: LWFStart on LWFStartButton
[23:09:49]   MapSelectButtonEvent: LocalChoice on LocalButton
[23:09:49]   MapSelectButtonEvent: LWFMapNext on LWFMapNextButton
[23:09:49]   MapSelectButtonEvent: WWStart on WWRoomStartButton
[23:09:49] Button hook complete — hooked 0 button(s)
[23:09:49] HookButtons: scanning 312 behaviours (incl. inactive)
[23:09:49]   MapSelectButtonEvent: WorldWideChoice on WorldWideButton
[23:09:49]   MapSelectButtonEvent: WorldWideBack on WorldWideBackButton
[23:09:49]   MapSelectButtonEvent: WWMaxNumSub on WWMaxNumSubButton
[23:09:49]   MapSelectButtonEvent: LocalBack on LocalBackButton
[23:09:49]   MapSelectButtonEvent: WWMaxNumAdd on WWMaxNumAddButton
[23:09:49]   MapSelectButtonEvent: LWFMapPre on LWFMapPreButton
[23:09:49]   MapSelectButtonEvent: WWCreate on WWRoomCreateButton
[23:09:49]   MapSelectButtonEvent: WWQuickStart on WWQuickStartButton
[23:09:49]   MapSelectButtonEvent: WWRoomCreateBack on WWRoomCreateBackButton
[23:09:49]   MapSelectButtonEvent: ChoiceBack on ChoiceBackButton
[23:09:49]   MapSelectButtonEvent: Nil on WWMapNextButton
[23:09:49]   MapSelectButtonEvent: Nil on WWMapPreButton
[23:09:49]   MapSelectButtonEvent: LWFStart on LWFStartButton
[23:09:49]   MapSelectButtonEvent: LocalChoice on LocalButton
[23:09:49]   MapSelectButtonEvent: LWFMapNext on LWFMapNextButton
[23:09:49]   MapSelectButtonEvent: WWStart on WWRoomStartButton
[23:09:49] Button hook complete — hooked 0 button(s)
[23:09:50] HookButtons: scanning 312 behaviours (incl. inactive)
[23:09:50]   MapSelectButtonEvent: WorldWideChoice on WorldWideButton
[23:09:50]   MapSelectButtonEvent: WorldWideBack on WorldWideBackButton
[23:09:50]   MapSelectButtonEvent: WWMaxNumSub on WWMaxNumSubButton
[23:09:50]   MapSelectButtonEvent: LocalBack on LocalBackButton
[23:09:50]   MapSelectButtonEvent: WWMaxNumAdd on WWMaxNumAddButton
[23:09:50]   MapSelectButtonEvent: LWFMapPre on LWFMapPreButton
[23:09:50]   MapSelectButtonEvent: WWCreate on WWRoomCreateButton
[23:09:50]   MapSelectButtonEvent: WWQuickStart on WWQuickStartButton
[23:09:50]   MapSelectButtonEvent: WWRoomCreateBack on WWRoomCreateBackButton
[23:09:50]   MapSelectButtonEvent: ChoiceBack on ChoiceBackButton
[23:09:50]   MapSelectButtonEvent: Nil on WWMapNextButton
[23:09:50]   MapSelectButtonEvent: Nil on WWMapPreButton
[23:09:50]   MapSelectButtonEvent: LWFStart on LWFStartButton
[23:09:50]   MapSelectButtonEvent: LocalChoice on LocalButton
[23:09:50]   MapSelectButtonEvent: LWFMapNext on LWFMapNextButton
[23:09:50]   MapSelectButtonEvent: WWStart on WWRoomStartButton
[23:09:50] Button hook complete — hooked 0 button(s)
[23:09:50] HookButtons: scanning 312 behaviours (incl. inactive)
[23:09:50]   MapSelectButtonEvent: WorldWideChoice on WorldWideButton
[23:09:50]   MapSelectButtonEvent: WorldWideBack on WorldWideBackButton
[23:09:50]   MapSelectButtonEvent: WWMaxNumSub on WWMaxNumSubButton
[23:09:50]   MapSelectButtonEvent: LocalBack on LocalBackButton
[23:09:50]   MapSelectButtonEvent: WWMaxNumAdd on WWMaxNumAddButton
[23:09:50]   MapSelectButtonEvent: LWFMapPre on LWFMapPreButton
[23:09:50]   MapSelectButtonEvent: WWCreate on WWRoomCreateButton
[23:09:50]   MapSelectButtonEvent: WWQuickStart on WWQuickStartButton
[23:09:50]   MapSelectButtonEvent: WWRoomCreateBack on WWRoomCreateBackButton
[23:09:50]   MapSelectButtonEvent: ChoiceBack on ChoiceBackButton
[23:09:50]   MapSelectButtonEvent: Nil on WWMapNextButton
[23:09:50]   MapSelectButtonEvent: Nil on WWMapPreButton
[23:09:50]   MapSelectButtonEvent: LWFStart on LWFStartButton
[23:09:50]   MapSelectButtonEvent: LocalChoice on LocalButton
[23:09:50]   MapSelectButtonEvent: LWFMapNext on LWFMapNextButton
[23:09:50]   MapSelectButtonEvent: WWStart on WWRoomStartButton
[23:09:50] Button hook complete — hooked 0 button(s)
[23:09:50] HookButtons: scanning 312 behaviours (incl. inactive)
[23:09:50]   MapSelectButtonEvent: WorldWideChoice on WorldWideButton
[23:09:50]   MapSelectButtonEvent: WorldWideBack on WorldWideBackButton
[23:09:50]   MapSelectButtonEvent: WWMaxNumSub on WWMaxNumSubButton
[23:09:50]   MapSelectButtonEvent: LocalBack on LocalBackButton
[23:09:50]   MapSelectButtonEvent: WWMaxNumAdd on WWMaxNumAddButton
[23:09:50]   MapSelectButtonEvent: LWFMapPre on LWFMapPreButton
[23:09:50]   MapSelectButtonEvent: WWCreate on WWRoomCreateButton
[23:09:50]   MapSelectButtonEvent: WWQuickStart on WWQuickStartButton
[23:09:50]   MapSelectButtonEvent: WWRoomCreateBack on WWRoomCreateBackButton
[23:09:50]   MapSelectButtonEvent: ChoiceBack on ChoiceBackButton
[23:09:50]   MapSelectButtonEvent: Nil on WWMapNextButton
[23:09:50]   MapSelectButtonEvent: Nil on WWMapPreButton
[23:09:50]   MapSelectButtonEvent: LWFStart on LWFStartButton
[23:09:50]   MapSelectButtonEvent: LocalChoice on LocalButton
[23:09:50]   MapSelectButtonEvent: LWFMapNext on LWFMapNextButton
[23:09:50]   MapSelectButtonEvent: WWStart on WWRoomStartButton
[23:09:50] Button hook complete — hooked 0 button(s)
[23:09:50] HookButtons: scanning 312 behaviours (incl. inactive)
[23:09:50]   MapSelectButtonEvent: WorldWideChoice on WorldWideButton
[23:09:50]   MapSelectButtonEvent: WorldWideBack on WorldWideBackButton
[23:09:50]   MapSelectButtonEvent: WWMaxNumSub on WWMaxNumSubButton
[23:09:50]   MapSelectButtonEvent: LocalBack on LocalBackButton
[23:09:50]   MapSelectButtonEvent: WWMaxNumAdd on WWMaxNumAddButton
[23:09:50]   MapSelectButtonEvent: LWFMapPre on LWFMapPreButton
[23:09:50]   MapSelectButtonEvent: WWCreate on WWRoomCreateButton
[23:09:50]   MapSelectButtonEvent: WWQuickStart on WWQuickStartButton
[23:09:50]   MapSelectButtonEvent: WWRoomCreateBack on WWRoomCreateBackButton
[23:09:50]   MapSelectButtonEvent: ChoiceBack on ChoiceBackButton
[23:09:50]   MapSelectButtonEvent: Nil on WWMapNextButton
[23:09:50]   MapSelectButtonEvent: Nil on WWMapPreButton
[23:09:50]   MapSelectButtonEvent: LWFStart on LWFStartButton
[23:09:50]   MapSelectButtonEvent: LocalChoice on LocalButton
[23:09:50]   MapSelectButtonEvent: LWFMapNext on LWFMapNextButton
[23:09:50]   MapSelectButtonEvent: WWStart on WWRoomStartButton
[23:09:50] Button hook complete — hooked 0 button(s)
[23:09:50] OnJoinedRoom: mCurWWMapSelect=FreeRun8_1
[23:09:50] OnJoinedRoom: mCurWWMapSelect=FreeRun8_1
[23:09:51] OnLevelWasLoaded: scene=FreeRun8_1 level=19
[23:09:51] Scene 'FreeRun8_1' is not a connect scene and not MainMenu — leaving connection untouched
[23:09:51] OnLevelWasLoaded: scene=FreeRun8_1 level=19
[23:09:51] Scene 'FreeRun8_1' is not a connect scene and not MainMenu — leaving connection untouched
[23:09:51] [Update tick 3] deltaTime=0.0327 unscaled=0.0327 realTime=9.6 timescale=1.00
[23:09:51] HookButtons: scanning 740 behaviours (incl. inactive)
[23:09:51] Button hook complete — hooked 0 button(s)
[23:09:52] [Update tick 1] deltaTime=0.0169 unscaled=0.0169 realTime=10.7 timescale=1.00
[23:09:54] [Update tick 4] deltaTime=0.0332 unscaled=0.0332 realTime=12.6 timescale=1.00
[23:09:55] [Update tick 2] deltaTime=0.0332 unscaled=0.0332 realTime=13.7 timescale=1.00
[23:09:57] [Update tick 5] deltaTime=0.0332 unscaled=0.0332 realTime=15.6 timescale=1.00
[23:09:58] [Update tick 3] deltaTime=0.0332 unscaled=0.0332 realTime=16.7 timescale=1.00
[23:10:01] [Update tick 4] deltaTime=0.0332 unscaled=0.0332 realTime=19.8 timescale=1.00
[23:10:04] [Update tick 5] deltaTime=0.0332 unscaled=0.0332 realTime=22.8 timescale=1.00
[23:19:22] OnDestroy — MonoBehaviour destroyed
[23:19:22] OnDestroy — MonoBehaviour destroyed
[23:19:25] === IPRedirectMod Load() ===
[23:19:25] Creating redirect MonoBehaviour for IP: play.jacqueb.me
[23:19:25] CustomMaps mod initialized
[23:19:25] LoadExternalMods: loading CNRSettingsMod.dll
[23:19:25] Start() — scene=MainMenu
[23:19:27] OnLevelWasLoaded: scene=MultiplayerSelect level=5
[23:19:27] Entered connect scene — starting LAN connection
[23:19:27]   ServerAddress = play.jacqueb.me
[23:19:27]   ServerPort = 5055
[23:19:27]   AppID = CNRLan
[23:19:27]   HostType = SelfHosted
[23:19:27] Override applied → play.jacqueb.me:5055  AppID=CNRLan
[23:19:27] Disconnect() called
[23:19:27] Photon disconnected, swapping to TCP then reconnecting
[23:19:27] SwapToTcp: current peerBase is EnetPeer
[23:19:27] SwapToTcp: usedProtocol = Tcp
[23:19:27] SwapToTcp: Listener set via property setter = NetworkingPeer
[23:19:27] SwapToTcp: peerBase swapped to TPeer - client will connect via TCP
[23:19:27] requestSecurity = false → will use direct OpAuthenticate (no DH)
[23:19:27] About to call ConnectUsingSettings...
[23:19:27] ConnectUsingSettings() returned OK → connecting to play.jacqueb.me:5055
[23:19:27] Monitoring connection state (30s timeout)...
[23:19:27] connState=1  detailState=2  (0.0s elapsed)  runInBg=True
[23:19:27] [heartbeat] connState=1  detailState=2  (0.0s elapsed)  runInBg=True  dt=0.0332
[23:19:27] CustomMaps Update: mCurWWSubScene=RoomChoice
[23:19:27] connState=2  detailState=3  (0.7s elapsed)  runInBg=True
[23:19:27] connState=2  detailState=5  (1.0s elapsed)  runInBg=True
[23:19:28] connState=2  detailState=6  (1.2s elapsed)  runInBg=True
[23:19:28] Connected to lobby! detailState=6 after 1.2s
[23:19:28] [Update tick 1] deltaTime=0.0332 unscaled=0.0332 realTime=3.1 timescale=1.00
[23:19:29] CustomMaps Update: mCurWWSubScene=RoomCreate
[23:19:29] HookButtons: scanning 308 behaviours (incl. inactive)
[23:19:29]   MapSelectButtonEvent: WorldWideChoice on WorldWideButton
[23:19:29]   MapSelectButtonEvent: WorldWideBack on WorldWideBackButton
[23:19:29]   MapSelectButtonEvent: WWMaxNumSub on WWMaxNumSubButton
[23:19:29]   MapSelectButtonEvent: LocalBack on LocalBackButton
[23:19:29]   MapSelectButtonEvent: WWMaxNumAdd on WWMaxNumAddButton
[23:19:29]   MapSelectButtonEvent: LWFMapPre on LWFMapPreButton
[23:19:29]   MapSelectButtonEvent: WWCreate on WWRoomCreateButton
[23:19:29]   MapSelectButtonEvent: WWQuickStart on WWQuickStartButton
[23:19:29]   MapSelectButtonEvent: WWRoomCreateBack on WWRoomCreateBackButton
[23:19:29]   MapSelectButtonEvent: ChoiceBack on ChoiceBackButton
[23:19:29]   MapSelectButtonEvent: WWMapNext on WWMapNextButton
[23:19:29]   -> HOOKED as Next
[23:19:29]   MapSelectButtonEvent: WWMapPre on WWMapPreButton
[23:19:29]   -> HOOKED as Pre
[23:19:29]   MapSelectButtonEvent: LWFStart on LWFStartButton
[23:19:29]   MapSelectButtonEvent: LocalChoice on LocalButton
[23:19:29]   MapSelectButtonEvent: LWFMapNext on LWFMapNextButton
[23:19:29]   MapSelectButtonEvent: WWStart on WWRoomStartButton
[23:19:29] Button hook complete — hooked 2 button(s)
[23:19:31] Map changed to: FreeRun15_1 (loads: FreeRun8_1)
[23:19:31] [Update tick 2] deltaTime=0.0332 unscaled=0.0332 realTime=6.1 timescale=1.00
[23:19:31] Map changed to: FreeRun14_1 (loads: FreeRun5_1)
[23:19:32] Map changed to: FreeRun13_1 (loads: FreeRun3_1)
[23:19:33] === IPRedirectMod Load() ===
[23:19:33] Creating redirect MonoBehaviour for IP: play.jacqueb.me
[23:19:33] CustomMaps mod initialized
[23:19:33] LoadExternalMods: loading CNRSettingsMod.dll
[23:19:33] Start() — scene=MultiplayerSelect
[23:19:33] CustomMaps Update: mCurWWSubScene=RoomCreate
[23:19:33] HookButtons: scanning 312 behaviours (incl. inactive)
[23:19:33]   MapSelectButtonEvent: WorldWideChoice on WorldWideButton
[23:19:33]   MapSelectButtonEvent: WorldWideBack on WorldWideBackButton
[23:19:33]   MapSelectButtonEvent: WWMaxNumSub on WWMaxNumSubButton
[23:19:33]   MapSelectButtonEvent: LocalBack on LocalBackButton
[23:19:33]   MapSelectButtonEvent: WWMaxNumAdd on WWMaxNumAddButton
[23:19:33]   MapSelectButtonEvent: LWFMapPre on LWFMapPreButton
[23:19:33]   MapSelectButtonEvent: WWCreate on WWRoomCreateButton
[23:19:33]   MapSelectButtonEvent: WWQuickStart on WWQuickStartButton
[23:19:33]   MapSelectButtonEvent: WWRoomCreateBack on WWRoomCreateBackButton
[23:19:33]   MapSelectButtonEvent: ChoiceBack on ChoiceBackButton
[23:19:33]   MapSelectButtonEvent: Nil on WWMapNextButton
[23:19:33]   MapSelectButtonEvent: Nil on WWMapPreButton
[23:19:33]   MapSelectButtonEvent: LWFStart on LWFStartButton
[23:19:33]   MapSelectButtonEvent: LocalChoice on LocalButton
[23:19:33]   MapSelectButtonEvent: LWFMapNext on LWFMapNextButton
[23:19:33]   MapSelectButtonEvent: WWStart on WWRoomStartButton
[23:19:33] Button hook complete — hooked 0 button(s)
[23:19:33] HookButtons: scanning 312 behaviours (incl. inactive)
[23:19:33]   MapSelectButtonEvent: WorldWideChoice on WorldWideButton
[23:19:33]   MapSelectButtonEvent: WorldWideBack on WorldWideBackButton
[23:19:33]   MapSelectButtonEvent: WWMaxNumSub on WWMaxNumSubButton
[23:19:33]   MapSelectButtonEvent: LocalBack on LocalBackButton
[23:19:33]   MapSelectButtonEvent: WWMaxNumAdd on WWMaxNumAddButton
[23:19:33]   MapSelectButtonEvent: LWFMapPre on LWFMapPreButton
[23:19:33]   MapSelectButtonEvent: WWCreate on WWRoomCreateButton
[23:19:33]   MapSelectButtonEvent: WWQuickStart on WWQuickStartButton
[23:19:33]   MapSelectButtonEvent: WWRoomCreateBack on WWRoomCreateBackButton
[23:19:33]   MapSelectButtonEvent: ChoiceBack on ChoiceBackButton
[23:19:33]   MapSelectButtonEvent: Nil on WWMapNextButton
[23:19:33]   MapSelectButtonEvent: Nil on WWMapPreButton
[23:19:33]   MapSelectButtonEvent: LWFStart on LWFStartButton
[23:19:33]   MapSelectButtonEvent: LocalChoice on LocalButton
[23:19:33]   MapSelectButtonEvent: LWFMapNext on LWFMapNextButton
[23:19:33]   MapSelectButtonEvent: WWStart on WWRoomStartButton
[23:19:33] Button hook complete — hooked 0 button(s)
[23:19:33] HookButtons: scanning 312 behaviours (incl. inactive)
[23:19:33]   MapSelectButtonEvent: WorldWideChoice on WorldWideButton
[23:19:33]   MapSelectButtonEvent: WorldWideBack on WorldWideBackButton
[23:19:33]   MapSelectButtonEvent: WWMaxNumSub on WWMaxNumSubButton
[23:19:33]   MapSelectButtonEvent: LocalBack on LocalBackButton
[23:19:33]   MapSelectButtonEvent: WWMaxNumAdd on WWMaxNumAddButton
[23:19:33]   MapSelectButtonEvent: LWFMapPre on LWFMapPreButton
[23:19:33]   MapSelectButtonEvent: WWCreate on WWRoomCreateButton
[23:19:33]   MapSelectButtonEvent: WWQuickStart on WWQuickStartButton
[23:19:33]   MapSelectButtonEvent: WWRoomCreateBack on WWRoomCreateBackButton
[23:19:33]   MapSelectButtonEvent: ChoiceBack on ChoiceBackButton
[23:19:33]   MapSelectButtonEvent: Nil on WWMapNextButton
[23:19:33]   MapSelectButtonEvent: Nil on WWMapPreButton
[23:19:33]   MapSelectButtonEvent: LWFStart on LWFStartButton
[23:19:33]   MapSelectButtonEvent: LocalChoice on LocalButton
[23:19:33]   MapSelectButtonEvent: LWFMapNext on LWFMapNextButton
[23:19:33]   MapSelectButtonEvent: WWStart on WWRoomStartButton
[23:19:33] Button hook complete — hooked 0 button(s)
[23:19:34] HookButtons: scanning 312 behaviours (incl. inactive)
[23:19:34]   MapSelectButtonEvent: WorldWideChoice on WorldWideButton
[23:19:34]   MapSelectButtonEvent: WorldWideBack on WorldWideBackButton
[23:19:34]   MapSelectButtonEvent: WWMaxNumSub on WWMaxNumSubButton
[23:19:34]   MapSelectButtonEvent: LocalBack on LocalBackButton
[23:19:34]   MapSelectButtonEvent: WWMaxNumAdd on WWMaxNumAddButton
[23:19:34]   MapSelectButtonEvent: LWFMapPre on LWFMapPreButton
[23:19:34]   MapSelectButtonEvent: WWCreate on WWRoomCreateButton
[23:19:34]   MapSelectButtonEvent: WWQuickStart on WWQuickStartButton
[23:19:34]   MapSelectButtonEvent: WWRoomCreateBack on WWRoomCreateBackButton
[23:19:34]   MapSelectButtonEvent: ChoiceBack on ChoiceBackButton
[23:19:34]   MapSelectButtonEvent: Nil on WWMapNextButton
[23:19:34]   MapSelectButtonEvent: Nil on WWMapPreButton
[23:19:34]   MapSelectButtonEvent: LWFStart on LWFStartButton
[23:19:34]   MapSelectButtonEvent: LocalChoice on LocalButton
[23:19:34]   MapSelectButtonEvent: LWFMapNext on LWFMapNextButton
[23:19:34]   MapSelectButtonEvent: WWStart on WWRoomStartButton
[23:19:34] Button hook complete — hooked 0 button(s)
[23:19:34] HookButtons: scanning 312 behaviours (incl. inactive)
[23:19:34]   MapSelectButtonEvent: WorldWideChoice on WorldWideButton
[23:19:34]   MapSelectButtonEvent: WorldWideBack on WorldWideBackButton
[23:19:34]   MapSelectButtonEvent: WWMaxNumSub on WWMaxNumSubButton
[23:19:34]   MapSelectButtonEvent: LocalBack on LocalBackButton
[23:19:34]   MapSelectButtonEvent: WWMaxNumAdd on WWMaxNumAddButton
[23:19:34]   MapSelectButtonEvent: LWFMapPre on LWFMapPreButton
[23:19:34]   MapSelectButtonEvent: WWCreate on WWRoomCreateButton
[23:19:34]   MapSelectButtonEvent: WWQuickStart on WWQuickStartButton
[23:19:34]   MapSelectButtonEvent: WWRoomCreateBack on WWRoomCreateBackButton
[23:19:34]   MapSelectButtonEvent: ChoiceBack on ChoiceBackButton
[23:19:34]   MapSelectButtonEvent: Nil on WWMapNextButton
[23:19:34]   MapSelectButtonEvent: Nil on WWMapPreButton
[23:19:34]   MapSelectButtonEvent: LWFStart on LWFStartButton
[23:19:34]   MapSelectButtonEvent: LocalChoice on LocalButton
[23:19:34]   MapSelectButtonEvent: LWFMapNext on LWFMapNextButton
[23:19:34]   MapSelectButtonEvent: WWStart on WWRoomStartButton
[23:19:34] Button hook complete — hooked 0 button(s)
[23:19:34] HookButtons: scanning 312 behaviours (incl. inactive)
[23:19:34]   MapSelectButtonEvent: WorldWideChoice on WorldWideButton
[23:19:34]   MapSelectButtonEvent: WorldWideBack on WorldWideBackButton
[23:19:34]   MapSelectButtonEvent: WWMaxNumSub on WWMaxNumSubButton
[23:19:34]   MapSelectButtonEvent: LocalBack on LocalBackButton
[23:19:34]   MapSelectButtonEvent: WWMaxNumAdd on WWMaxNumAddButton
[23:19:34]   MapSelectButtonEvent: LWFMapPre on LWFMapPreButton
[23:19:34]   MapSelectButtonEvent: WWCreate on WWRoomCreateButton
[23:19:34]   MapSelectButtonEvent: WWQuickStart on WWQuickStartButton
[23:19:34]   MapSelectButtonEvent: WWRoomCreateBack on WWRoomCreateBackButton
[23:19:34]   MapSelectButtonEvent: ChoiceBack on ChoiceBackButton
[23:19:34]   MapSelectButtonEvent: Nil on WWMapNextButton
[23:19:34]   MapSelectButtonEvent: Nil on WWMapPreButton
[23:19:34]   MapSelectButtonEvent: LWFStart on LWFStartButton
[23:19:34]   MapSelectButtonEvent: LocalChoice on LocalButton
[23:19:34]   MapSelectButtonEvent: LWFMapNext on LWFMapNextButton
[23:19:34]   MapSelectButtonEvent: WWStart on WWRoomStartButton
[23:19:34] Button hook complete — hooked 0 button(s)
[23:19:34] [Update tick 3] deltaTime=0.0332 unscaled=0.0332 realTime=9.1 timescale=1.00
[23:19:34] HookButtons: scanning 312 behaviours (incl. inactive)
[23:19:34]   MapSelectButtonEvent: WorldWideChoice on WorldWideButton
[23:19:34]   MapSelectButtonEvent: WorldWideBack on WorldWideBackButton
[23:19:34]   MapSelectButtonEvent: WWMaxNumSub on WWMaxNumSubButton
[23:19:34]   MapSelectButtonEvent: LocalBack on LocalBackButton
[23:19:34]   MapSelectButtonEvent: WWMaxNumAdd on WWMaxNumAddButton
[23:19:34]   MapSelectButtonEvent: LWFMapPre on LWFMapPreButton
[23:19:34]   MapSelectButtonEvent: WWCreate on WWRoomCreateButton
[23:19:34]   MapSelectButtonEvent: WWQuickStart on WWQuickStartButton
[23:19:34]   MapSelectButtonEvent: WWRoomCreateBack on WWRoomCreateBackButton
[23:19:34]   MapSelectButtonEvent: ChoiceBack on ChoiceBackButton
[23:19:34]   MapSelectButtonEvent: Nil on WWMapNextButton
[23:19:34]   MapSelectButtonEvent: Nil on WWMapPreButton
[23:19:34]   MapSelectButtonEvent: LWFStart on LWFStartButton
[23:19:34]   MapSelectButtonEvent: LocalChoice on LocalButton
[23:19:34]   MapSelectButtonEvent: LWFMapNext on LWFMapNextButton
[23:19:34]   MapSelectButtonEvent: WWStart on WWRoomStartButton
[23:19:34] Button hook complete — hooked 0 button(s)
[23:19:34] OnJoinedRoom: mCurWWMapSelect=FreeRun3_1
[23:19:34] OnJoinedRoom: mCurWWMapSelect=FreeRun3_1
[23:19:35] OnLevelWasLoaded: scene=FreeRun3_1 level=1
[23:19:35] Scene 'FreeRun3_1' is not a connect scene and not MainMenu — leaving connection untouched
[23:19:35] OnLevelWasLoaded: scene=FreeRun3_1 level=1
[23:19:35] Scene 'FreeRun3_1' is not a connect scene and not MainMenu — leaving connection untouched
[23:19:35] HookButtons: scanning 724 behaviours (incl. inactive)
[23:19:35] Button hook complete — hooked 0 button(s)
[23:19:36] [Update tick 1] deltaTime=0.0332 unscaled=0.0332 realTime=11.1 timescale=1.00
[23:19:37] [Update tick 4] deltaTime=0.0332 unscaled=0.0332 realTime=12.1 timescale=1.00
[23:19:39] [Update tick 2] deltaTime=0.0332 unscaled=0.0332 realTime=14.1 timescale=1.00
[23:19:40] [Update tick 5] deltaTime=0.0332 unscaled=0.0332 realTime=15.1 timescale=1.00
[23:19:42] [Update tick 3] deltaTime=0.0332 unscaled=0.0332 realTime=17.1 timescale=1.00
[23:19:45] [Update tick 4] deltaTime=0.0332 unscaled=0.0332 realTime=20.2 timescale=1.00
[23:19:48] [Update tick 5] deltaTime=0.0354 unscaled=0.0354 realTime=23.2 timescale=1.00
[23:24:09] OnLevelWasLoaded: scene=LoadingToMenu level=13
[23:24:09] Scene 'LoadingToMenu' is not a connect scene and not MainMenu — leaving connection untouched
[23:24:09] OnLevelWasLoaded: scene=LoadingToMenu level=13
[23:24:09] Scene 'LoadingToMenu' is not a connect scene and not MainMenu — leaving connection untouched
[23:24:11] OnLevelWasLoaded: scene=MainMenu level=0
[23:24:11] OnLevelWasLoaded: scene=MainMenu level=0
[23:24:14] OnDestroy — MonoBehaviour destroyed
[23:24:14] OnDestroy — MonoBehaviour destroyed
[23:26:42] === IPRedirectMod Load() ===
[23:26:42] Creating redirect MonoBehaviour for IP: play.jacqueb.me
[23:26:42] CustomMaps mod initialized
[23:26:42] LoadExternalMods: loading CNRSettingsMod.dll
[23:26:42] Start() — scene=MainMenu
[23:26:45] [Update tick 1] deltaTime=0.0332 unscaled=0.0332 realTime=3.0 timescale=1.00
[23:26:48] [Update tick 2] deltaTime=0.0332 unscaled=0.0332 realTime=6.1 timescale=1.00
[23:26:51] [Update tick 3] deltaTime=0.0332 unscaled=0.0332 realTime=9.1 timescale=1.00
[23:26:54] [Update tick 4] deltaTime=0.0368 unscaled=0.0368 realTime=12.1 timescale=1.00
[23:26:57] [Update tick 5] deltaTime=0.0332 unscaled=0.0332 realTime=15.1 timescale=1.00
[23:26:58] OnLevelWasLoaded: scene=MultiplayerSelect level=5
[23:26:58] Entered connect scene — starting LAN connection
[23:26:58]   ServerAddress = play.jacqueb.me
[23:26:58]   ServerPort = 5055
[23:26:58]   AppID = CNRLan
[23:26:58]   HostType = SelfHosted
[23:26:58] Override applied → play.jacqueb.me:5055  AppID=CNRLan
[23:26:58] Disconnect() called
[23:26:58] Photon disconnected, swapping to TCP then reconnecting
[23:26:58] SwapToTcp: current peerBase is EnetPeer
[23:26:58] SwapToTcp: usedProtocol = Tcp
[23:26:58] SwapToTcp: Listener set via property setter = NetworkingPeer
[23:26:58] SwapToTcp: peerBase swapped to TPeer - client will connect via TCP
[23:26:58] requestSecurity = false → will use direct OpAuthenticate (no DH)
[23:26:58] About to call ConnectUsingSettings...
[23:26:58] ConnectUsingSettings() returned OK → connecting to play.jacqueb.me:5055
[23:26:58] Monitoring connection state (30s timeout)...
[23:26:58] connState=1  detailState=2  (0.0s elapsed)  runInBg=True
[23:26:58] [heartbeat] connState=1  detailState=2  (0.0s elapsed)  runInBg=True  dt=0.0332
[23:26:58] CustomMaps Update: mCurWWSubScene=RoomChoice
[23:26:58] connState=2  detailState=3  (0.7s elapsed)  runInBg=True
[23:26:59] connState=2  detailState=5  (1.0s elapsed)  runInBg=True
[23:26:59] connState=2  detailState=6  (1.2s elapsed)  runInBg=True
[23:26:59] Connected to lobby! detailState=6 after 1.2s
[23:27:00] CustomMaps Update: mCurWWSubScene=RoomCreate
[23:27:01] HookButtons: scanning 308 behaviours (incl. inactive)
[23:27:01]   MapSelectButtonEvent: WorldWideChoice on WorldWideButton
[23:27:01]   MapSelectButtonEvent: WorldWideBack on WorldWideBackButton
[23:27:01]   MapSelectButtonEvent: WWMaxNumSub on WWMaxNumSubButton
[23:27:01]   MapSelectButtonEvent: LocalBack on LocalBackButton
[23:27:01]   MapSelectButtonEvent: WWMaxNumAdd on WWMaxNumAddButton
[23:27:01]   MapSelectButtonEvent: LWFMapPre on LWFMapPreButton
[23:27:01]   MapSelectButtonEvent: WWCreate on WWRoomCreateButton
[23:27:01]   MapSelectButtonEvent: WWQuickStart on WWQuickStartButton
[23:27:01]   MapSelectButtonEvent: WWRoomCreateBack on WWRoomCreateBackButton
[23:27:01]   MapSelectButtonEvent: ChoiceBack on ChoiceBackButton
[23:27:01]   MapSelectButtonEvent: WWMapNext on WWMapNextButton
[23:27:01]   -> HOOKED as Next
[23:27:01]   MapSelectButtonEvent: WWMapPre on WWMapPreButton
[23:27:01]   -> HOOKED as Pre
[23:27:01]   MapSelectButtonEvent: LWFStart on LWFStartButton
[23:27:01]   MapSelectButtonEvent: LocalChoice on LocalButton
[23:27:01]   MapSelectButtonEvent: LWFMapNext on LWFMapNextButton
[23:27:01]   MapSelectButtonEvent: WWStart on WWRoomStartButton
[23:27:01] Button hook complete — hooked 2 button(s)
[23:27:02] Map changed to: FreeRun15_1 (loads: FreeRun8_1)
[23:27:03] Map changed to: FreeRun14_1 (loads: FreeRun5_1)
[23:27:03] === IPRedirectMod Load() ===
[23:27:03] Creating redirect MonoBehaviour for IP: play.jacqueb.me
[23:27:03] CustomMaps mod initialized
[23:27:03] LoadExternalMods: loading CNRSettingsMod.dll
[23:27:03] Start() — scene=MultiplayerSelect
[23:27:03] CustomMaps Update: mCurWWSubScene=RoomCreate
[23:27:03] HookButtons: scanning 312 behaviours (incl. inactive)
[23:27:03]   MapSelectButtonEvent: WorldWideChoice on WorldWideButton
[23:27:03]   MapSelectButtonEvent: WorldWideBack on WorldWideBackButton
[23:27:03]   MapSelectButtonEvent: WWMaxNumSub on WWMaxNumSubButton
[23:27:03]   MapSelectButtonEvent: LocalBack on LocalBackButton
[23:27:03]   MapSelectButtonEvent: WWMaxNumAdd on WWMaxNumAddButton
[23:27:03]   MapSelectButtonEvent: LWFMapPre on LWFMapPreButton
[23:27:03]   MapSelectButtonEvent: WWCreate on WWRoomCreateButton
[23:27:03]   MapSelectButtonEvent: WWQuickStart on WWQuickStartButton
[23:27:03]   MapSelectButtonEvent: WWRoomCreateBack on WWRoomCreateBackButton
[23:27:03]   MapSelectButtonEvent: ChoiceBack on ChoiceBackButton
[23:27:03]   MapSelectButtonEvent: Nil on WWMapNextButton
[23:27:03]   MapSelectButtonEvent: Nil on WWMapPreButton
[23:27:03]   MapSelectButtonEvent: LWFStart on LWFStartButton
[23:27:03]   MapSelectButtonEvent: LocalChoice on LocalButton
[23:27:04]   MapSelectButtonEvent: LWFMapNext on LWFMapNextButton
[23:27:04]   MapSelectButtonEvent: WWStart on WWRoomStartButton
[23:27:04] Button hook complete — hooked 0 button(s)
[23:27:04] HookButtons: scanning 312 behaviours (incl. inactive)
[23:27:04]   MapSelectButtonEvent: WorldWideChoice on WorldWideButton
[23:27:04]   MapSelectButtonEvent: WorldWideBack on WorldWideBackButton
[23:27:04]   MapSelectButtonEvent: WWMaxNumSub on WWMaxNumSubButton
[23:27:04]   MapSelectButtonEvent: LocalBack on LocalBackButton
[23:27:04]   MapSelectButtonEvent: WWMaxNumAdd on WWMaxNumAddButton
[23:27:04]   MapSelectButtonEvent: LWFMapPre on LWFMapPreButton
[23:27:04]   MapSelectButtonEvent: WWCreate on WWRoomCreateButton
[23:27:04]   MapSelectButtonEvent: WWQuickStart on WWQuickStartButton
[23:27:04]   MapSelectButtonEvent: WWRoomCreateBack on WWRoomCreateBackButton
[23:27:04]   MapSelectButtonEvent: ChoiceBack on ChoiceBackButton
[23:27:04]   MapSelectButtonEvent: Nil on WWMapNextButton
[23:27:04]   MapSelectButtonEvent: Nil on WWMapPreButton
[23:27:04]   MapSelectButtonEvent: LWFStart on LWFStartButton
[23:27:04]   MapSelectButtonEvent: LocalChoice on LocalButton
[23:27:04]   MapSelectButtonEvent: LWFMapNext on LWFMapNextButton
[23:27:04]   MapSelectButtonEvent: WWStart on WWRoomStartButton
[23:27:04] Button hook complete — hooked 0 button(s)
[23:27:04] HookButtons: scanning 312 behaviours (incl. inactive)
[23:27:04]   MapSelectButtonEvent: WorldWideChoice on WorldWideButton
[23:27:04]   MapSelectButtonEvent: WorldWideBack on WorldWideBackButton
[23:27:04]   MapSelectButtonEvent: WWMaxNumSub on WWMaxNumSubButton
[23:27:04]   MapSelectButtonEvent: LocalBack on LocalBackButton
[23:27:04]   MapSelectButtonEvent: WWMaxNumAdd on WWMaxNumAddButton
[23:27:04]   MapSelectButtonEvent: LWFMapPre on LWFMapPreButton
[23:27:04]   MapSelectButtonEvent: WWCreate on WWRoomCreateButton
[23:27:04]   MapSelectButtonEvent: WWQuickStart on WWQuickStartButton
[23:27:04]   MapSelectButtonEvent: WWRoomCreateBack on WWRoomCreateBackButton
[23:27:04]   MapSelectButtonEvent: ChoiceBack on ChoiceBackButton
[23:27:04]   MapSelectButtonEvent: Nil on WWMapNextButton
[23:27:04]   MapSelectButtonEvent: Nil on WWMapPreButton
[23:27:04]   MapSelectButtonEvent: LWFStart on LWFStartButton
[23:27:04]   MapSelectButtonEvent: LocalChoice on LocalButton
[23:27:04]   MapSelectButtonEvent: LWFMapNext on LWFMapNextButton
[23:27:04]   MapSelectButtonEvent: WWStart on WWRoomStartButton
[23:27:04] Button hook complete — hooked 0 button(s)
[23:27:04] HookButtons: scanning 312 behaviours (incl. inactive)
[23:27:04]   MapSelectButtonEvent: WorldWideChoice on WorldWideButton
[23:27:04]   MapSelectButtonEvent: WorldWideBack on WorldWideBackButton
[23:27:04]   MapSelectButtonEvent: WWMaxNumSub on WWMaxNumSubButton
[23:27:04]   MapSelectButtonEvent: LocalBack on LocalBackButton
[23:27:04]   MapSelectButtonEvent: WWMaxNumAdd on WWMaxNumAddButton
[23:27:04]   MapSelectButtonEvent: LWFMapPre on LWFMapPreButton
[23:27:04]   MapSelectButtonEvent: WWCreate on WWRoomCreateButton
[23:27:04]   MapSelectButtonEvent: WWQuickStart on WWQuickStartButton
[23:27:04]   MapSelectButtonEvent: WWRoomCreateBack on WWRoomCreateBackButton
[23:27:04]   MapSelectButtonEvent: ChoiceBack on ChoiceBackButton
[23:27:04]   MapSelectButtonEvent: Nil on WWMapNextButton
[23:27:04]   MapSelectButtonEvent: Nil on WWMapPreButton
[23:27:04]   MapSelectButtonEvent: LWFStart on LWFStartButton
[23:27:04]   MapSelectButtonEvent: LocalChoice on LocalButton
[23:27:04]   MapSelectButtonEvent: LWFMapNext on LWFMapNextButton
[23:27:04]   MapSelectButtonEvent: WWStart on WWRoomStartButton
[23:27:04] Button hook complete — hooked 0 button(s)
[23:27:04] HookButtons: scanning 312 behaviours (incl. inactive)
[23:27:04]   MapSelectButtonEvent: WorldWideChoice on WorldWideButton
[23:27:04]   MapSelectButtonEvent: WorldWideBack on WorldWideBackButton
[23:27:04]   MapSelectButtonEvent: WWMaxNumSub on WWMaxNumSubButton
[23:27:04]   MapSelectButtonEvent: LocalBack on LocalBackButton
[23:27:04]   MapSelectButtonEvent: WWMaxNumAdd on WWMaxNumAddButton
[23:27:04]   MapSelectButtonEvent: LWFMapPre on LWFMapPreButton
[23:27:04]   MapSelectButtonEvent: WWCreate on WWRoomCreateButton
[23:27:04]   MapSelectButtonEvent: WWQuickStart on WWQuickStartButton
[23:27:04]   MapSelectButtonEvent: WWRoomCreateBack on WWRoomCreateBackButton
[23:27:04]   MapSelectButtonEvent: ChoiceBack on ChoiceBackButton
[23:27:04]   MapSelectButtonEvent: Nil on WWMapNextButton
[23:27:04]   MapSelectButtonEvent: Nil on WWMapPreButton
[23:27:04]   MapSelectButtonEvent: LWFStart on LWFStartButton
[23:27:04]   MapSelectButtonEvent: LocalChoice on LocalButton
[23:27:04]   MapSelectButtonEvent: LWFMapNext on LWFMapNextButton
[23:27:04]   MapSelectButtonEvent: WWStart on WWRoomStartButton
[23:27:04] Button hook complete — hooked 0 button(s)
[23:27:04] HookButtons: scanning 312 behaviours (incl. inactive)
[23:27:04]   MapSelectButtonEvent: WorldWideChoice on WorldWideButton
[23:27:04]   MapSelectButtonEvent: WorldWideBack on WorldWideBackButton
[23:27:04]   MapSelectButtonEvent: WWMaxNumSub on WWMaxNumSubButton
[23:27:04]   MapSelectButtonEvent: LocalBack on LocalBackButton
[23:27:04]   MapSelectButtonEvent: WWMaxNumAdd on WWMaxNumAddButton
[23:27:04]   MapSelectButtonEvent: LWFMapPre on LWFMapPreButton
[23:27:04]   MapSelectButtonEvent: WWCreate on WWRoomCreateButton
[23:27:04]   MapSelectButtonEvent: WWQuickStart on WWQuickStartButton
[23:27:04]   MapSelectButtonEvent: WWRoomCreateBack on WWRoomCreateBackButton
[23:27:04]   MapSelectButtonEvent: ChoiceBack on ChoiceBackButton
[23:27:04]   MapSelectButtonEvent: Nil on WWMapNextButton
[23:27:04]   MapSelectButtonEvent: Nil on WWMapPreButton
[23:27:04]   MapSelectButtonEvent: LWFStart on LWFStartButton
[23:27:04]   MapSelectButtonEvent: LocalChoice on LocalButton
[23:27:04]   MapSelectButtonEvent: LWFMapNext on LWFMapNextButton
[23:27:04]   MapSelectButtonEvent: WWStart on WWRoomStartButton
[23:27:04] Button hook complete — hooked 0 button(s)
[23:27:04] HookButtons: scanning 312 behaviours (incl. inactive)
[23:27:04]   MapSelectButtonEvent: WorldWideChoice on WorldWideButton
[23:27:04]   MapSelectButtonEvent: WorldWideBack on WorldWideBackButton
[23:27:04]   MapSelectButtonEvent: WWMaxNumSub on WWMaxNumSubButton
[23:27:04]   MapSelectButtonEvent: LocalBack on LocalBackButton
[23:27:04]   MapSelectButtonEvent: WWMaxNumAdd on WWMaxNumAddButton
[23:27:04]   MapSelectButtonEvent: LWFMapPre on LWFMapPreButton
[23:27:04]   MapSelectButtonEvent: WWCreate on WWRoomCreateButton
[23:27:04]   MapSelectButtonEvent: WWQuickStart on WWQuickStartButton
[23:27:04]   MapSelectButtonEvent: WWRoomCreateBack on WWRoomCreateBackButton
[23:27:04]   MapSelectButtonEvent: ChoiceBack on ChoiceBackButton
[23:27:04]   MapSelectButtonEvent: Nil on WWMapNextButton
[23:27:04]   MapSelectButtonEvent: Nil on WWMapPreButton
[23:27:05]   MapSelectButtonEvent: LWFStart on LWFStartButton
[23:27:05]   MapSelectButtonEvent: LocalChoice on LocalButton
[23:27:05]   MapSelectButtonEvent: LWFMapNext on LWFMapNextButton
[23:27:05]   MapSelectButtonEvent: WWStart on WWRoomStartButton
[23:27:05] Button hook complete — hooked 0 button(s)
[23:27:05] HookButtons: scanning 312 behaviours (incl. inactive)
[23:27:05]   MapSelectButtonEvent: WorldWideChoice on WorldWideButton
[23:27:05]   MapSelectButtonEvent: WorldWideBack on WorldWideBackButton
[23:27:05]   MapSelectButtonEvent: WWMaxNumSub on WWMaxNumSubButton
[23:27:05]   MapSelectButtonEvent: LocalBack on LocalBackButton
[23:27:05]   MapSelectButtonEvent: WWMaxNumAdd on WWMaxNumAddButton
[23:27:05]   MapSelectButtonEvent: LWFMapPre on LWFMapPreButton
[23:27:05]   MapSelectButtonEvent: WWCreate on WWRoomCreateButton
[23:27:05]   MapSelectButtonEvent: WWQuickStart on WWQuickStartButton
[23:27:05]   MapSelectButtonEvent: WWRoomCreateBack on WWRoomCreateBackButton
[23:27:05]   MapSelectButtonEvent: ChoiceBack on ChoiceBackButton
[23:27:05]   MapSelectButtonEvent: Nil on WWMapNextButton
[23:27:05]   MapSelectButtonEvent: Nil on WWMapPreButton
[23:27:05]   MapSelectButtonEvent: LWFStart on LWFStartButton
[23:27:05]   MapSelectButtonEvent: LocalChoice on LocalButton
[23:27:05]   MapSelectButtonEvent: LWFMapNext on LWFMapNextButton
[23:27:05]   MapSelectButtonEvent: WWStart on WWRoomStartButton
[23:27:05] Button hook complete — hooked 0 button(s)
[23:27:05] OnJoinedRoom: mCurWWMapSelect=FreeRun5_1
[23:27:05] OnJoinedRoom: mCurWWMapSelect=FreeRun5_1
[23:27:05] OnLevelWasLoaded: scene=FreeRun5_1 level=12
[23:27:05] Scene 'FreeRun5_1' is not a connect scene and not MainMenu — leaving connection untouched
[23:27:05] OnLevelWasLoaded: scene=FreeRun5_1 level=12
[23:27:05] Scene 'FreeRun5_1' is not a connect scene and not MainMenu — leaving connection untouched
[23:27:06] HookButtons: scanning 736 behaviours (incl. inactive)
[23:27:06] Button hook complete — hooked 0 button(s)
[23:27:06] [Update tick 1] deltaTime=0.0332 unscaled=0.0332 realTime=24.1 timescale=1.00
[23:27:09] [Update tick 2] deltaTime=0.0333 unscaled=0.0333 realTime=27.1 timescale=1.00
[23:27:12] [Update tick 3] deltaTime=0.0333 unscaled=0.0333 realTime=30.1 timescale=1.00
[23:27:15] [Update tick 4] deltaTime=0.0332 unscaled=0.0332 realTime=33.2 timescale=1.00
[23:27:18] [Update tick 5] deltaTime=0.0333 unscaled=0.0333 realTime=36.2 timescale=1.00
[23:33:23] OnDestroy — MonoBehaviour destroyed
[23:33:23] OnDestroy — MonoBehaviour destroyed
[21:24:40] === IPRedirectMod Load() ===
[21:24:40] Creating redirect MonoBehaviour for IP: play.jacqueb.me
[21:24:40] CustomMaps mod initialized
[21:24:40] LoadExternalMods: loading CNRModManager.dll
[21:24:40] LoadExternalMods: loading CNRSettingsMod.dll
[21:24:40] === IPRedirectMod Load() ===
[21:24:40] Creating redirect MonoBehaviour for IP: play.jacqueb.me
[21:24:40] CustomMaps mod initialized
[21:24:40] LoadExternalMods: loading CNRModManager.dll
[21:24:40] LoadExternalMods: loading CNRSettingsMod.dll
[21:24:40] Start() — scene=MainMenu
[21:24:40] Start() — scene=MainMenu
[21:24:43] [Update tick 1] deltaTime=0.0333 unscaled=0.0333 realTime=3.0 timescale=1.00
[21:24:43] [Update tick 1] deltaTime=0.0333 unscaled=0.0333 realTime=3.0 timescale=1.00
[21:24:46] [Update tick 2] deltaTime=0.0332 unscaled=0.0332 realTime=6.1 timescale=1.00
[21:24:46] [Update tick 2] deltaTime=0.0332 unscaled=0.0332 realTime=6.1 timescale=1.00
[21:24:49] [Update tick 3] deltaTime=0.0333 unscaled=0.0333 realTime=9.1 timescale=1.00
[21:24:49] [Update tick 3] deltaTime=0.0333 unscaled=0.0333 realTime=9.1 timescale=1.00
[21:24:52] [Update tick 4] deltaTime=0.0332 unscaled=0.0332 realTime=12.1 timescale=1.00
[21:24:52] [Update tick 4] deltaTime=0.0332 unscaled=0.0332 realTime=12.1 timescale=1.00
[21:24:55] [Update tick 5] deltaTime=0.0333 unscaled=0.0333 realTime=15.1 timescale=1.00
[21:24:55] [Update tick 5] deltaTime=0.0333 unscaled=0.0333 realTime=15.1 timescale=1.00
[21:25:19] OnDestroy — MonoBehaviour destroyed
[21:25:19] OnDestroy — MonoBehaviour destroyed
